available_bikes,last_update,name,position.lat,position.lng,available_bike_stands,bike_stands,status
30,03:15:24,SMITHFIELD NORTH,53.349562,-6.278198,0,30,OPEN
2,03:09:55,PARNELL SQUARE NORTH,53.3537415547453,-6.26530144781526,18,20,OPEN
13,03:12:31,CLONMEL STREET,53.336021,-6.26298,20,33,OPEN
11,03:16:31,AVONDALE ROAD,53.359405,-6.276142,24,35,OPEN
1,03:19:37,JAMES STREET EAST,53.336597,-6.248109,29,30,OPEN
0,03:12:38,MOUNT STREET LOWER,53.33796,-6.24153,40,40,OPEN
9,03:18:26,CHRISTCHURCH PLACE,53.343368,-6.27012,11,20,OPEN
15,03:18:05,GRANTHAM STREET,53.334123,-6.265436,15,30,OPEN
8,03:11:01,PEARSE STREET,53.344304,-6.250427,22,30,OPEN
9,03:11:53,YORK STREET EAST,53.338755,-6.262003,23,32,OPEN
34,03:13:48,EXCISE WALK,53.347777,-6.244239,6,40,OPEN
8,03:12:36,FITZWILLIAM SQUARE WEST,53.336074,-6.252825,22,30,OPEN
30,03:12:20,PORTOBELLO ROAD,53.330091,-6.268044,0,30,OPEN
7,03:11:17,PARNELL STREET,53.350929,-6.265125,13,20,OPEN
13,03:19:01,FREDERICK STREET SOUTH,53.341515,-6.256853,27,40,OPEN
11,03:12:12,FOWNES STREET UPPER,53.344603,-6.263371,19,30,OPEN
6,03:11:39,CLARENDON ROW,53.340927,-6.262501,24,31,OPEN
24,03:14:23,CUSTOM HOUSE,53.348279,-6.254662,6,30,OPEN
5,03:14:24,RATHDOWN ROAD,53.35893,-6.280337,35,40,OPEN
30,03:15:41,NORTH CIRCULAR ROAD (O'CONNELL'S),53.357841,-6.251557,0,30,OPEN
2,03:11:45,HANOVER QUAY,53.344115,-6.237153,38,40,OPEN
8,03:12:15,OLIVER BOND STREET,53.343893,-6.280531,22,30,OPEN
23,03:15:48,COLLINS BARRACKS MUSEUM,53.347477,-6.28525,15,38,OPEN
25,03:13:43,BROOKFIELD ROAD,53.339005,-6.300217,5,30,OPEN
3,03:19:01,BENSON STREET,53.344153,-6.233451,37,40,OPEN
11,03:18:46,EARLSFORT TERRACE,53.334295,-6.258503,19,30,OPEN
15,03:19:05,GOLDEN LANE,53.340803,-6.267732,5,20,OPEN
14,03:14:44,DEVERELL PLACE,53.351464,-6.255265,16,30,OPEN
5,03:13:36,WILTON TERRACE (PARK),53.333653,-6.248345,35,40,OPEN
4,03:11:30,JOHN STREET WEST,53.343105,-6.277167,27,31,OPEN
11,03:11:34,FENIAN STREET,53.341428,-6.24672,24,35,OPEN
1,03:10:31,MERRION SQUARE SOUTH,53.338614,-6.248606,39,40,OPEN
26,03:19:34,SOUTH DOCK ROAD,53.341833,-6.231291,4,30,OPEN
0,03:16:38,CITY QUAY,53.346637,-6.246154,30,30,OPEN
8,03:18:02,EXCHEQUER STREET,53.343034,-6.263578,16,24,OPEN
13,03:11:06,THE POINT,53.346867,-6.230852,27,40,OPEN
1,03:12:21,BROADSTONE,53.3547,-6.272314,29,30,OPEN
1,03:13:14,HATCH STREET,53.33403,-6.260714,35,36,OPEN
3,03:16:15,LIME STREET,53.346026,-6.243576,37,40,OPEN
40,03:11:44,CHARLEMONT PLACE,53.330662,-6.260177,0,40,OPEN
26,03:17:53,KILMAINHAM GAOL,53.342113,-6.310015,14,40,OPEN
4,03:12:32,HARDWICKE PLACE,53.357043,-6.263232,21,25,OPEN
3,03:15:46,WOLFE TONE STREET,53.348875,-6.267459,26,29,OPEN
6,03:18:12,FRANCIS STREET,53.342081,-6.275233,24,30,OPEN
3,03:14:58,GREEK STREET,53.346874,-6.272976,17,20,OPEN
4,03:19:16,GUILD STREET,53.347932,-6.240928,36,40,OPEN
2,03:12:54,HERBERT PLACE,53.334432,-6.245575,28,30,OPEN
4,03:19:27,HIGH STREET,53.343565,-6.275071,25,29,OPEN
30,03:14:13,NORTH CIRCULAR ROAD,53.359624,-6.260348,0,30,OPEN
3,03:10:55,WESTERN WAY,53.354929,-6.269425,37,40,OPEN
28,03:17:15,TALBOT STREET,53.350974,-6.25294,12,40,OPEN
0,03:17:40,NEWMAN HOUSE,53.337132,-6.26059,40,40,OPEN
2,03:11:31,SIR PATRICK DUN'S,53.339218,-6.240642,38,40,OPEN
8,03:14:06,NEW CENTRAL BANK,53.347122,-6.234749,32,40,OPEN
0,03:18:55,GRANGEGORMAN LOWER (CENTRAL),53.355173,-6.278424,40,40,OPEN
6,03:12:29,KING STREET NORTH,53.350291,-6.273507,24,30,OPEN
30,03:14:45,KILLARNEY STREET,53.354845,-6.247579,0,30,OPEN
2,03:17:03,HERBERT STREET,53.335742,-6.24551,38,40,OPEN
12,03:14:48,HANOVER QUAY EAST,53.343653,-6.231755,28,40,OPEN
26,03:18:03,CUSTOM HOUSE QUAY,53.347884,-6.248048,4,30,OPEN
0,03:10:19,MOLESWORTH STREET,53.341288,-6.258117,20,20,OPEN
14,03:17:38,GEORGES QUAY,53.347508,-6.252192,6,20,OPEN
2,03:15:18,KILMAINHAM LANE,53.341805,-6.305085,28,30,OPEN
14,03:13:51,MOUNT BROWN,53.341645,-6.29719,8,22,OPEN
4,03:16:22,MARKET STREET SOUTH,53.342296,-6.287661,34,38,OPEN
14,03:10:13,KEVIN STREET,53.337757,-6.267699,26,40,OPEN
2,03:16:39,ECCLES STREET EAST,53.358115,-6.265601,25,27,OPEN
8,03:13:49,GRAND CANAL DOCK,53.342638,-6.238695,32,40,OPEN
2,03:12:31,MERRION SQUARE EAST,53.339434,-6.246548,28,30,OPEN
20,03:14:43,YORK STREET WEST,53.339334,-6.264699,20,40,OPEN
7,03:17:40,ST. STEPHEN'S GREEN SOUTH,53.337494,-6.26199,23,30,OPEN
7,03:18:05,DENMARK STREET GREAT,53.35561,-6.261397,13,20,OPEN
14,03:13:28,ROYAL HOSPITAL,53.343897,-6.29706,26,40,OPEN
37,03:19:19,HEUSTON STATION (CAR PARK),53.346985,-6.297804,3,40,OPEN
1,03:15:19,GRANGEGORMAN LOWER (NORTH),53.355954,-6.278378,35,36,OPEN
16,03:15:53,ST. STEPHEN'S GREEN EAST,53.337824,-6.256035,24,40,OPEN
40,03:11:05,HEUSTON STATION (CENTRAL),53.346603,-6.296924,0,40,OPEN
18,03:19:47,TOWNSEND STREET,53.345922,-6.254614,2,20,OPEN
17,03:11:09,GEORGES LANE,53.35023,-6.279696,23,40,OPEN
6,03:14:48,PHIBSBOROUGH ROAD,53.356307,-6.273717,34,40,OPEN
11,03:18:21,ECCLES STREET,53.359246,-6.269779,9,20,OPEN
29,03:12:46,PORTOBELLO HARBOUR,53.330362,-6.265163,1,30,OPEN
14,03:17:00,MATER HOSPITAL,53.359967,-6.264828,26,40,OPEN
8,03:11:59,BLESSINGTON STREET,53.356769,-6.26814,12,20,OPEN
5,03:17:35,JAMES STREET,53.343456,-6.287409,35,40,OPEN
1,10:50:58,ORIEL STREET TEST TERMINAL,53.35463,-6.242615,0,1,OPEN
15,03:12:43,MOUNTJOY SQUARE EAST,53.356717,-6.256359,25,40,OPEN
5,03:16:53,MERRION SQUARE WEST,53.339764,-6.251988,15,20,OPEN
3,03:10:51,CONVENTION CENTRE,53.34744,-6.238523,37,40,OPEN
1,03:19:45,HARDWICKE STREET,53.355473,-6.264423,15,16,OPEN
38,03:19:16,PARKGATE STREET,53.347972,-6.291804,0,38,OPEN
23,03:17:35,SMITHFIELD,53.347692,-6.278214,6,30,OPEN
14,03:12:14,DAME STREET,53.344007,-6.266802,1,16,OPEN
25,03:10:09,HEUSTON BRIDGE (SOUTH),53.347106,-6.292041,0,25,OPEN
2,03:14:29,CATHAL BRUGHA STREET,53.352149,-6.260533,18,20,OPEN
20,03:14:14,SANDWITH STREET,53.345203,-6.247163,20,40,OPEN
17,03:10:43,BUCKINGHAM STREET LOWER,53.353331,-6.249319,12,29,OPEN
10,03:14:57,ROTHE ABBEY,53.338776,-6.30395,25,35,OPEN
9,03:12:21,CHARLEVILLE ROAD,53.359157,-6.281866,31,40,OPEN
17,03:18:47,PRINCES STREET / O'CONNELL STREET,53.349013,-6.260311,6,23,OPEN
28,03:18:09,UPPER SHERRARD STREET,53.358437,-6.260641,2,30,OPEN
2,03:18:37,FITZWILLIAM SQUARE EAST,53.335211,-6.2509,38,40,OPEN
19,03:11:54,GRATTAN STREET,53.339629,-6.243778,4,23,OPEN
5,03:15:59,ST JAMES HOSPITAL (LUAS),53.341359,-6.292951,35,40,OPEN
19,03:15:55,HARCOURT TERRACE,53.332763,-6.257942,0,20,OPEN
11,03:10:00,BOLTON STREET,53.351182,-6.269859,9,20,OPEN
0,03:17:23,JERVIS STREET,53.3483,-6.266651,21,21,OPEN
3,03:12:05,ORMOND QUAY UPPER,53.346057,-6.268001,26,29,OPEN
0,03:16:30,GRANGEGORMAN LOWER (SOUTH),53.354663,-6.278681,40,40,OPEN
11,03:16:22,MOUNTJOY SQUARE WEST,53.356299,-6.258586,19,30,OPEN
20,03:11:05,WILTON TERRACE,53.332383,-6.252717,0,20,OPEN
17,03:16:35,EMMET ROAD,53.340714,-6.308191,23,40,OPEN
39,03:18:57,HEUSTON BRIDGE (NORTH),53.347802,-6.292432,1,40,OPEN
2,03:18:08,LEINSTER STREET SOUTH,53.34218,-6.254485,28,30,OPEN
6,03:17:46,BLACKHALL PLACE,53.3488,-6.281637,24,30,OPEN
