available_bikes,last_update,name,position.lat,position.lng,available_bike_stands,bike_stands,status
16,00:01:01,SMITHFIELD NORTH,53.349562,-6.278198,14,30,OPEN
2,00:05:06,PARNELL SQUARE NORTH,53.3537415547453,-6.26530144781526,18,20,OPEN
15,23:59:34,CLONMEL STREET,53.336021,-6.26298,18,33,OPEN
13,23:59:37,AVONDALE ROAD,53.359405,-6.276142,22,35,OPEN
0,00:01:39,JAMES STREET EAST,53.336597,-6.248109,30,30,OPEN
15,23:58:20,MOUNT STREET LOWER,53.33796,-6.24153,24,40,OPEN
1,00:06:23,CHRISTCHURCH PLACE,53.343368,-6.27012,19,20,OPEN
28,00:02:17,GRANTHAM STREET,53.334123,-6.265436,1,30,OPEN
19,23:58:14,PEARSE STREET,53.344304,-6.250427,11,30,OPEN
8,23:57:57,YORK STREET EAST,53.338755,-6.262003,24,32,OPEN
22,00:02:10,EXCISE WALK,53.347777,-6.244239,18,40,OPEN
1,23:58:05,FITZWILLIAM SQUARE WEST,53.336074,-6.252825,29,30,OPEN
30,00:00:49,PORTOBELLO ROAD,53.330091,-6.268044,0,30,OPEN
15,00:07:10,PARNELL STREET,53.350929,-6.265125,5,20,OPEN
3,00:00:51,FREDERICK STREET SOUTH,53.341515,-6.256853,37,40,OPEN
18,00:00:06,FOWNES STREET UPPER,53.344603,-6.263371,12,30,OPEN
2,00:02:06,CLARENDON ROW,53.340927,-6.262501,29,31,OPEN
20,00:05:58,CUSTOM HOUSE,53.348279,-6.254662,10,30,OPEN
20,00:06:18,RATHDOWN ROAD,53.35893,-6.280337,20,40,OPEN
29,00:04:46,NORTH CIRCULAR ROAD (O'CONNELL'S),53.357841,-6.251557,1,30,OPEN
12,00:06:29,HANOVER QUAY,53.344115,-6.237153,28,40,OPEN
11,23:58:54,OLIVER BOND STREET,53.343893,-6.280531,19,30,OPEN
12,00:01:46,COLLINS BARRACKS MUSEUM,53.347477,-6.28525,26,38,OPEN
10,00:00:45,BROOKFIELD ROAD,53.339005,-6.300217,20,30,OPEN
11,00:01:06,BENSON STREET,53.344153,-6.233451,29,40,OPEN
0,00:06:34,EARLSFORT TERRACE,53.334295,-6.258503,30,30,OPEN
2,23:57:20,GOLDEN LANE,53.340803,-6.267732,18,20,OPEN
9,00:01:39,DEVERELL PLACE,53.351464,-6.255265,21,30,OPEN
0,00:00:35,WILTON TERRACE (PARK),53.333653,-6.248345,40,40,OPEN
9,00:06:33,JOHN STREET WEST,53.343105,-6.277167,22,31,OPEN
6,23:59:32,FENIAN STREET,53.341428,-6.24672,29,35,OPEN
3,23:59:28,MERRION SQUARE SOUTH,53.338614,-6.248606,35,40,OPEN
28,00:02:28,SOUTH DOCK ROAD,53.341833,-6.231291,2,30,OPEN
5,23:59:02,CITY QUAY,53.346637,-6.246154,25,30,OPEN
0,00:04:59,EXCHEQUER STREET,53.343034,-6.263578,24,24,OPEN
6,00:00:13,THE POINT,53.346867,-6.230852,34,40,OPEN
4,00:05:15,BROADSTONE,53.3547,-6.272314,26,30,OPEN
0,00:01:26,HATCH STREET,53.33403,-6.260714,36,36,OPEN
21,23:58:27,LIME STREET,53.346026,-6.243576,19,40,OPEN
32,00:04:08,CHARLEMONT PLACE,53.330662,-6.260177,8,40,OPEN
27,23:58:26,KILMAINHAM GAOL,53.342113,-6.310015,13,40,OPEN
0,00:05:22,HARDWICKE PLACE,53.357043,-6.263232,25,25,OPEN
14,00:03:33,WOLFE TONE STREET,53.348875,-6.267459,15,29,OPEN
20,00:03:01,FRANCIS STREET,53.342081,-6.275233,9,30,OPEN
9,00:06:02,GREEK STREET,53.346874,-6.272976,11,20,OPEN
27,00:01:44,GUILD STREET,53.347932,-6.240928,13,40,OPEN
2,00:02:42,HERBERT PLACE,53.334432,-6.245575,28,30,OPEN
3,23:59:39,HIGH STREET,53.343565,-6.275071,26,29,OPEN
28,00:02:26,NORTH CIRCULAR ROAD,53.359624,-6.260348,2,30,OPEN
21,23:58:57,WESTERN WAY,53.354929,-6.269425,19,40,OPEN
10,00:00:55,TALBOT STREET,53.350974,-6.25294,29,40,OPEN
3,23:57:13,NEWMAN HOUSE,53.337132,-6.26059,37,40,OPEN
26,00:01:40,SIR PATRICK DUN'S,53.339218,-6.240642,14,40,OPEN
7,00:06:29,NEW CENTRAL BANK,53.347122,-6.234749,33,40,OPEN
2,23:58:58,GRANGEGORMAN LOWER (CENTRAL),53.355173,-6.278424,38,40,OPEN
12,00:06:04,KING STREET NORTH,53.350291,-6.273507,18,30,OPEN
30,00:02:16,KILLARNEY STREET,53.354845,-6.247579,0,30,OPEN
7,00:01:09,HERBERT STREET,53.335742,-6.24551,33,40,OPEN
20,23:57:19,HANOVER QUAY EAST,53.343653,-6.231755,20,40,OPEN
0,23:57:22,CUSTOM HOUSE QUAY,53.347884,-6.248048,0,30,OPEN
13,23:57:43,MOLESWORTH STREET,53.341288,-6.258117,7,20,OPEN
7,00:07:02,GEORGES QUAY,53.347508,-6.252192,13,20,OPEN
19,00:06:17,KILMAINHAM LANE,53.341805,-6.305085,11,30,OPEN
10,00:06:50,MOUNT BROWN,53.341645,-6.29719,12,22,OPEN
14,00:06:50,MARKET STREET SOUTH,53.342296,-6.287661,24,38,OPEN
32,00:06:53,KEVIN STREET,53.337757,-6.267699,8,40,OPEN
1,23:59:29,ECCLES STREET EAST,53.358115,-6.265601,26,27,OPEN
34,00:03:55,GRAND CANAL DOCK,53.342638,-6.238695,6,40,OPEN
5,00:01:54,MERRION SQUARE EAST,53.339434,-6.246548,25,30,OPEN
13,00:06:00,YORK STREET WEST,53.339334,-6.264699,27,40,OPEN
11,00:07:14,ST. STEPHEN'S GREEN SOUTH,53.337494,-6.26199,19,30,OPEN
7,00:00:27,DENMARK STREET GREAT,53.35561,-6.261397,13,20,OPEN
26,00:00:54,ROYAL HOSPITAL,53.343897,-6.29706,14,40,OPEN
11,23:59:32,HEUSTON STATION (CAR PARK),53.346985,-6.297804,29,40,OPEN
3,23:59:14,GRANGEGORMAN LOWER (NORTH),53.355954,-6.278378,33,36,OPEN
5,23:58:17,ST. STEPHEN'S GREEN EAST,53.337824,-6.256035,35,40,OPEN
22,23:58:09,HEUSTON STATION (CENTRAL),53.346603,-6.296924,18,40,OPEN
16,23:59:30,TOWNSEND STREET,53.345922,-6.254614,4,20,OPEN
7,00:02:07,GEORGES LANE,53.35023,-6.279696,33,40,OPEN
17,00:00:24,PHIBSBOROUGH ROAD,53.356307,-6.273717,23,40,OPEN
3,00:07:12,ECCLES STREET,53.359246,-6.269779,17,20,OPEN
27,00:03:23,PORTOBELLO HARBOUR,53.330362,-6.265163,3,30,OPEN
14,00:00:55,MATER HOSPITAL,53.359967,-6.264828,26,40,OPEN
10,00:00:56,BLESSINGTON STREET,53.356769,-6.26814,10,20,OPEN
24,00:04:17,JAMES STREET,53.343456,-6.287409,16,40,OPEN
12,00:06:26,MOUNTJOY SQUARE EAST,53.356717,-6.256359,28,40,OPEN
0,23:58:37,MERRION SQUARE WEST,53.339764,-6.251988,20,20,OPEN
1,00:02:51,CONVENTION CENTRE,53.34744,-6.238523,39,40,OPEN
2,00:02:09,HARDWICKE STREET,53.355473,-6.264423,14,16,OPEN
17,00:05:42,PARKGATE STREET,53.347972,-6.291804,21,38,OPEN
10,00:02:53,SMITHFIELD,53.347692,-6.278214,20,30,OPEN
10,00:01:38,DAME STREET,53.344007,-6.266802,6,16,OPEN
22,00:01:03,HEUSTON BRIDGE (SOUTH),53.347106,-6.292041,3,25,OPEN
10,00:00:11,CATHAL BRUGHA STREET,53.352149,-6.260533,10,20,OPEN
28,00:03:45,SANDWITH STREET,53.345203,-6.247163,12,40,OPEN
14,00:00:05,BUCKINGHAM STREET LOWER,53.353331,-6.249319,15,29,OPEN
22,23:59:33,ROTHE ABBEY,53.338776,-6.30395,13,35,OPEN
14,23:57:49,CHARLEVILLE ROAD,53.359157,-6.281866,26,40,OPEN
8,00:01:48,PRINCES STREET / O'CONNELL STREET,53.349013,-6.260311,15,23,OPEN
11,00:00:54,UPPER SHERRARD STREET,53.358437,-6.260641,19,30,OPEN
0,23:59:34,FITZWILLIAM SQUARE EAST,53.335211,-6.2509,40,40,OPEN
5,00:05:01,GRATTAN STREET,53.339629,-6.243778,18,23,OPEN
8,00:00:24,ST JAMES HOSPITAL (LUAS),53.341359,-6.292951,32,40,OPEN
8,00:06:04,HARCOURT TERRACE,53.332763,-6.257942,12,20,OPEN
16,23:59:14,BOLTON STREET,53.351182,-6.269859,4,20,OPEN
6,00:03:01,JERVIS STREET,53.3483,-6.266651,15,21,OPEN
5,00:01:51,ORMOND QUAY UPPER,53.346057,-6.268001,24,29,OPEN
0,23:58:14,GRANGEGORMAN LOWER (SOUTH),53.354663,-6.278681,40,40,OPEN
22,00:03:11,MOUNTJOY SQUARE WEST,53.356299,-6.258586,8,30,OPEN
5,00:01:41,WILTON TERRACE,53.332383,-6.252717,15,20,OPEN
19,23:58:34,EMMET ROAD,53.340714,-6.308191,21,40,OPEN
30,23:57:42,HEUSTON BRIDGE (NORTH),53.347802,-6.292432,10,40,OPEN
0,23:57:20,LEINSTER STREET SOUTH,53.34218,-6.254485,30,30,OPEN
12,00:04:13,BLACKHALL PLACE,53.3488,-6.281637,18,30,OPEN
