available_bikes,last_update,name,position.lat,position.lng,available_bike_stands,bike_stands,status
16,19:18:35,SMITHFIELD NORTH,53.349562,-6.278198,14,30,OPEN
0,19:15:27,PARNELL SQUARE NORTH,53.3537415547453,-6.26530144781526,20,20,OPEN
17,19:16:04,CLONMEL STREET,53.336021,-6.26298,16,33,OPEN
10,19:17:26,AVONDALE ROAD,53.359405,-6.276142,25,35,OPEN
10,19:14:54,JAMES STREET EAST,53.336597,-6.248109,20,30,OPEN
24,19:19:14,MOUNT STREET LOWER,53.33796,-6.24153,16,40,OPEN
5,19:15:29,CHRISTCHURCH PLACE,53.343368,-6.27012,15,20,OPEN
3,19:18:20,GRANTHAM STREET,53.334123,-6.265436,27,30,OPEN
30,19:19:05,PEARSE STREET,53.344304,-6.250427,0,30,OPEN
19,19:18:09,YORK STREET EAST,53.338755,-6.262003,13,32,OPEN
32,19:19:46,EXCISE WALK,53.347777,-6.244239,8,40,OPEN
6,19:18:14,FITZWILLIAM SQUARE WEST,53.336074,-6.252825,24,30,OPEN
28,19:18:21,PORTOBELLO ROAD,53.330091,-6.268044,2,30,OPEN
3,19:18:50,PARNELL STREET,53.350929,-6.265125,17,20,OPEN
23,19:14:29,FREDERICK STREET SOUTH,53.341515,-6.256853,17,40,OPEN
14,19:17:01,FOWNES STREET UPPER,53.344603,-6.263371,16,30,OPEN
5,19:18:27,CLARENDON ROW,53.340927,-6.262501,26,31,OPEN
30,19:19:33,CUSTOM HOUSE,53.348279,-6.254662,0,30,OPEN
4,19:09:50,RATHDOWN ROAD,53.35893,-6.280337,36,40,OPEN
5,19:18:09,NORTH CIRCULAR ROAD (O'CONNELL'S),53.357841,-6.251557,25,30,OPEN
16,19:19:41,HANOVER QUAY,53.344115,-6.237153,24,40,OPEN
0,19:17:43,OLIVER BOND STREET,53.343893,-6.280531,30,30,OPEN
7,19:11:02,COLLINS BARRACKS MUSEUM,53.347477,-6.28525,31,38,OPEN
13,19:19:17,BROOKFIELD ROAD,53.339005,-6.300217,17,30,OPEN
1,19:19:42,BENSON STREET,53.344153,-6.233451,39,40,OPEN
14,19:14:33,EARLSFORT TERRACE,53.334295,-6.258503,16,30,OPEN
17,19:18:59,GOLDEN LANE,53.340803,-6.267732,3,20,OPEN
14,19:15:33,DEVERELL PLACE,53.351464,-6.255265,16,30,OPEN
0,19:18:51,WILTON TERRACE (PARK),53.333653,-6.248345,40,40,OPEN
0,19:16:11,JOHN STREET WEST,53.343105,-6.277167,31,31,OPEN
16,19:16:33,FENIAN STREET,53.341428,-6.24672,19,35,OPEN
8,19:16:39,MERRION SQUARE SOUTH,53.338614,-6.248606,32,40,OPEN
22,19:17:46,SOUTH DOCK ROAD,53.341833,-6.231291,8,30,OPEN
0,19:12:14,CITY QUAY,53.346637,-6.246154,30,30,OPEN
18,19:15:15,EXCHEQUER STREET,53.343034,-6.263578,6,24,OPEN
31,19:19:08,THE POINT,53.346867,-6.230852,9,40,OPEN
3,19:18:33,BROADSTONE,53.3547,-6.272314,27,30,OPEN
3,19:19:30,HATCH STREET,53.33403,-6.260714,33,36,OPEN
11,19:15:29,LIME STREET,53.346026,-6.243576,29,40,OPEN
19,19:19:45,CHARLEMONT PLACE,53.330662,-6.260177,21,40,OPEN
16,19:18:18,KILMAINHAM GAOL,53.342113,-6.310015,24,40,OPEN
1,19:18:18,HARDWICKE PLACE,53.357043,-6.263232,24,25,OPEN
8,19:19:44,WOLFE TONE STREET,53.348875,-6.267459,21,29,OPEN
3,19:13:17,FRANCIS STREET,53.342081,-6.275233,27,30,OPEN
1,19:11:42,GREEK STREET,53.346874,-6.272976,19,20,OPEN
17,19:13:32,GUILD STREET,53.347932,-6.240928,23,40,OPEN
25,19:18:59,HERBERT PLACE,53.334432,-6.245575,5,30,OPEN
1,19:17:34,HIGH STREET,53.343565,-6.275071,28,29,OPEN
13,19:19:15,NORTH CIRCULAR ROAD,53.359624,-6.260348,17,30,OPEN
1,19:16:49,WESTERN WAY,53.354929,-6.269425,39,40,OPEN
29,19:17:59,TALBOT STREET,53.350974,-6.25294,11,40,OPEN
2,19:13:06,NEWMAN HOUSE,53.337132,-6.26059,38,40,OPEN
22,19:17:33,SIR PATRICK DUN'S,53.339218,-6.240642,18,40,OPEN
0,19:19:35,NEW CENTRAL BANK,53.347122,-6.234749,40,40,OPEN
0,19:14:33,GRANGEGORMAN LOWER (CENTRAL),53.355173,-6.278424,40,40,OPEN
3,19:17:48,KING STREET NORTH,53.350291,-6.273507,27,30,OPEN
9,19:19:48,KILLARNEY STREET,53.354845,-6.247579,21,30,OPEN
0,19:13:02,HERBERT STREET,53.335742,-6.24551,40,40,OPEN
19,19:18:54,HANOVER QUAY EAST,53.343653,-6.231755,21,40,OPEN
26,19:17:43,CUSTOM HOUSE QUAY,53.347884,-6.248048,4,30,OPEN
9,19:18:35,MOLESWORTH STREET,53.341288,-6.258117,11,20,OPEN
11,19:16:52,GEORGES QUAY,53.347508,-6.252192,9,20,OPEN
0,19:10:47,KILMAINHAM LANE,53.341805,-6.305085,30,30,OPEN
2,19:19:29,MOUNT BROWN,53.341645,-6.29719,20,22,OPEN
0,19:12:10,MARKET STREET SOUTH,53.342296,-6.287661,38,38,OPEN
9,19:17:55,KEVIN STREET,53.337757,-6.267699,31,40,OPEN
0,19:12:19,ECCLES STREET EAST,53.358115,-6.265601,27,27,OPEN
31,19:19:49,GRAND CANAL DOCK,53.342638,-6.238695,9,40,OPEN
0,19:18:08,MERRION SQUARE EAST,53.339434,-6.246548,30,30,OPEN
24,19:12:24,YORK STREET WEST,53.339334,-6.264699,16,40,OPEN
8,19:17:41,ST. STEPHEN'S GREEN SOUTH,53.337494,-6.26199,22,30,OPEN
0,19:13:38,DENMARK STREET GREAT,53.35561,-6.261397,20,20,OPEN
5,19:18:43,ROYAL HOSPITAL,53.343897,-6.29706,35,40,OPEN
27,19:15:03,HEUSTON STATION (CAR PARK),53.346985,-6.297804,13,40,OPEN
0,19:10:55,GRANGEGORMAN LOWER (NORTH),53.355954,-6.278378,36,36,OPEN
18,19:11:17,ST. STEPHEN'S GREEN EAST,53.337824,-6.256035,22,40,OPEN
40,19:17:18,HEUSTON STATION (CENTRAL),53.346603,-6.296924,0,40,OPEN
20,19:19:32,TOWNSEND STREET,53.345922,-6.254614,0,20,OPEN
14,19:16:18,GEORGES LANE,53.35023,-6.279696,26,40,OPEN
3,19:15:00,PHIBSBOROUGH ROAD,53.356307,-6.273717,37,40,OPEN
2,19:16:50,ECCLES STREET,53.359246,-6.269779,18,20,OPEN
30,19:17:46,PORTOBELLO HARBOUR,53.330362,-6.265163,0,30,OPEN
20,19:14:09,MATER HOSPITAL,53.359967,-6.264828,20,40,OPEN
1,19:17:46,BLESSINGTON STREET,53.356769,-6.26814,19,20,OPEN
1,19:16:42,JAMES STREET,53.343456,-6.287409,39,40,OPEN
1,10:50:58,ORIEL STREET TEST TERMINAL,53.35463,-6.242615,0,1,OPEN
1,19:19:45,MOUNTJOY SQUARE EAST,53.356717,-6.256359,39,40,OPEN
17,19:18:00,MERRION SQUARE WEST,53.339764,-6.251988,3,20,OPEN
0,19:16:34,CONVENTION CENTRE,53.34744,-6.238523,40,40,OPEN
1,19:15:23,HARDWICKE STREET,53.355473,-6.264423,15,16,OPEN
31,19:18:53,PARKGATE STREET,53.347972,-6.291804,7,38,OPEN
6,19:12:42,SMITHFIELD,53.347692,-6.278214,24,30,OPEN
16,19:17:45,DAME STREET,53.344007,-6.266802,0,16,OPEN
25,19:19:03,HEUSTON BRIDGE (SOUTH),53.347106,-6.292041,0,25,OPEN
8,19:18:05,CATHAL BRUGHA STREET,53.352149,-6.260533,12,20,OPEN
24,19:18:46,SANDWITH STREET,53.345203,-6.247163,16,40,OPEN
10,19:16:06,BUCKINGHAM STREET LOWER,53.353331,-6.249319,19,29,OPEN
6,19:13:41,ROTHE ABBEY,53.338776,-6.30395,29,35,OPEN
6,19:17:51,CHARLEVILLE ROAD,53.359157,-6.281866,34,40,OPEN
14,19:19:29,PRINCES STREET / O'CONNELL STREET,53.349013,-6.260311,9,23,OPEN
6,19:17:19,UPPER SHERRARD STREET,53.358437,-6.260641,24,30,OPEN
0,19:14:40,FITZWILLIAM SQUARE EAST,53.335211,-6.2509,40,40,OPEN
17,19:17:49,GRATTAN STREET,53.339629,-6.243778,6,23,OPEN
6,19:10:40,ST JAMES HOSPITAL (LUAS),53.341359,-6.292951,34,40,OPEN
4,19:12:37,HARCOURT TERRACE,53.332763,-6.257942,15,20,OPEN
4,19:15:49,BOLTON STREET,53.351182,-6.269859,16,20,OPEN
0,19:19:04,JERVIS STREET,53.3483,-6.266651,21,21,OPEN
3,19:16:24,ORMOND QUAY UPPER,53.346057,-6.268001,26,29,OPEN
0,19:12:43,GRANGEGORMAN LOWER (SOUTH),53.354663,-6.278681,40,40,OPEN
0,19:12:15,MOUNTJOY SQUARE WEST,53.356299,-6.258586,30,30,OPEN
5,19:19:24,WILTON TERRACE,53.332383,-6.252717,15,20,OPEN
14,19:19:46,EMMET ROAD,53.340714,-6.308191,26,40,OPEN
39,19:14:52,HEUSTON BRIDGE (NORTH),53.347802,-6.292432,1,40,OPEN
4,19:10:46,LEINSTER STREET SOUTH,53.34218,-6.254485,26,30,OPEN
2,19:13:42,BLACKHALL PLACE,53.3488,-6.281637,28,30,OPEN
