available_bikes,last_update,name,position.lat,position.lng,available_bike_stands,bike_stands,status
14,19:00:28,SMITHFIELD NORTH,53.349562,-6.278198,16,30,OPEN
0,18:55:16,PARNELL SQUARE NORTH,53.3537415547453,-6.26530144781526,20,20,OPEN
18,18:59:42,CLONMEL STREET,53.336021,-6.26298,15,33,OPEN
10,19:02:01,AVONDALE ROAD,53.359405,-6.276142,25,35,OPEN
12,19:04:43,JAMES STREET EAST,53.336597,-6.248109,18,30,OPEN
28,18:56:22,MOUNT STREET LOWER,53.33796,-6.24153,12,40,OPEN
6,19:04:45,CHRISTCHURCH PLACE,53.343368,-6.27012,14,20,OPEN
2,19:03:32,GRANTHAM STREET,53.334123,-6.265436,28,30,OPEN
30,18:55:29,PEARSE STREET,53.344304,-6.250427,0,30,OPEN
20,18:57:08,YORK STREET EAST,53.338755,-6.262003,12,32,OPEN
30,19:01:50,EXCISE WALK,53.347777,-6.244239,10,40,OPEN
8,18:57:59,FITZWILLIAM SQUARE WEST,53.336074,-6.252825,22,30,OPEN
24,19:03:49,PORTOBELLO ROAD,53.330091,-6.268044,6,30,OPEN
5,18:56:00,PARNELL STREET,53.350929,-6.265125,15,20,OPEN
23,19:04:24,FREDERICK STREET SOUTH,53.341515,-6.256853,17,40,OPEN
16,19:04:37,FOWNES STREET UPPER,53.344603,-6.263371,14,30,OPEN
9,18:56:50,CLARENDON ROW,53.340927,-6.262501,22,31,OPEN
30,18:59:20,CUSTOM HOUSE,53.348279,-6.254662,0,30,OPEN
4,18:59:45,RATHDOWN ROAD,53.35893,-6.280337,36,40,OPEN
4,19:04:05,NORTH CIRCULAR ROAD (O'CONNELL'S),53.357841,-6.251557,26,30,OPEN
22,19:04:07,HANOVER QUAY,53.344115,-6.237153,18,40,OPEN
1,18:58:06,OLIVER BOND STREET,53.343893,-6.280531,29,30,OPEN
8,19:00:54,COLLINS BARRACKS MUSEUM,53.347477,-6.28525,30,38,OPEN
14,18:59:03,BROOKFIELD ROAD,53.339005,-6.300217,16,30,OPEN
0,19:04:06,BENSON STREET,53.344153,-6.233451,40,40,OPEN
14,19:04:26,EARLSFORT TERRACE,53.334295,-6.258503,16,30,OPEN
16,19:04:31,GOLDEN LANE,53.340803,-6.267732,4,20,OPEN
13,19:00:25,DEVERELL PLACE,53.351464,-6.255265,17,30,OPEN
0,18:59:01,WILTON TERRACE (PARK),53.333653,-6.248345,40,40,OPEN
0,18:57:11,JOHN STREET WEST,53.343105,-6.277167,31,31,OPEN
17,19:02:11,FENIAN STREET,53.341428,-6.24672,18,35,OPEN
9,18:59:48,MERRION SQUARE SOUTH,53.338614,-6.248606,31,40,OPEN
24,18:59:42,SOUTH DOCK ROAD,53.341833,-6.231291,6,30,OPEN
0,19:02:09,CITY QUAY,53.346637,-6.246154,30,30,OPEN
21,19:04:33,EXCHEQUER STREET,53.343034,-6.263578,3,24,OPEN
31,18:58:45,THE POINT,53.346867,-6.230852,9,40,OPEN
3,18:58:23,BROADSTONE,53.3547,-6.272314,27,30,OPEN
7,18:59:45,HATCH STREET,53.33403,-6.260714,29,36,OPEN
12,19:01:10,LIME STREET,53.346026,-6.243576,28,40,OPEN
20,19:04:48,CHARLEMONT PLACE,53.330662,-6.260177,20,40,OPEN
15,19:03:11,KILMAINHAM GAOL,53.342113,-6.310015,25,40,OPEN
0,18:58:08,HARDWICKE PLACE,53.357043,-6.263232,25,25,OPEN
8,19:00:26,WOLFE TONE STREET,53.348875,-6.267459,20,29,OPEN
6,19:02:57,FRANCIS STREET,53.342081,-6.275233,24,30,OPEN
0,19:00:48,GREEK STREET,53.346874,-6.272976,20,20,OPEN
21,19:04:13,GUILD STREET,53.347932,-6.240928,19,40,OPEN
23,19:03:55,HERBERT PLACE,53.334432,-6.245575,7,30,OPEN
0,19:04:49,HIGH STREET,53.343565,-6.275071,29,29,OPEN
11,19:04:48,NORTH CIRCULAR ROAD,53.359624,-6.260348,19,30,OPEN
2,19:02:41,WESTERN WAY,53.354929,-6.269425,38,40,OPEN
32,19:02:31,TALBOT STREET,53.350974,-6.25294,8,40,OPEN
2,19:03:00,NEWMAN HOUSE,53.337132,-6.26059,38,40,OPEN
22,19:04:46,SIR PATRICK DUN'S,53.339218,-6.240642,18,40,OPEN
0,19:02:24,NEW CENTRAL BANK,53.347122,-6.234749,40,40,OPEN
0,19:04:27,GRANGEGORMAN LOWER (CENTRAL),53.355173,-6.278424,40,40,OPEN
0,19:00:33,KING STREET NORTH,53.350291,-6.273507,30,30,OPEN
10,19:00:16,KILLARNEY STREET,53.354845,-6.247579,20,30,OPEN
0,19:02:57,HERBERT STREET,53.335742,-6.24551,40,40,OPEN
21,19:00:43,HANOVER QUAY EAST,53.343653,-6.231755,19,40,OPEN
27,19:02:17,CUSTOM HOUSE QUAY,53.347884,-6.248048,3,30,OPEN
6,18:55:43,MOLESWORTH STREET,53.341288,-6.258117,14,20,OPEN
11,19:02:41,GEORGES QUAY,53.347508,-6.252192,9,20,OPEN
0,19:00:41,KILMAINHAM LANE,53.341805,-6.305085,30,30,OPEN
2,18:59:19,MOUNT BROWN,53.341645,-6.29719,20,22,OPEN
1,19:01:20,MARKET STREET SOUTH,53.342296,-6.287661,37,38,OPEN
10,18:55:48,KEVIN STREET,53.337757,-6.267699,30,40,OPEN
0,19:02:14,ECCLES STREET EAST,53.358115,-6.265601,27,27,OPEN
31,19:04:46,GRAND CANAL DOCK,53.342638,-6.238695,9,40,OPEN
0,18:57:57,MERRION SQUARE EAST,53.339434,-6.246548,30,30,OPEN
25,18:59:56,YORK STREET WEST,53.339334,-6.264699,15,40,OPEN
8,19:02:54,ST. STEPHEN'S GREEN SOUTH,53.337494,-6.26199,22,30,OPEN
0,19:03:32,DENMARK STREET GREAT,53.35561,-6.261397,20,20,OPEN
5,18:58:28,ROYAL HOSPITAL,53.343897,-6.29706,35,40,OPEN
22,19:04:45,HEUSTON STATION (CAR PARK),53.346985,-6.297804,18,40,OPEN
0,19:00:50,GRANGEGORMAN LOWER (NORTH),53.355954,-6.278378,36,36,OPEN
18,19:01:11,ST. STEPHEN'S GREEN EAST,53.337824,-6.256035,22,40,OPEN
40,18:57:09,HEUSTON STATION (CENTRAL),53.346603,-6.296924,0,40,OPEN
20,19:01:08,TOWNSEND STREET,53.345922,-6.254614,0,20,OPEN
14,18:56:08,GEORGES LANE,53.35023,-6.279696,26,40,OPEN
4,19:00:35,PHIBSBOROUGH ROAD,53.356307,-6.273717,36,40,OPEN
1,19:03:29,ECCLES STREET,53.359246,-6.269779,19,20,OPEN
29,18:59:53,PORTOBELLO HARBOUR,53.330362,-6.265163,1,30,OPEN
22,19:02:04,MATER HOSPITAL,53.359967,-6.264828,18,40,OPEN
1,18:57:36,BLESSINGTON STREET,53.356769,-6.26814,19,20,OPEN
3,19:02:43,JAMES STREET,53.343456,-6.287409,37,40,OPEN
1,10:50:58,ORIEL STREET TEST TERMINAL,53.35463,-6.242615,0,1,OPEN
3,18:58:58,MOUNTJOY SQUARE EAST,53.356717,-6.256359,37,40,OPEN
15,19:03:08,MERRION SQUARE WEST,53.339764,-6.251988,5,20,OPEN
0,19:03:59,CONVENTION CENTRE,53.34744,-6.238523,40,40,OPEN
1,18:55:11,HARDWICKE STREET,53.355473,-6.264423,15,16,OPEN
28,19:04:27,PARKGATE STREET,53.347972,-6.291804,10,38,OPEN
7,19:02:35,SMITHFIELD,53.347692,-6.278214,23,30,OPEN
16,19:01:22,DAME STREET,53.344007,-6.266802,0,16,OPEN
25,18:58:04,HEUSTON BRIDGE (SOUTH),53.347106,-6.292041,0,25,OPEN
7,19:04:30,CATHAL BRUGHA STREET,53.352149,-6.260533,13,20,OPEN
25,19:04:00,SANDWITH STREET,53.345203,-6.247163,15,40,OPEN
10,18:55:55,BUCKINGHAM STREET LOWER,53.353331,-6.249319,19,29,OPEN
6,19:03:36,ROTHE ABBEY,53.338776,-6.30395,29,35,OPEN
6,18:57:40,CHARLEVILLE ROAD,53.359157,-6.281866,34,40,OPEN
18,19:03:53,PRINCES STREET / O'CONNELL STREET,53.349013,-6.260311,5,23,OPEN
4,19:03:09,UPPER SHERRARD STREET,53.358437,-6.260641,26,30,OPEN
0,19:04:35,FITZWILLIAM SQUARE EAST,53.335211,-6.2509,40,40,OPEN
18,19:03:04,GRATTAN STREET,53.339629,-6.243778,5,23,OPEN
6,19:00:36,ST JAMES HOSPITAL (LUAS),53.341359,-6.292951,34,40,OPEN
6,19:02:48,HARCOURT TERRACE,53.332763,-6.257942,13,20,OPEN
4,19:02:55,BOLTON STREET,53.351182,-6.269859,16,20,OPEN
4,19:02:45,JERVIS STREET,53.3483,-6.266651,17,21,OPEN
3,19:00:37,ORMOND QUAY UPPER,53.346057,-6.268001,26,29,OPEN
0,19:02:38,GRANGEGORMAN LOWER (SOUTH),53.354663,-6.278681,40,40,OPEN
0,19:02:10,MOUNTJOY SQUARE WEST,53.356299,-6.258586,30,30,OPEN
7,19:03:18,WILTON TERRACE,53.332383,-6.252717,13,20,OPEN
13,19:01:40,EMMET ROAD,53.340714,-6.308191,27,40,OPEN
40,19:04:07,HEUSTON BRIDGE (NORTH),53.347802,-6.292432,0,40,OPEN
3,19:00:52,LEINSTER STREET SOUTH,53.34218,-6.254485,27,30,OPEN
2,19:04:10,BLACKHALL PLACE,53.3488,-6.281637,28,30,OPEN
