available_bikes,last_update,name,position.lat,position.lng,available_bike_stands,bike_stands,status
1,03:24:52,LIDL BEŽIGRAD,46.063797,14.506854,19,20,OPEN
4,03:34:22,ŠMARTINSKI PARK,46.065206,14.529911,16,20,OPEN
3,03:25:23,SAVSKO NASELJE 1-ŠMARTINSKA CESTA,46.062475,14.524321,17,20,OPEN
5,03:33:48,ČRNUČE,46.102446,14.530213,15,20,OPEN
3,03:31:09,VILHARJEVA CESTA,46.06005,14.51302,17,20,OPEN
0,03:34:35,MASARYKOVA DDC,46.05763,14.514264,18,18,OPEN
0,03:32:02,POGAČARJEV TRG-TRŽNICA,46.051093,14.507186,18,18,OPEN
1,03:31:37,CANKARJEVA UL.-NAMA,46.052431,14.503257,25,26,OPEN
20,03:26:13,ANTONOV TRG,46.041753,14.477016,0,20,OPEN
16,03:28:30,PRUŠNIKOVA,46.090608,14.471637,4,20,OPEN
10,03:30:09,TEHNOLOŠKI PARK,46.04843,14.461086,10,20,OPEN
14,03:26:07,KOSEŠKI BAJER,46.068443,14.470913,6,20,OPEN
0,03:30:30,TIVOLI,46.05952,14.4982,20,20,OPEN
6,03:27:16,TRŽNICA MOSTE,46.055801,14.534156,15,21,OPEN
3,03:32:45,GRUDNOVO NABREŽJE-KARLOVŠKA C.,46.045748,14.506196,15,18,OPEN
6,03:27:17,LIDL-LITIJSKA CESTA,46.047689,14.547416,13,20,OPEN
26,03:34:36,ŠPORTNI CENTER STOŽICE,46.08259,14.52016,0,26,OPEN
10,03:25:22,ŠPICA,46.040213,14.512044,8,18,OPEN
3,03:27:17,ROŠKA - STRELIŠKA,46.045,14.51846,17,20,OPEN
1,03:27:09,BAVARSKI DVOR,46.05682,14.50551,19,20,OPEN
4,03:25:09,STARA CERKEV,46.06342,14.494588,10,14,OPEN
16,03:26:31,SITULA,46.059433,14.52051,4,20,OPEN
6,03:25:43,ILIRSKA ULICA,46.053144,14.513479,12,18,OPEN
7,03:25:23,LIDL - RUDNIK,46.020012,14.532479,13,20,OPEN
7,03:33:07,KOPALIŠČE KOLEZIJA,46.042867,14.495239,13,20,OPEN
16,03:28:06,POVŠETOVA - KAJUHOVA,46.051512,14.539272,4,20,OPEN
13,03:33:01,DUNAJSKA C.-PS MERCATOR,46.074193,14.511134,5,18,OPEN
0,03:30:26,CITYPARK,46.068805,14.546257,20,20,OPEN
8,03:24:57,KOPRSKA ULICA,46.033408,14.482468,0,8,OPEN
15,03:29:09,LIDL - VOJKOVA CESTA,46.07589,14.52011,5,20,OPEN
10,03:25:36,POLJANSKA-POTOČNIKOVA,46.048982,14.522709,10,20,OPEN
10,03:31:45,POVŠETOVA-GRABLOVIČEVA,46.051863,14.530349,9,19,OPEN
2,03:30:36,PARK NAVJE-ŽELEZNA CESTA,46.06361,14.51315,18,20,OPEN
12,03:33:58,ZALOG,46.06043,14.613797,8,20,OPEN
11,03:29:35,CESTA NA ROŽNIK,46.053241,14.486206,9,20,OPEN
9,03:33:03,HOFER-KAJUHOVA,46.056405,14.540901,11,20,OPEN
2,03:34:05,DUNAJSKA C.-PS PETROL,46.065136,14.509112,18,20,OPEN
14,03:32:32,STUDENEC,46.054615,14.576031,6,20,OPEN
2,03:27:11,PARKIRIŠČE NUK 2-FF,46.046377,14.501256,18,20,OPEN
14,03:29:06,BRATOVŠEVA PLOŠČAD,46.08929,14.513751,6,20,OPEN
0,03:24:57,KONGRESNI TRG-ŠUBIČEVA ULICA,46.050388,14.504623,20,20,OPEN
14,03:31:28,BS4-STOŽICE,46.086761,14.514151,6,20,OPEN
20,03:28:45,GERBIČEVA - ŠPORTNI PARK SVOBODA,46.039384,14.485458,0,20,OPEN
1,03:32:36,ŽIVALSKI VRT,46.052454,14.472149,19,20,OPEN
6,03:28:52,VOKA - SLOVENČEVA,46.075207,14.504734,14,20,OPEN
0,03:27:10,BTC CITY/DVORANA A,46.065297,14.543996,20,20,OPEN
0,03:29:49,TRNOVO,46.03784,14.50001,16,20,OPEN
16,03:31:46,P+R BARJE,46.02749,14.49958,4,20,OPEN
4,03:27:27,ROŽNA DOLINA-ŠKRABČEVA UL.,46.051439,14.49273,13,18,OPEN
11,03:27:23,KINO ŠIŠKA,46.06928,14.48971,15,26,OPEN
11,03:33:52,ZALOŠKA C.-GRABLOVIČEVA C.,46.05441,14.52978,5,16,OPEN
20,03:26:48,BRODARJEV TRG,46.054398,14.553319,0,20,OPEN
14,03:31:00,DOLENJSKA C. - STRELIŠČE,46.038866,14.517605,6,20,OPEN
19,03:28:11,ŠTEPANJSKO NASELJE 1-JAKČEVA ULICA,46.053047,14.545125,0,19,OPEN
20,03:25:58,SOSESKA NOVO BRDO,46.045617,14.462281,0,20,OPEN
18,03:29:27,TRŽNICA KOSEZE,46.074315,14.475483,0,18,OPEN
8,03:33:50,ALEJA - CELOVŠKA CESTA,46.077302,14.482581,12,20,OPEN
5,03:26:06,MERCATOR CENTER ŠIŠKA,46.087079,14.475439,17,22,OPEN
3,03:28:30,GH ŠENTPETER-NJEGOŠEVA C.,46.05257,14.51928,21,24,OPEN
18,03:26:50,HOFER - POLJE,46.053718,14.589284,2,20,OPEN
14,03:28:31,VIŠKO POLJE,46.046189,14.469037,6,20,OPEN
14,03:24:53,BONIFACIJA,46.039641,14.472664,7,21,OPEN
14,03:28:42,P + R DOLGI MOST,46.037003,14.465229,6,20,OPEN
0,03:34:28,DRAVLJE,46.07984,14.479952,20,20,OPEN
10,03:34:30,POLJE,46.05722,14.583537,10,20,OPEN
17,03:26:05,SUPERNOVA LJUBLJANA - RUDNIK,46.021586,14.536745,3,20,OPEN
12,03:32:30,SREDNJA FRIZERSKA ŠOLA,46.080522,14.491439,8,20,OPEN
0,03:32:17,TRG OF-KOLODVORSKA UL.,46.057421,14.510265,26,26,OPEN
6,03:26:52,TRG MDB,46.047565,14.495687,14,20,OPEN
3,03:32:07,TRŽAŠKA C.-ILIRIJA,46.044629,14.486699,17,20,OPEN
0,03:28:38,PREŠERNOV TRG-PETKOVŠKOVO NABREŽJE,46.051367,14.506542,20,20,OPEN
6,03:33:25,MERCATOR MARKET - CELOVŠKA C. 163,46.073264,14.485942,14,20,OPEN
19,03:33:06,SAVSKO NASELJE 2-LINHARTOVA CESTA,46.064546,14.518013,1,20,OPEN
2,03:24:51,BREG,46.046498,14.505148,17,20,OPEN
0,03:33:54,BTC CITY ATLANTIS,46.063081,14.547851,20,20,OPEN
0,03:29:49,IKEA,46.065175,14.539537,20,20,OPEN
1,03:26:19,MIKLOŠIČEV PARK,46.054168,14.50706,17,18,OPEN
16,03:27:41,BARJANSKA C.-CENTER STAREJŠIH TRNOVO,46.04081,14.49951,4,20,OPEN
0,03:33:36,LEK - VEROVŠKOVA,46.076856,14.500222,20,20,OPEN
1,03:28:28,AMBROŽEV TRG,46.049877,14.516308,17,18,OPEN
4,03:26:09,VOJKOVA - GASILSKA BRIGADA,46.068727,14.516858,16,20,OPEN
18,03:33:32,RAKOVNIK,46.036284,14.522948,2,20,OPEN
11,03:28:55,PREGLOV TRG,46.054554,14.55908,9,20,OPEN
4,03:25:26,PLEČNIKOV STADION,46.06942,14.51052,14,18,OPEN
