available_bikes,last_update,name,position.lat,position.lng,available_bike_stands,bike_stands,status
30,11:29:23,SMITHFIELD NORTH,53.349562,-6.278198,0,30,OPEN
8,11:32:40,PARNELL SQUARE NORTH,53.3537415547453,-6.26530144781526,12,20,OPEN
26,11:30:54,CLONMEL STREET,53.336021,-6.26298,7,33,OPEN
9,11:30:33,AVONDALE ROAD,53.359405,-6.276142,26,35,OPEN
0,11:32:30,JAMES STREET EAST,53.336597,-6.248109,30,30,OPEN
12,11:29:16,MOUNT STREET LOWER,53.33796,-6.24153,28,40,OPEN
17,11:34:01,CHRISTCHURCH PLACE,53.343368,-6.27012,3,20,OPEN
25,11:30:45,GRANTHAM STREET,53.334123,-6.265436,5,30,OPEN
22,11:31:36,PEARSE STREET,53.344304,-6.250427,8,30,OPEN
14,11:29:46,YORK STREET EAST,53.338755,-6.262003,18,32,OPEN
1,11:30:38,EXCISE WALK,53.347777,-6.244239,39,40,OPEN
7,11:30:27,FITZWILLIAM SQUARE WEST,53.336074,-6.252825,22,30,OPEN
14,11:32:09,PORTOBELLO ROAD,53.330091,-6.268044,16,30,OPEN
0,11:30:18,PARNELL STREET,53.350929,-6.265125,0,20,OPEN
38,11:34:15,FREDERICK STREET SOUTH,53.341515,-6.256853,2,40,OPEN
11,11:32:32,FOWNES STREET UPPER,53.344603,-6.263371,19,30,OPEN
31,11:28:32,CLARENDON ROW,53.340927,-6.262501,0,31,OPEN
30,11:30:55,CUSTOM HOUSE,53.348279,-6.254662,0,30,OPEN
21,11:28:26,RATHDOWN ROAD,53.35893,-6.280337,19,40,OPEN
5,11:33:45,NORTH CIRCULAR ROAD (O'CONNELL'S),53.357841,-6.251557,25,30,OPEN
4,11:29:59,HANOVER QUAY,53.344115,-6.237153,36,40,OPEN
0,11:31:44,OLIVER BOND STREET,53.343893,-6.280531,30,30,OPEN
0,11:30:34,COLLINS BARRACKS MUSEUM,53.347477,-6.28525,38,38,OPEN
17,11:32:08,BROOKFIELD ROAD,53.339005,-6.300217,13,30,OPEN
2,11:26:42,BENSON STREET,53.344153,-6.233451,38,40,OPEN
10,11:27:52,EARLSFORT TERRACE,53.334295,-6.258503,20,30,OPEN
7,11:30:16,GOLDEN LANE,53.340803,-6.267732,13,20,OPEN
12,11:32:47,DEVERELL PLACE,53.351464,-6.255265,18,30,OPEN
31,11:31:37,WILTON TERRACE (PARK),53.333653,-6.248345,9,40,OPEN
9,11:29:32,JOHN STREET WEST,53.343105,-6.277167,22,31,OPEN
6,11:32:32,FENIAN STREET,53.341428,-6.24672,29,35,OPEN
1,11:33:23,MERRION SQUARE SOUTH,53.338614,-6.248606,39,40,OPEN
4,11:34:16,SOUTH DOCK ROAD,53.341833,-6.231291,26,30,OPEN
5,11:32:27,CITY QUAY,53.346637,-6.246154,25,30,OPEN
11,11:32:05,EXCHEQUER STREET,53.343034,-6.263578,13,24,OPEN
10,11:33:59,THE POINT,53.346867,-6.230852,30,40,OPEN
0,11:28:35,BROADSTONE,53.3547,-6.272314,30,30,OPEN
14,11:31:55,HATCH STREET,53.33403,-6.260714,22,36,OPEN
1,11:32:52,LIME STREET,53.346026,-6.243576,38,40,OPEN
18,11:32:55,CHARLEMONT PLACE,53.330662,-6.260177,22,40,OPEN
10,11:29:40,KILMAINHAM GAOL,53.342113,-6.310015,30,40,OPEN
4,11:28:16,HARDWICKE PLACE,53.357043,-6.263232,21,25,OPEN
29,11:29:32,WOLFE TONE STREET,53.348875,-6.267459,0,29,OPEN
2,11:30:47,FRANCIS STREET,53.342081,-6.275233,28,30,OPEN
13,11:31:26,GREEK STREET,53.346874,-6.272976,7,20,OPEN
11,11:33:58,GUILD STREET,53.347932,-6.240928,29,40,OPEN
3,11:31:44,HERBERT PLACE,53.334432,-6.245575,27,30,OPEN
5,11:29:30,HIGH STREET,53.343565,-6.275071,24,29,OPEN
17,11:32:59,NORTH CIRCULAR ROAD,53.359624,-6.260348,13,30,OPEN
10,11:29:55,WESTERN WAY,53.354929,-6.269425,30,40,OPEN
7,11:31:15,TALBOT STREET,53.350974,-6.25294,33,40,OPEN
1,11:33:46,NEWMAN HOUSE,53.337132,-6.26059,39,40,OPEN
10,11:30:49,SIR PATRICK DUN'S,53.339218,-6.240642,30,40,OPEN
22,11:28:18,NEW CENTRAL BANK,53.347122,-6.234749,18,40,OPEN
10,11:31:25,GRANGEGORMAN LOWER (CENTRAL),53.355173,-6.278424,30,40,OPEN
7,11:29:51,KING STREET NORTH,53.350291,-6.273507,23,30,OPEN
24,11:32:56,KILLARNEY STREET,53.354845,-6.247579,6,30,OPEN
25,11:29:44,HERBERT STREET,53.335742,-6.24551,15,40,OPEN
5,11:29:36,HANOVER QUAY EAST,53.343653,-6.231755,35,40,OPEN
6,11:33:53,CUSTOM HOUSE QUAY,53.347884,-6.248048,24,30,OPEN
20,11:29:26,MOLESWORTH STREET,53.341288,-6.258117,0,20,OPEN
8,11:28:38,GEORGES QUAY,53.347508,-6.252192,12,20,OPEN
4,11:31:37,KILMAINHAM LANE,53.341805,-6.305085,26,30,OPEN
13,11:29:02,MOUNT BROWN,53.341645,-6.29719,9,22,OPEN
21,11:28:25,MARKET STREET SOUTH,53.342296,-6.287661,17,38,OPEN
3,11:28:57,KEVIN STREET,53.337757,-6.267699,37,40,OPEN
8,11:31:32,ECCLES STREET EAST,53.358115,-6.265601,19,27,OPEN
5,11:32:29,GRAND CANAL DOCK,53.342638,-6.238695,35,40,OPEN
6,11:32:27,MERRION SQUARE EAST,53.339434,-6.246548,24,30,OPEN
19,11:32:29,YORK STREET WEST,53.339334,-6.264699,21,40,OPEN
7,11:29:37,ST. STEPHEN'S GREEN SOUTH,53.337494,-6.26199,23,30,OPEN
0,11:25:03,DENMARK STREET GREAT,53.35561,-6.261397,20,20,OPEN
5,11:32:35,ROYAL HOSPITAL,53.343897,-6.29706,35,40,OPEN
12,11:31:36,HEUSTON STATION (CAR PARK),53.346985,-6.297804,28,40,OPEN
4,11:32:39,GRANGEGORMAN LOWER (NORTH),53.355954,-6.278378,32,36,OPEN
19,11:28:25,ST. STEPHEN'S GREEN EAST,53.337824,-6.256035,21,40,OPEN
16,11:30:39,HEUSTON STATION (CENTRAL),53.346603,-6.296924,24,40,OPEN
17,11:32:19,TOWNSEND STREET,53.345922,-6.254614,3,20,OPEN
10,11:33:27,GEORGES LANE,53.35023,-6.279696,30,40,OPEN
20,11:32:50,PHIBSBOROUGH ROAD,53.356307,-6.273717,20,40,OPEN
2,11:29:52,ECCLES STREET,53.359246,-6.269779,18,20,OPEN
19,11:31:44,PORTOBELLO HARBOUR,53.330362,-6.265163,11,30,OPEN
4,11:30:37,MATER HOSPITAL,53.359967,-6.264828,36,40,OPEN
0,11:29:35,BLESSINGTON STREET,53.356769,-6.26814,20,20,OPEN
4,11:32:48,JAMES STREET,53.343456,-6.287409,36,40,OPEN
0,11:28:39,MOUNTJOY SQUARE EAST,53.356717,-6.256359,40,40,OPEN
12,11:28:29,MERRION SQUARE WEST,53.339764,-6.251988,8,20,OPEN
0,11:32:20,CONVENTION CENTRE,53.34744,-6.238523,40,40,OPEN
0,11:32:30,HARDWICKE STREET,53.355473,-6.264423,16,16,OPEN
14,11:28:49,PARKGATE STREET,53.347972,-6.291804,24,38,OPEN
18,11:32:42,SMITHFIELD,53.347692,-6.278214,12,30,OPEN
16,11:33:06,DAME STREET,53.344007,-6.266802,0,16,OPEN
8,11:32:44,HEUSTON BRIDGE (SOUTH),53.347106,-6.292041,17,25,OPEN
14,11:32:33,CATHAL BRUGHA STREET,53.352149,-6.260533,6,20,OPEN
18,11:31:39,SANDWITH STREET,53.345203,-6.247163,22,40,OPEN
26,11:31:34,BUCKINGHAM STREET LOWER,53.353331,-6.249319,3,29,OPEN
16,11:32:28,ROTHE ABBEY,53.338776,-6.30395,19,35,OPEN
16,11:32:12,CHARLEVILLE ROAD,53.359157,-6.281866,24,40,OPEN
20,11:32:58,PRINCES STREET / O'CONNELL STREET,53.349013,-6.260311,3,23,OPEN
12,11:31:38,UPPER SHERRARD STREET,53.358437,-6.260641,18,30,OPEN
0,11:31:53,FITZWILLIAM SQUARE EAST,53.335211,-6.2509,40,40,OPEN
17,11:29:31,GRATTAN STREET,53.339629,-6.243778,6,23,OPEN
5,11:32:27,ST JAMES HOSPITAL (LUAS),53.341359,-6.292951,35,40,OPEN
18,11:28:28,HARCOURT TERRACE,53.332763,-6.257942,2,20,OPEN
17,11:34:31,BOLTON STREET,53.351182,-6.269859,3,20,OPEN
20,11:33:16,JERVIS STREET,53.3483,-6.266651,1,21,OPEN
14,11:31:44,ORMOND QUAY UPPER,53.346057,-6.268001,15,29,OPEN
14,11:30:59,GRANGEGORMAN LOWER (SOUTH),53.354663,-6.278681,26,40,OPEN
12,11:30:51,MOUNTJOY SQUARE WEST,53.356299,-6.258586,18,30,OPEN
2,11:31:06,WILTON TERRACE,53.332383,-6.252717,18,20,OPEN
24,11:30:54,EMMET ROAD,53.340714,-6.308191,16,40,OPEN
17,11:29:30,HEUSTON BRIDGE (NORTH),53.347802,-6.292432,23,40,OPEN
28,11:29:00,LEINSTER STREET SOUTH,53.34218,-6.254485,1,30,OPEN
3,11:31:02,BLACKHALL PLACE,53.3488,-6.281637,27,30,OPEN
