available_bikes,last_update,name,position.lat,position.lng,available_bike_stands,bike_stands,status
27,05:07:45,SMITHFIELD NORTH,53.349562,-6.278198,3,30,OPEN
2,05:12:14,PARNELL SQUARE NORTH,53.3537415547453,-6.26530144781526,18,20,OPEN
3,05:13:55,CLONMEL STREET,53.336021,-6.26298,30,33,OPEN
24,05:12:20,AVONDALE ROAD,53.359405,-6.276142,11,35,OPEN
5,05:17:40,JAMES STREET EAST,53.336597,-6.248109,25,30,OPEN
12,05:12:10,MOUNT STREET LOWER,53.33796,-6.24153,28,40,OPEN
0,05:12:14,CHRISTCHURCH PLACE,53.343368,-6.27012,20,20,OPEN
21,05:17:18,GRANTHAM STREET,53.334123,-6.265436,8,30,OPEN
0,05:12:11,PEARSE STREET,53.344304,-6.250427,30,30,OPEN
22,05:15:16,YORK STREET EAST,53.338755,-6.262003,10,32,OPEN
8,05:12:59,EXCISE WALK,53.347777,-6.244239,32,40,OPEN
3,05:12:15,FITZWILLIAM SQUARE WEST,53.336074,-6.252825,27,30,OPEN
8,05:09:38,PORTOBELLO ROAD,53.330091,-6.268044,22,30,OPEN
12,05:11:18,PARNELL STREET,53.350929,-6.265125,8,20,OPEN
21,05:08:49,FREDERICK STREET SOUTH,53.341515,-6.256853,19,40,OPEN
20,05:14:13,FOWNES STREET UPPER,53.344603,-6.263371,10,30,OPEN
9,05:17:20,CLARENDON ROW,53.340927,-6.262501,21,31,OPEN
29,05:11:41,CUSTOM HOUSE,53.348279,-6.254662,1,30,OPEN
20,05:09:44,RATHDOWN ROAD,53.35893,-6.280337,20,40,OPEN
5,05:12:08,NORTH CIRCULAR ROAD (O'CONNELL'S),53.357841,-6.251557,25,30,OPEN
15,05:12:11,HANOVER QUAY,53.344115,-6.237153,25,40,OPEN
24,05:10:51,OLIVER BOND STREET,53.343893,-6.280531,6,30,OPEN
14,05:13:36,COLLINS BARRACKS MUSEUM,53.347477,-6.28525,24,38,OPEN
22,05:09:42,BROOKFIELD ROAD,53.339005,-6.300217,8,30,OPEN
0,05:12:14,BENSON STREET,53.344153,-6.233451,40,40,OPEN
2,05:12:08,EARLSFORT TERRACE,53.334295,-6.258503,28,30,OPEN
0,05:11:04,GOLDEN LANE,53.340803,-6.267732,20,20,OPEN
15,05:08:02,DEVERELL PLACE,53.351464,-6.255265,15,30,OPEN
6,05:12:13,WILTON TERRACE (PARK),53.333653,-6.248345,34,40,OPEN
18,05:07:47,JOHN STREET WEST,53.343105,-6.277167,13,31,OPEN
4,05:09:33,FENIAN STREET,53.341428,-6.24672,31,35,OPEN
2,05:11:08,MERRION SQUARE SOUTH,53.338614,-6.248606,38,40,OPEN
3,05:12:10,SOUTH DOCK ROAD,53.341833,-6.231291,27,30,OPEN
3,05:12:11,CITY QUAY,53.346637,-6.246154,27,30,OPEN
13,05:10:41,EXCHEQUER STREET,53.343034,-6.263578,11,24,OPEN
4,05:12:19,THE POINT,53.346867,-6.230852,36,40,OPEN
0,05:12:15,BROADSTONE,53.3547,-6.272314,30,30,OPEN
4,05:12:13,HATCH STREET,53.33403,-6.260714,32,36,OPEN
3,05:13:30,LIME STREET,53.346026,-6.243576,37,40,OPEN
5,05:12:10,CHARLEMONT PLACE,53.330662,-6.260177,35,40,OPEN
20,05:10:08,KILMAINHAM GAOL,53.342113,-6.310015,20,40,OPEN
3,05:17:18,HARDWICKE PLACE,53.357043,-6.263232,22,25,OPEN
27,05:10:39,WOLFE TONE STREET,53.348875,-6.267459,2,29,OPEN
4,05:12:11,FRANCIS STREET,53.342081,-6.275233,26,30,OPEN
19,05:11:41,GREEK STREET,53.346874,-6.272976,1,20,OPEN
7,05:11:04,GUILD STREET,53.347932,-6.240928,33,40,OPEN
14,05:15:54,HERBERT PLACE,53.334432,-6.245575,16,30,OPEN
0,05:12:13,HIGH STREET,53.343565,-6.275071,29,29,OPEN
5,05:16:29,NORTH CIRCULAR ROAD,53.359624,-6.260348,25,30,OPEN
8,05:16:18,WESTERN WAY,53.354929,-6.269425,32,40,OPEN
22,05:17:27,TALBOT STREET,53.350974,-6.25294,18,40,OPEN
9,05:12:13,NEWMAN HOUSE,53.337132,-6.26059,31,40,OPEN
10,05:08:54,SIR PATRICK DUN'S,53.339218,-6.240642,30,40,OPEN
7,05:12:14,NEW CENTRAL BANK,53.347122,-6.234749,33,40,OPEN
3,05:12:14,GRANGEGORMAN LOWER (CENTRAL),53.355173,-6.278424,37,40,OPEN
15,05:17:04,KING STREET NORTH,53.350291,-6.273507,15,30,OPEN
30,05:09:41,KILLARNEY STREET,53.354845,-6.247579,0,30,OPEN
8,05:09:37,HERBERT STREET,53.335742,-6.24551,32,40,OPEN
3,05:12:13,HANOVER QUAY EAST,53.343653,-6.231755,37,40,OPEN
8,05:14:09,CUSTOM HOUSE QUAY,53.347884,-6.248048,22,30,OPEN
12,05:08:12,MOLESWORTH STREET,53.341288,-6.258117,8,20,OPEN
17,05:12:11,GEORGES QUAY,53.347508,-6.252192,3,20,OPEN
16,05:12:42,KILMAINHAM LANE,53.341805,-6.305085,14,30,OPEN
4,05:09:01,MOUNT BROWN,53.341645,-6.29719,4,22,OPEN
31,05:10:45,MARKET STREET SOUTH,53.342296,-6.287661,7,38,OPEN
4,05:12:11,KEVIN STREET,53.337757,-6.267699,36,40,OPEN
6,05:13:15,ECCLES STREET EAST,53.358115,-6.265601,21,27,OPEN
17,05:16:21,GRAND CANAL DOCK,53.342638,-6.238695,23,40,OPEN
0,05:12:11,MERRION SQUARE EAST,53.339434,-6.246548,30,30,OPEN
23,05:10:48,YORK STREET WEST,53.339334,-6.264699,17,40,OPEN
12,05:12:13,ST. STEPHEN'S GREEN SOUTH,53.337494,-6.26199,18,30,OPEN
0,05:12:12,DENMARK STREET GREAT,53.35561,-6.261397,20,20,OPEN
18,05:13:28,ROYAL HOSPITAL,53.343897,-6.29706,22,40,OPEN
12,05:14:34,HEUSTON STATION (CAR PARK),53.346985,-6.297804,28,40,OPEN
12,05:09:12,GRANGEGORMAN LOWER (NORTH),53.355954,-6.278378,24,36,OPEN
11,05:12:11,ST. STEPHEN'S GREEN EAST,53.337824,-6.256035,29,40,OPEN
33,05:08:04,HEUSTON STATION (CENTRAL),53.346603,-6.296924,7,40,OPEN
12,05:09:59,TOWNSEND STREET,53.345922,-6.254614,7,20,OPEN
8,05:16:33,GEORGES LANE,53.35023,-6.279696,32,40,OPEN
13,05:12:12,PHIBSBOROUGH ROAD,53.356307,-6.273717,27,40,OPEN
4,05:12:14,ECCLES STREET,53.359246,-6.269779,16,20,OPEN
8,05:10:47,PORTOBELLO HARBOUR,53.330362,-6.265163,22,30,OPEN
5,05:12:14,MATER HOSPITAL,53.359967,-6.264828,35,40,OPEN
1,05:12:12,BLESSINGTON STREET,53.356769,-6.26814,19,20,OPEN
34,05:09:44,JAMES STREET,53.343456,-6.287409,6,40,OPEN
1,17:08:48,ORIEL STREET TEST TERMINAL,53.35463,-6.242615,0,1,OPEN
5,05:10:25,MOUNTJOY SQUARE EAST,53.356717,-6.256359,35,40,OPEN
13,05:09:14,MERRION SQUARE WEST,53.339764,-6.251988,7,20,OPEN
3,05:12:07,CONVENTION CENTRE,53.34744,-6.238523,37,40,OPEN
6,05:12:11,HARDWICKE STREET,53.355473,-6.264423,7,16,OPEN
23,05:12:54,PARKGATE STREET,53.347972,-6.291804,15,38,OPEN
29,05:13:36,SMITHFIELD,53.347692,-6.278214,0,30,OPEN
14,05:15:27,DAME STREET,53.344007,-6.266802,2,16,OPEN
25,05:16:59,HEUSTON BRIDGE (SOUTH),53.347106,-6.292041,0,25,OPEN
19,05:13:14,CATHAL BRUGHA STREET,53.352149,-6.260533,0,20,OPEN
10,05:12:16,SANDWITH STREET,53.345203,-6.247163,30,40,OPEN
29,05:11:30,BUCKINGHAM STREET LOWER,53.353331,-6.249319,0,29,OPEN
31,05:10:11,ROTHE ABBEY,53.338776,-6.30395,4,35,OPEN
24,05:15:07,CHARLEVILLE ROAD,53.359157,-6.281866,16,40,OPEN
10,05:15:02,PRINCES STREET / O'CONNELL STREET,53.349013,-6.260311,13,23,OPEN
13,05:08:12,UPPER SHERRARD STREET,53.358437,-6.260641,17,30,OPEN
2,05:16:10,FITZWILLIAM SQUARE EAST,53.335211,-6.2509,38,40,OPEN
4,05:12:13,GRATTAN STREET,53.339629,-6.243778,19,23,OPEN
26,05:08:41,ST JAMES HOSPITAL (LUAS),53.341359,-6.292951,14,40,OPEN
2,05:12:11,HARCOURT TERRACE,53.332763,-6.257942,18,20,OPEN
20,05:11:57,BOLTON STREET,53.351182,-6.269859,0,20,OPEN
20,05:15:55,JERVIS STREET,53.3483,-6.266651,1,21,OPEN
25,05:12:11,ORMOND QUAY UPPER,53.346057,-6.268001,4,29,OPEN
0,05:12:14,GRANGEGORMAN LOWER (SOUTH),53.354663,-6.278681,40,40,OPEN
3,05:15:38,MOUNTJOY SQUARE WEST,53.356299,-6.258586,27,30,OPEN
6,05:12:22,WILTON TERRACE,53.332383,-6.252717,14,20,OPEN
24,05:08:29,EMMET ROAD,53.340714,-6.308191,16,40,OPEN
27,05:13:17,HEUSTON BRIDGE (NORTH),53.347802,-6.292432,13,40,OPEN
26,05:08:13,LEINSTER STREET SOUTH,53.34218,-6.254485,4,30,OPEN
30,05:12:22,BLACKHALL PLACE,53.3488,-6.281637,0,30,OPEN
