available_bikes,last_update,name,position.lat,position.lng,available_bike_stands,bike_stands,status
27,14:31:41,SMITHFIELD NORTH,53.349562,-6.278198,3,30,OPEN
1,14:30:04,PARNELL SQUARE NORTH,53.3537415547453,-6.26530144781526,19,20,OPEN
21,14:24:58,CLONMEL STREET,53.336021,-6.26298,12,33,OPEN
0,14:23:22,AVONDALE ROAD,53.359405,-6.276142,35,35,OPEN
3,14:25:46,JAMES STREET EAST,53.336597,-6.248109,27,30,OPEN
17,14:30:19,MOUNT STREET LOWER,53.33796,-6.24153,23,40,OPEN
20,14:24:03,CHRISTCHURCH PLACE,53.343368,-6.27012,0,20,OPEN
17,14:24:59,GRANTHAM STREET,53.334123,-6.265436,13,30,OPEN
29,14:27:06,PEARSE STREET,53.344304,-6.250427,1,30,OPEN
30,14:22:49,YORK STREET EAST,53.338755,-6.262003,2,32,OPEN
0,14:29:40,EXCISE WALK,53.347777,-6.244239,40,40,OPEN
3,14:27:00,FITZWILLIAM SQUARE WEST,53.336074,-6.252825,27,30,OPEN
7,14:27:05,PORTOBELLO ROAD,53.330091,-6.268044,23,30,OPEN
2,14:30:58,PARNELL STREET,53.350929,-6.265125,18,20,OPEN
30,14:29:58,FREDERICK STREET SOUTH,53.341515,-6.256853,10,40,OPEN
28,14:31:16,FOWNES STREET UPPER,53.344603,-6.263371,2,30,OPEN
30,14:27:22,CLARENDON ROW,53.340927,-6.262501,1,31,OPEN
30,14:28:42,CUSTOM HOUSE,53.348279,-6.254662,0,30,OPEN
7,14:30:56,RATHDOWN ROAD,53.35893,-6.280337,33,40,OPEN
10,14:30:48,NORTH CIRCULAR ROAD (O'CONNELL'S),53.357841,-6.251557,20,30,OPEN
17,14:26:24,HANOVER QUAY,53.344115,-6.237153,23,40,OPEN
2,14:25:43,OLIVER BOND STREET,53.343893,-6.280531,28,30,OPEN
8,14:22:38,COLLINS BARRACKS MUSEUM,53.347477,-6.28525,30,38,OPEN
11,14:24:34,BROOKFIELD ROAD,53.339005,-6.300217,19,30,OPEN
14,14:25:57,BENSON STREET,53.344153,-6.233451,26,40,OPEN
16,14:28:20,EARLSFORT TERRACE,53.334295,-6.258503,14,30,OPEN
5,14:23:35,GOLDEN LANE,53.340803,-6.267732,15,20,OPEN
5,14:26:42,DEVERELL PLACE,53.351464,-6.255265,25,30,OPEN
8,14:28:32,WILTON TERRACE (PARK),53.333653,-6.248345,32,40,OPEN
0,14:29:25,JOHN STREET WEST,53.343105,-6.277167,31,31,OPEN
25,14:29:46,FENIAN STREET,53.341428,-6.24672,10,35,OPEN
11,14:21:57,MERRION SQUARE SOUTH,53.338614,-6.248606,29,40,OPEN
19,14:29:54,SOUTH DOCK ROAD,53.341833,-6.231291,11,30,OPEN
0,14:30:45,CITY QUAY,53.346637,-6.246154,30,30,OPEN
24,14:30:41,EXCHEQUER STREET,53.343034,-6.263578,0,24,OPEN
7,14:21:56,THE POINT,53.346867,-6.230852,33,40,OPEN
0,14:25:51,BROADSTONE,53.3547,-6.272314,30,30,OPEN
4,14:28:08,HATCH STREET,53.33403,-6.260714,32,36,OPEN
4,14:27:04,LIME STREET,53.346026,-6.243576,36,40,OPEN
0,14:25:20,CHARLEMONT PLACE,53.330662,-6.260177,40,40,OPEN
3,14:29:05,KILMAINHAM GAOL,53.342113,-6.310015,37,40,OPEN
1,14:22:04,HARDWICKE PLACE,53.357043,-6.263232,24,25,OPEN
26,14:30:28,WOLFE TONE STREET,53.348875,-6.267459,3,29,OPEN
11,14:26:14,GREEK STREET,53.346874,-6.272976,9,20,OPEN
4,14:23:31,GUILD STREET,53.347932,-6.240928,36,40,OPEN
27,14:26:56,HERBERT PLACE,53.334432,-6.245575,3,30,OPEN
6,14:29:48,HIGH STREET,53.343565,-6.275071,23,29,OPEN
7,14:25:59,NORTH CIRCULAR ROAD,53.359624,-6.260348,23,30,OPEN
17,14:23:52,WESTERN WAY,53.354929,-6.269425,23,40,OPEN
32,14:28:25,TALBOT STREET,53.350974,-6.25294,8,40,OPEN
0,14:25:27,NEWMAN HOUSE,53.337132,-6.26059,40,40,OPEN
40,14:31:40,SIR PATRICK DUN'S,53.339218,-6.240642,0,40,OPEN
12,14:26:15,NEW CENTRAL BANK,53.347122,-6.234749,28,40,OPEN
0,14:26:58,GRANGEGORMAN LOWER (CENTRAL),53.355173,-6.278424,40,40,OPEN
7,14:28:22,KING STREET NORTH,53.350291,-6.273507,23,30,OPEN
12,14:25:31,KILLARNEY STREET,53.354845,-6.247579,18,30,OPEN
11,14:22:36,HERBERT STREET,53.335742,-6.24551,29,40,OPEN
24,14:24:31,HANOVER QUAY EAST,53.343653,-6.231755,16,40,OPEN
12,14:25:42,CUSTOM HOUSE QUAY,53.347884,-6.248048,18,30,OPEN
17,14:22:02,MOLESWORTH STREET,53.341288,-6.258117,3,20,OPEN
20,14:28:56,GEORGES QUAY,53.347508,-6.252192,0,20,OPEN
12,14:24:40,KILMAINHAM LANE,53.341805,-6.305085,18,30,OPEN
5,14:29:23,MOUNT BROWN,53.341645,-6.29719,17,22,OPEN
9,14:27:15,MARKET STREET SOUTH,53.342296,-6.287661,29,38,OPEN
0,14:29:57,KEVIN STREET,53.337757,-6.267699,40,40,OPEN
5,14:28:20,ECCLES STREET EAST,53.358115,-6.265601,22,27,OPEN
25,14:28:10,GRAND CANAL DOCK,53.342638,-6.238695,15,40,OPEN
7,14:24:55,MERRION SQUARE EAST,53.339434,-6.246548,23,30,OPEN
38,14:23:54,YORK STREET WEST,53.339334,-6.264699,2,40,OPEN
5,14:29:22,ST. STEPHEN'S GREEN SOUTH,53.337494,-6.26199,25,30,OPEN
3,14:31:40,DENMARK STREET GREAT,53.35561,-6.261397,17,20,OPEN
15,14:23:15,ROYAL HOSPITAL,53.343897,-6.29706,25,40,OPEN
7,14:24:54,HEUSTON STATION (CAR PARK),53.346985,-6.297804,33,40,OPEN
0,14:27:27,GRANGEGORMAN LOWER (NORTH),53.355954,-6.278378,36,36,OPEN
25,14:24:01,ST. STEPHEN'S GREEN EAST,53.337824,-6.256035,15,40,OPEN
10,14:28:36,HEUSTON STATION (CENTRAL),53.346603,-6.296924,30,40,OPEN
15,14:28:18,TOWNSEND STREET,53.345922,-6.254614,4,20,OPEN
31,14:24:25,GEORGES LANE,53.35023,-6.279696,9,40,OPEN
2,14:27:18,PHIBSBOROUGH ROAD,53.356307,-6.273717,38,40,OPEN
1,14:23:19,ECCLES STREET,53.359246,-6.269779,19,20,OPEN
5,14:23:45,PORTOBELLO HARBOUR,53.330362,-6.265163,25,30,OPEN
2,14:31:00,MATER HOSPITAL,53.359967,-6.264828,38,40,OPEN
1,14:29:19,BLESSINGTON STREET,53.356769,-6.26814,19,20,OPEN
1,14:30:48,JAMES STREET,53.343456,-6.287409,39,40,OPEN
2,14:29:12,MOUNTJOY SQUARE EAST,53.356717,-6.256359,38,40,OPEN
17,14:30:14,MERRION SQUARE WEST,53.339764,-6.251988,3,20,OPEN
2,14:28:21,CONVENTION CENTRE,53.34744,-6.238523,38,40,OPEN
0,14:26:14,HARDWICKE STREET,53.355473,-6.264423,16,16,OPEN
9,14:21:50,PARKGATE STREET,53.347972,-6.291804,29,38,OPEN
29,14:30:09,SMITHFIELD,53.347692,-6.278214,0,30,OPEN
12,14:23:54,DAME STREET,53.344007,-6.266802,4,16,OPEN
20,14:31:53,HEUSTON BRIDGE (SOUTH),53.347106,-6.292041,5,25,OPEN
15,14:23:41,CATHAL BRUGHA STREET,53.352149,-6.260533,5,20,OPEN
28,14:30:36,SANDWITH STREET,53.345203,-6.247163,12,40,OPEN
12,14:24:53,BUCKINGHAM STREET LOWER,53.353331,-6.249319,17,29,OPEN
12,14:27:05,ROTHE ABBEY,53.338776,-6.30395,23,35,OPEN
0,14:31:10,CHARLEVILLE ROAD,53.359157,-6.281866,40,40,OPEN
11,14:31:51,PRINCES STREET / O'CONNELL STREET,53.349013,-6.260311,12,23,OPEN
7,14:28:06,UPPER SHERRARD STREET,53.358437,-6.260641,23,30,OPEN
1,14:28:28,FITZWILLIAM SQUARE EAST,53.335211,-6.2509,39,40,OPEN
11,14:31:21,GRATTAN STREET,53.339629,-6.243778,12,23,OPEN
16,14:29:51,ST JAMES HOSPITAL (LUAS),53.341359,-6.292951,24,40,OPEN
3,14:29:54,HARCOURT TERRACE,53.332763,-6.257942,17,20,OPEN
2,14:28:54,BOLTON STREET,53.351182,-6.269859,18,20,OPEN
19,14:27:06,JERVIS STREET,53.3483,-6.266651,2,21,OPEN
28,14:22:45,ORMOND QUAY UPPER,53.346057,-6.268001,1,29,OPEN
0,14:28:40,GRANGEGORMAN LOWER (SOUTH),53.354663,-6.278681,40,40,OPEN
8,14:25:50,MOUNTJOY SQUARE WEST,53.356299,-6.258586,22,30,OPEN
0,14:28:45,WILTON TERRACE,53.332383,-6.252717,20,20,OPEN
12,14:27:06,EMMET ROAD,53.340714,-6.308191,28,40,OPEN
32,14:22:57,HEUSTON BRIDGE (NORTH),53.347802,-6.292432,7,40,OPEN
24,14:25:16,LEINSTER STREET SOUTH,53.34218,-6.254485,6,30,OPEN
8,14:29:08,BLACKHALL PLACE,53.3488,-6.281637,22,30,OPEN
