available_bikes,last_update,name,position.lat,position.lng,available_bike_stands,bike_stands,status
8,05:57:16,LIDL BEŽIGRAD,46.063797,14.506854,12,20,OPEN
15,05:58:38,ŠMARTINSKI PARK,46.065206,14.529911,5,20,OPEN
3,05:56:30,SAVSKO NASELJE 1-ŠMARTINSKA CESTA,46.062475,14.524321,17,20,OPEN
14,06:02:37,ČRNUČE,46.102446,14.530213,6,20,OPEN
16,06:04:43,VILHARJEVA CESTA,46.06005,14.51302,4,20,OPEN
7,05:59:26,MASARYKOVA DDC,46.05763,14.514264,11,18,OPEN
6,06:03:42,POGAČARJEV TRG-TRŽNICA,46.051093,14.507186,12,18,OPEN
0,06:00:07,CANKARJEVA UL.-NAMA,46.052431,14.503257,25,26,OPEN
16,06:03:45,ANTONOV TRG,46.041753,14.477016,4,20,OPEN
8,05:57:02,PRUŠNIKOVA,46.090608,14.471637,12,20,OPEN
6,05:59:23,TEHNOLOŠKI PARK,46.04843,14.461086,14,20,OPEN
5,05:57:55,KOSEŠKI BAJER,46.068443,14.470913,15,20,OPEN
3,06:02:43,TIVOLI,46.05952,14.4982,17,20,OPEN
15,05:57:19,TRŽNICA MOSTE,46.055801,14.534156,6,21,OPEN
0,05:58:49,GRUDNOVO NABREŽJE-KARLOVŠKA C.,46.045748,14.506196,17,18,OPEN
6,05:56:35,LIDL-LITIJSKA CESTA,46.047689,14.547416,14,20,OPEN
9,06:04:24,ŠPORTNI CENTER STOŽICE,46.08259,14.52016,17,26,OPEN
4,05:57:26,ŠPICA,46.040213,14.512044,14,18,OPEN
13,05:55:54,ROŠKA - STRELIŠKA,46.045,14.51846,7,20,OPEN
0,06:04:43,BAVARSKI DVOR,46.05682,14.50551,20,20,OPEN
8,05:57:39,STARA CERKEV,46.06342,14.494588,6,14,OPEN
10,06:04:27,SITULA,46.059433,14.52051,10,20,OPEN
6,06:01:43,ILIRSKA ULICA,46.053144,14.513479,12,18,OPEN
2,06:02:53,LIDL - RUDNIK,46.020012,14.532479,18,20,OPEN
3,06:04:02,KOPALIŠČE KOLEZIJA,46.042867,14.495239,17,20,OPEN
12,05:56:08,POVŠETOVA - KAJUHOVA,46.051512,14.539272,8,20,OPEN
11,06:03:14,DUNAJSKA C.-PS MERCATOR,46.074193,14.511134,7,18,OPEN
5,06:04:40,CITYPARK,46.068805,14.546257,15,20,OPEN
5,05:57:33,KOPRSKA ULICA,46.033408,14.482468,3,8,OPEN
18,05:56:22,LIDL - VOJKOVA CESTA,46.07589,14.52011,0,20,OPEN
11,06:03:11,POLJANSKA-POTOČNIKOVA,46.048982,14.522709,9,20,OPEN
19,05:59:40,POVŠETOVA-GRABLOVIČEVA,46.051863,14.530349,0,19,OPEN
16,05:57:45,PARK NAVJE-ŽELEZNA CESTA,46.06361,14.51315,4,20,OPEN
3,06:02:44,ZALOG,46.06043,14.613797,17,20,OPEN
0,06:03:04,CESTA NA ROŽNIK,46.053241,14.486206,20,20,OPEN
5,05:57:06,HOFER-KAJUHOVA,46.056405,14.540901,15,20,OPEN
0,05:59:16,DUNAJSKA C.-PS PETROL,46.065136,14.509112,20,20,OPEN
5,06:00:08,STUDENEC,46.054615,14.576031,15,20,OPEN
18,06:03:26,PARKIRIŠČE NUK 2-FF,46.046377,14.501256,2,20,OPEN
9,05:57:03,BRATOVŠEVA PLOŠČAD,46.08929,14.513751,11,20,OPEN
12,06:03:49,KONGRESNI TRG-ŠUBIČEVA ULICA,46.050388,14.504623,8,20,OPEN
7,06:02:02,BS4-STOŽICE,46.086761,14.514151,12,20,OPEN
20,05:56:56,GERBIČEVA - ŠPORTNI PARK SVOBODA,46.039384,14.485458,0,20,OPEN
4,06:04:23,ŽIVALSKI VRT,46.052454,14.472149,16,20,OPEN
12,05:55:50,VOKA - SLOVENČEVA,46.075207,14.504734,8,20,OPEN
4,06:01:56,BTC CITY/DVORANA A,46.065297,14.543996,16,20,OPEN
5,05:56:25,TRNOVO,46.03784,14.50001,15,20,OPEN
8,06:03:43,P+R BARJE,46.02749,14.49958,12,20,OPEN
3,06:01:33,ROŽNA DOLINA-ŠKRABČEVA UL.,46.051439,14.49273,15,18,OPEN
17,06:02:37,KINO ŠIŠKA,46.06928,14.48971,9,26,OPEN
16,05:57:19,ZALOŠKA C.-GRABLOVIČEVA C.,46.05441,14.52978,0,16,OPEN
10,06:04:30,BRODARJEV TRG,46.054398,14.553319,10,20,OPEN
13,06:00:39,DOLENJSKA C. - STRELIŠČE,46.038866,14.517605,7,20,OPEN
7,05:55:52,ŠTEPANJSKO NASELJE 1-JAKČEVA ULICA,46.053047,14.545125,12,19,OPEN
12,06:04:35,SOSESKA NOVO BRDO,46.045617,14.462281,8,20,OPEN
8,05:58:35,TRŽNICA KOSEZE,46.074315,14.475483,10,18,OPEN
12,06:00:03,ALEJA - CELOVŠKA CESTA,46.077302,14.482581,8,20,OPEN
12,06:03:24,MERCATOR CENTER ŠIŠKA,46.087079,14.475439,10,22,OPEN
11,06:01:12,GH ŠENTPETER-NJEGOŠEVA C.,46.05257,14.51928,13,24,OPEN
6,05:58:49,HOFER - POLJE,46.053718,14.589284,14,20,OPEN
7,06:04:25,VIŠKO POLJE,46.046189,14.469037,13,20,OPEN
1,05:59:53,BONIFACIJA,46.039641,14.472664,20,21,OPEN
6,05:55:21,P + R DOLGI MOST,46.037003,14.465229,14,20,OPEN
0,06:04:39,DRAVLJE,46.07984,14.479952,20,20,OPEN
8,05:54:57,POLJE,46.05722,14.583537,12,20,OPEN
4,06:04:08,SUPERNOVA LJUBLJANA - RUDNIK,46.021586,14.536745,16,20,OPEN
12,06:03:17,SREDNJA FRIZERSKA ŠOLA,46.080522,14.491439,8,20,OPEN
0,05:56:55,TRG OF-KOLODVORSKA UL.,46.057421,14.510265,26,26,OPEN
20,06:00:35,TRG MDB,46.047565,14.495687,0,20,OPEN
19,05:56:03,TRŽAŠKA C.-ILIRIJA,46.044629,14.486699,1,20,OPEN
3,05:55:22,PREŠERNOV TRG-PETKOVŠKOVO NABREŽJE,46.051367,14.506542,17,20,OPEN
16,05:57:57,MERCATOR MARKET - CELOVŠKA C. 163,46.073264,14.485942,4,20,OPEN
15,05:56:53,SAVSKO NASELJE 2-LINHARTOVA CESTA,46.064546,14.518013,5,20,OPEN
5,05:59:50,BREG,46.046498,14.505148,14,20,OPEN
8,06:02:03,BTC CITY ATLANTIS,46.063081,14.547851,12,20,OPEN
5,05:56:04,IKEA,46.065175,14.539537,15,20,OPEN
3,05:57:34,MIKLOŠIČEV PARK,46.054168,14.50706,15,18,OPEN
10,05:57:42,BARJANSKA C.-CENTER STAREJŠIH TRNOVO,46.04081,14.49951,10,20,OPEN
0,06:02:42,LEK - VEROVŠKOVA,46.076856,14.500222,20,20,OPEN
16,05:56:37,AMBROŽEV TRG,46.049877,14.516308,2,18,OPEN
6,06:00:44,VOJKOVA - GASILSKA BRIGADA,46.068727,14.516858,14,20,OPEN
13,05:56:37,RAKOVNIK,46.036284,14.522948,7,20,OPEN
6,06:02:56,PREGLOV TRG,46.054554,14.55908,14,20,OPEN
3,05:55:26,PLEČNIKOV STADION,46.06942,14.51052,15,18,OPEN
