available_bikes,last_update,name,position.lat,position.lng,available_bike_stands,bike_stands,status
28,22:07:24,SMITHFIELD NORTH,53.349562,-6.278198,2,30,OPEN
2,22:11:58,PARNELL SQUARE NORTH,53.3537415547453,-6.26530144781526,18,20,OPEN
2,22:06:50,CLONMEL STREET,53.336021,-6.26298,31,33,OPEN
16,22:13:28,AVONDALE ROAD,53.359405,-6.276142,19,35,OPEN
9,22:08:03,JAMES STREET EAST,53.336597,-6.248109,21,30,OPEN
7,22:07:37,MOUNT STREET LOWER,53.33796,-6.24153,33,40,OPEN
7,22:16:00,CHRISTCHURCH PLACE,53.343368,-6.27012,13,20,OPEN
3,22:13:24,GRANTHAM STREET,53.334123,-6.265436,27,30,OPEN
27,22:13:14,PEARSE STREET,53.344304,-6.250427,3,30,OPEN
0,22:14:37,YORK STREET EAST,53.338755,-6.262003,32,32,OPEN
10,22:07:42,EXCISE WALK,53.347777,-6.244239,30,40,OPEN
3,22:15:26,FITZWILLIAM SQUARE WEST,53.336074,-6.252825,27,30,OPEN
29,22:12:27,PORTOBELLO ROAD,53.330091,-6.268044,1,30,OPEN
20,22:11:30,PARNELL STREET,53.350929,-6.265125,0,20,OPEN
6,22:10:34,FREDERICK STREET SOUTH,53.341515,-6.256853,34,40,OPEN
7,22:10:50,FOWNES STREET UPPER,53.344603,-6.263371,23,30,OPEN
0,22:07:36,CLARENDON ROW,53.340927,-6.262501,31,31,OPEN
30,22:08:07,CUSTOM HOUSE,53.348279,-6.254662,0,30,OPEN
26,22:13:07,RATHDOWN ROAD,53.35893,-6.280337,14,40,OPEN
18,22:15:29,NORTH CIRCULAR ROAD (O'CONNELL'S),53.357841,-6.251557,12,30,OPEN
0,22:13:18,HANOVER QUAY,53.344115,-6.237153,40,40,OPEN
2,22:07:28,OLIVER BOND STREET,53.343893,-6.280531,28,30,OPEN
20,22:09:34,COLLINS BARRACKS MUSEUM,53.347477,-6.28525,18,38,OPEN
15,22:11:44,BROOKFIELD ROAD,53.339005,-6.300217,15,30,OPEN
2,22:15:32,BENSON STREET,53.344153,-6.233451,38,40,OPEN
2,22:16:19,EARLSFORT TERRACE,53.334295,-6.258503,28,30,OPEN
3,22:13:50,GOLDEN LANE,53.340803,-6.267732,17,20,OPEN
16,22:08:13,DEVERELL PLACE,53.351464,-6.255265,14,30,OPEN
0,22:07:10,WILTON TERRACE (PARK),53.333653,-6.248345,40,40,OPEN
7,22:07:17,JOHN STREET WEST,53.343105,-6.277167,24,31,OPEN
12,22:16:19,FENIAN STREET,53.341428,-6.24672,23,35,OPEN
24,22:12:27,MERRION SQUARE SOUTH,53.338614,-6.248606,16,40,OPEN
21,22:16:21,SOUTH DOCK ROAD,53.341833,-6.231291,9,30,OPEN
4,22:14:16,CITY QUAY,53.346637,-6.246154,26,30,OPEN
12,22:11:17,EXCHEQUER STREET,53.343034,-6.263578,12,24,OPEN
12,22:13:10,THE POINT,53.346867,-6.230852,28,40,OPEN
1,22:14:39,BROADSTONE,53.3547,-6.272314,29,30,OPEN
0,22:12:36,HATCH STREET,53.33403,-6.260714,36,36,OPEN
0,22:07:51,LIME STREET,53.346026,-6.243576,40,40,OPEN
37,22:13:53,CHARLEMONT PLACE,53.330662,-6.260177,2,40,OPEN
27,22:16:25,KILMAINHAM GAOL,53.342113,-6.310015,13,40,OPEN
0,22:06:23,HARDWICKE PLACE,53.357043,-6.263232,25,25,OPEN
13,22:13:50,WOLFE TONE STREET,53.348875,-6.267459,16,29,OPEN
3,22:15:18,GREEK STREET,53.346874,-6.272976,17,20,OPEN
23,22:09:49,GUILD STREET,53.347932,-6.240928,17,40,OPEN
3,22:14:00,HERBERT PLACE,53.334432,-6.245575,27,30,OPEN
5,22:08:23,HIGH STREET,53.343565,-6.275071,24,29,OPEN
24,22:12:48,NORTH CIRCULAR ROAD,53.359624,-6.260348,5,30,OPEN
0,22:08:16,WESTERN WAY,53.354929,-6.269425,40,40,OPEN
28,22:13:12,TALBOT STREET,53.350974,-6.25294,12,40,OPEN
7,22:06:44,NEWMAN HOUSE,53.337132,-6.26059,33,40,OPEN
2,22:11:19,SIR PATRICK DUN'S,53.339218,-6.240642,38,40,OPEN
0,22:12:52,NEW CENTRAL BANK,53.347122,-6.234749,40,40,OPEN
12,22:11:02,GRANGEGORMAN LOWER (CENTRAL),53.355173,-6.278424,28,40,OPEN
16,22:11:41,KING STREET NORTH,53.350291,-6.273507,14,30,OPEN
18,22:15:09,KILLARNEY STREET,53.354845,-6.247579,12,30,OPEN
0,22:11:26,HERBERT STREET,53.335742,-6.24551,40,40,OPEN
5,22:13:28,HANOVER QUAY EAST,53.343653,-6.231755,35,40,OPEN
18,22:12:24,CUSTOM HOUSE QUAY,53.347884,-6.248048,12,30,OPEN
4,22:15:26,MOLESWORTH STREET,53.341288,-6.258117,16,20,OPEN
20,22:08:43,GEORGES QUAY,53.347508,-6.252192,0,20,OPEN
17,22:07:15,KILMAINHAM LANE,53.341805,-6.305085,13,30,OPEN
5,22:15:06,MOUNT BROWN,53.341645,-6.29719,17,22,OPEN
9,22:11:42,MARKET STREET SOUTH,53.342296,-6.287661,29,38,OPEN
12,22:10:53,KEVIN STREET,53.337757,-6.267699,28,40,OPEN
1,22:08:50,ECCLES STREET EAST,53.358115,-6.265601,26,27,OPEN
3,22:15:55,GRAND CANAL DOCK,53.342638,-6.238695,37,40,OPEN
13,22:08:14,MERRION SQUARE EAST,53.339434,-6.246548,17,30,OPEN
4,22:11:45,YORK STREET WEST,53.339334,-6.264699,36,40,OPEN
0,22:08:00,ST. STEPHEN'S GREEN SOUTH,53.337494,-6.26199,30,30,OPEN
0,22:16:14,DENMARK STREET GREAT,53.35561,-6.261397,20,20,OPEN
34,22:06:24,ROYAL HOSPITAL,53.343897,-6.29706,6,40,OPEN
17,22:11:55,HEUSTON STATION (CAR PARK),53.346985,-6.297804,23,40,OPEN
17,22:13:49,GRANGEGORMAN LOWER (NORTH),53.355954,-6.278378,19,36,OPEN
1,22:14:20,ST. STEPHEN'S GREEN EAST,53.337824,-6.256035,39,40,OPEN
40,22:08:23,HEUSTON STATION (CENTRAL),53.346603,-6.296924,0,40,OPEN
12,22:16:16,TOWNSEND STREET,53.345922,-6.254614,7,20,OPEN
21,22:14:20,GEORGES LANE,53.35023,-6.279696,19,40,OPEN
14,22:08:06,PHIBSBOROUGH ROAD,53.356307,-6.273717,26,40,OPEN
16,22:08:42,ECCLES STREET,53.359246,-6.269779,4,20,OPEN
27,22:13:42,PORTOBELLO HARBOUR,53.330362,-6.265163,3,30,OPEN
15,22:09:58,MATER HOSPITAL,53.359967,-6.264828,25,40,OPEN
6,22:15:19,BLESSINGTON STREET,53.356769,-6.26814,14,20,OPEN
24,22:15:29,JAMES STREET,53.343456,-6.287409,16,40,OPEN
7,22:13:51,MOUNTJOY SQUARE EAST,53.356717,-6.256359,33,40,OPEN
4,22:07:49,MERRION SQUARE WEST,53.339764,-6.251988,16,20,OPEN
0,22:07:32,CONVENTION CENTRE,53.34744,-6.238523,40,40,OPEN
1,22:11:54,HARDWICKE STREET,53.355473,-6.264423,12,16,OPEN
38,22:13:05,PARKGATE STREET,53.347972,-6.291804,0,38,OPEN
22,22:10:21,SMITHFIELD,53.347692,-6.278214,7,30,OPEN
13,22:13:32,DAME STREET,53.344007,-6.266802,3,16,OPEN
25,22:14:51,HEUSTON BRIDGE (SOUTH),53.347106,-6.292041,0,25,OPEN
12,22:15:23,CATHAL BRUGHA STREET,53.352149,-6.260533,8,20,OPEN
24,22:09:57,SANDWITH STREET,53.345203,-6.247163,16,40,OPEN
17,22:15:28,BUCKINGHAM STREET LOWER,53.353331,-6.249319,12,29,OPEN
24,22:10:09,ROTHE ABBEY,53.338776,-6.30395,11,35,OPEN
12,22:11:42,CHARLEVILLE ROAD,53.359157,-6.281866,28,40,OPEN
12,22:16:21,PRINCES STREET / O'CONNELL STREET,53.349013,-6.260311,11,23,OPEN
15,22:13:51,UPPER SHERRARD STREET,53.358437,-6.260641,15,30,OPEN
3,22:06:24,FITZWILLIAM SQUARE EAST,53.335211,-6.2509,37,40,OPEN
14,22:07:27,GRATTAN STREET,53.339629,-6.243778,9,23,OPEN
8,22:11:27,ST JAMES HOSPITAL (LUAS),53.341359,-6.292951,32,40,OPEN
14,22:12:43,HARCOURT TERRACE,53.332763,-6.257942,6,20,OPEN
10,22:14:51,BOLTON STREET,53.351182,-6.269859,10,20,OPEN
3,22:13:21,JERVIS STREET,53.3483,-6.266651,18,21,OPEN
14,22:09:36,ORMOND QUAY UPPER,53.346057,-6.268001,15,29,OPEN
12,22:08:17,GRANGEGORMAN LOWER (SOUTH),53.354663,-6.278681,28,40,OPEN
5,22:11:22,MOUNTJOY SQUARE WEST,53.356299,-6.258586,25,30,OPEN
4,22:11:57,WILTON TERRACE,53.332383,-6.252717,16,20,OPEN
31,22:14:49,EMMET ROAD,53.340714,-6.308191,9,40,OPEN
39,22:15:36,HEUSTON BRIDGE (NORTH),53.347802,-6.292432,1,40,OPEN
5,22:11:12,LEINSTER STREET SOUTH,53.34218,-6.254485,25,30,OPEN
16,22:12:17,BLACKHALL PLACE,53.3488,-6.281637,14,30,OPEN
