available_bikes,last_update,name,position.lat,position.lng,available_bike_stands,bike_stands,status
5,03:16:11,LIDL BEŽIGRAD,46.063797,14.506854,15,20,OPEN
3,03:16:50,ŠMARTINSKI PARK,46.065206,14.529911,17,20,OPEN
3,03:16:49,SAVSKO NASELJE 1-ŠMARTINSKA CESTA,46.062475,14.524321,17,20,OPEN
6,03:14:51,ČRNUČE,46.102446,14.530213,14,20,OPEN
6,03:18:15,VILHARJEVA CESTA,46.06005,14.51302,14,20,OPEN
0,03:16:12,MASARYKOVA DDC,46.05763,14.514264,18,18,OPEN
0,03:17:57,POGAČARJEV TRG-TRŽNICA,46.051093,14.507186,18,18,OPEN
0,03:19:34,CANKARJEVA UL.-NAMA,46.052431,14.503257,26,26,OPEN
11,03:15:49,ANTONOV TRG,46.041753,14.477016,9,20,OPEN
19,03:15:38,PRUŠNIKOVA,46.090608,14.471637,1,20,OPEN
4,03:13:30,TEHNOLOŠKI PARK,46.04843,14.461086,16,20,OPEN
19,03:16:38,KOSEŠKI BAJER,46.068443,14.470913,1,20,OPEN
0,03:17:34,TIVOLI,46.05952,14.4982,20,20,OPEN
21,03:15:41,TRŽNICA MOSTE,46.055801,14.534156,0,21,OPEN
0,03:17:38,GRUDNOVO NABREŽJE-KARLOVŠKA C.,46.045748,14.506196,18,18,OPEN
15,03:16:01,LIDL-LITIJSKA CESTA,46.047689,14.547416,5,20,OPEN
26,03:20:46,ŠPORTNI CENTER STOŽICE,46.08259,14.52016,0,26,OPEN
12,03:15:41,ŠPICA,46.040213,14.512044,6,18,OPEN
2,03:15:58,ROŠKA - STRELIŠKA,46.045,14.51846,18,20,OPEN
0,03:19:10,BAVARSKI DVOR,46.05682,14.50551,20,20,OPEN
8,03:16:40,STARA CERKEV,46.06342,14.494588,6,14,OPEN
6,03:16:12,SITULA,46.059433,14.52051,14,20,OPEN
0,03:18:00,ILIRSKA ULICA,46.053144,14.513479,18,18,OPEN
8,03:16:21,LIDL - RUDNIK,46.020012,14.532479,12,20,OPEN
1,03:14:28,KOPALIŠČE KOLEZIJA,46.042867,14.495239,19,20,OPEN
11,03:15:09,POVŠETOVA - KAJUHOVA,46.051512,14.539272,9,20,OPEN
16,03:17:26,DUNAJSKA C.-PS MERCATOR,46.074193,14.511134,1,18,OPEN
1,03:15:18,CITYPARK,46.068805,14.546257,19,20,OPEN
4,03:14:54,KOPRSKA ULICA,46.033408,14.482468,3,8,OPEN
20,03:18:23,LIDL - VOJKOVA CESTA,46.07589,14.52011,0,20,OPEN
3,03:15:06,POLJANSKA-POTOČNIKOVA,46.048982,14.522709,17,20,OPEN
16,03:16:42,POVŠETOVA-GRABLOVIČEVA,46.051863,14.530349,2,19,OPEN
0,03:17:53,PARK NAVJE-ŽELEZNA CESTA,46.06361,14.51315,20,20,OPEN
9,03:15:09,ZALOG,46.06043,14.613797,11,20,OPEN
4,03:15:46,CESTA NA ROŽNIK,46.053241,14.486206,16,20,OPEN
20,03:18:27,HOFER-KAJUHOVA,46.056405,14.540901,0,20,OPEN
1,03:17:39,DUNAJSKA C.-PS PETROL,46.065136,14.509112,18,20,OPEN
11,03:15:51,STUDENEC,46.054615,14.576031,9,20,OPEN
0,03:16:10,PARKIRIŠČE NUK 2-FF,46.046377,14.501256,20,20,OPEN
20,03:13:24,BRATOVŠEVA PLOŠČAD,46.08929,14.513751,0,20,OPEN
0,03:19:10,KONGRESNI TRG-ŠUBIČEVA ULICA,46.050388,14.504623,20,20,OPEN
20,03:14:35,BS4-STOŽICE,46.086761,14.514151,0,20,OPEN
12,03:17:41,GERBIČEVA - ŠPORTNI PARK SVOBODA,46.039384,14.485458,8,20,OPEN
2,03:15:02,ŽIVALSKI VRT,46.052454,14.472149,18,20,OPEN
15,03:14:43,VOKA - SLOVENČEVA,46.075207,14.504734,5,20,OPEN
2,03:16:35,BTC CITY/DVORANA A,46.065297,14.543996,18,20,OPEN
7,03:14:47,TRNOVO,46.03784,14.50001,13,20,OPEN
17,03:14:52,P+R BARJE,46.02749,14.49958,3,20,OPEN
17,03:17:52,ROŽNA DOLINA-ŠKRABČEVA UL.,46.051439,14.49273,1,18,OPEN
7,03:18:03,KINO ŠIŠKA,46.06928,14.48971,19,26,OPEN
16,03:17:01,ZALOŠKA C.-GRABLOVIČEVA C.,46.05441,14.52978,0,16,OPEN
19,03:14:56,BRODARJEV TRG,46.054398,14.553319,1,20,OPEN
20,03:14:06,DOLENJSKA C. - STRELIŠČE,46.038866,14.517605,0,20,OPEN
14,03:15:11,ŠTEPANJSKO NASELJE 1-JAKČEVA ULICA,46.053047,14.545125,5,19,OPEN
11,03:16:32,SOSESKA NOVO BRDO,46.045617,14.462281,8,20,OPEN
9,03:15:13,TRŽNICA KOSEZE,46.074315,14.475483,9,18,OPEN
4,03:17:29,ALEJA - CELOVŠKA CESTA,46.077302,14.482581,15,20,OPEN
8,03:11:46,MERCATOR CENTER ŠIŠKA,46.087079,14.475439,14,22,OPEN
3,03:15:56,GH ŠENTPETER-NJEGOŠEVA C.,46.05257,14.51928,21,24,OPEN
20,03:16:06,HOFER - POLJE,46.053718,14.589284,0,20,OPEN
14,03:15:18,VIŠKO POLJE,46.046189,14.469037,6,20,OPEN
17,03:15:03,BONIFACIJA,46.039641,14.472664,4,21,OPEN
20,03:16:10,P + R DOLGI MOST,46.037003,14.465229,0,20,OPEN
1,03:14:20,DRAVLJE,46.07984,14.479952,19,20,OPEN
14,03:14:18,POLJE,46.05722,14.583537,6,20,OPEN
1,03:15:38,SUPERNOVA LJUBLJANA - RUDNIK,46.021586,14.536745,19,20,OPEN
5,03:15:30,SREDNJA FRIZERSKA ŠOLA,46.080522,14.491439,15,20,OPEN
0,03:20:04,TRG OF-KOLODVORSKA UL.,46.057421,14.510265,26,26,OPEN
1,03:15:52,TRG MDB,46.047565,14.495687,19,20,OPEN
5,03:17:25,TRŽAŠKA C.-ILIRIJA,46.044629,14.486699,15,20,OPEN
0,03:17:45,PREŠERNOV TRG-PETKOVŠKOVO NABREŽJE,46.051367,14.506542,20,20,OPEN
5,03:18:17,MERCATOR MARKET - CELOVŠKA C. 163,46.073264,14.485942,15,20,OPEN
1,03:15:40,SAVSKO NASELJE 2-LINHARTOVA CESTA,46.064546,14.518013,19,20,OPEN
0,03:16:25,BREG,46.046498,14.505148,20,20,OPEN
0,03:16:46,BTC CITY ATLANTIS,46.063081,14.547851,20,20,OPEN
4,03:16:31,IKEA,46.065175,14.539537,16,20,OPEN
0,03:16:11,MIKLOŠIČEV PARK,46.054168,14.50706,18,18,OPEN
2,03:17:35,BARJANSKA C.-CENTER STAREJŠIH TRNOVO,46.04081,14.49951,18,20,OPEN
3,03:16:14,LEK - VEROVŠKOVA,46.076856,14.500222,17,20,OPEN
0,03:17:07,AMBROŽEV TRG,46.049877,14.516308,18,18,OPEN
18,03:16:21,VOJKOVA - GASILSKA BRIGADA,46.068727,14.516858,2,20,OPEN
20,03:14:22,RAKOVNIK,46.036284,14.522948,0,20,OPEN
14,03:15:32,PREGLOV TRG,46.054554,14.55908,6,20,OPEN
18,03:14:42,PLEČNIKOV STADION,46.06942,14.51052,0,18,OPEN
