available_bikes,last_update,name,position.lat,position.lng,available_bike_stands,bike_stands,status
28,05:16:08,SMITHFIELD NORTH,53.349562,-6.278198,2,30,OPEN
1,05:11:34,PARNELL SQUARE NORTH,53.3537415547453,-6.26530144781526,19,20,OPEN
9,05:16:53,CLONMEL STREET,53.336021,-6.26298,24,33,OPEN
15,05:14:23,AVONDALE ROAD,53.359405,-6.276142,20,35,OPEN
5,05:14:43,JAMES STREET EAST,53.336597,-6.248109,25,30,OPEN
13,05:19:00,MOUNT STREET LOWER,53.33796,-6.24153,27,40,OPEN
0,05:11:26,CHRISTCHURCH PLACE,53.343368,-6.27012,20,20,OPEN
17,05:18:32,GRANTHAM STREET,53.334123,-6.265436,13,30,OPEN
25,05:14:29,PEARSE STREET,53.344304,-6.250427,5,30,OPEN
8,05:18:50,YORK STREET EAST,53.338755,-6.262003,24,32,OPEN
23,05:18:24,EXCISE WALK,53.347777,-6.244239,17,40,OPEN
7,05:14:39,FITZWILLIAM SQUARE WEST,53.336074,-6.252825,23,30,OPEN
29,05:16:52,PORTOBELLO ROAD,53.330091,-6.268044,0,30,OPEN
8,05:15:33,PARNELL STREET,53.350929,-6.265125,12,20,OPEN
0,05:12:02,FREDERICK STREET SOUTH,53.341515,-6.256853,40,40,OPEN
20,05:17:28,FOWNES STREET UPPER,53.344603,-6.263371,10,30,OPEN
9,05:16:21,CLARENDON ROW,53.340927,-6.262501,22,31,OPEN
20,05:16:58,CUSTOM HOUSE,53.348279,-6.254662,10,30,OPEN
29,05:14:36,RATHDOWN ROAD,53.35893,-6.280337,11,40,OPEN
24,05:18:35,NORTH CIRCULAR ROAD (O'CONNELL'S),53.357841,-6.251557,6,30,OPEN
7,05:13:30,HANOVER QUAY,53.344115,-6.237153,33,40,OPEN
6,05:11:23,OLIVER BOND STREET,53.343893,-6.280531,24,30,OPEN
9,05:14:13,COLLINS BARRACKS MUSEUM,53.347477,-6.28525,29,38,OPEN
22,05:11:24,BROOKFIELD ROAD,53.339005,-6.300217,8,30,OPEN
2,05:15:39,BENSON STREET,53.344153,-6.233451,38,40,OPEN
0,05:18:50,EARLSFORT TERRACE,53.334295,-6.258503,30,30,OPEN
0,05:10:33,GOLDEN LANE,53.340803,-6.267732,20,20,OPEN
5,05:14:23,DEVERELL PLACE,53.351464,-6.255265,25,30,OPEN
10,05:18:15,WILTON TERRACE (PARK),53.333653,-6.248345,30,40,OPEN
4,05:10:13,JOHN STREET WEST,53.343105,-6.277167,27,31,OPEN
7,05:18:57,FENIAN STREET,53.341428,-6.24672,28,35,OPEN
4,05:13:45,MERRION SQUARE SOUTH,53.338614,-6.248606,36,40,OPEN
30,05:14:29,SOUTH DOCK ROAD,53.341833,-6.231291,0,30,OPEN
0,05:19:08,CITY QUAY,53.346637,-6.246154,30,30,OPEN
4,05:18:50,EXCHEQUER STREET,53.343034,-6.263578,20,24,OPEN
17,05:13:44,THE POINT,53.346867,-6.230852,23,40,OPEN
3,05:16:28,BROADSTONE,53.3547,-6.272314,27,30,OPEN
0,05:14:46,HATCH STREET,53.33403,-6.260714,36,36,OPEN
3,05:15:47,LIME STREET,53.346026,-6.243576,37,40,OPEN
25,05:19:30,CHARLEMONT PLACE,53.330662,-6.260177,15,40,OPEN
21,05:14:32,KILMAINHAM GAOL,53.342113,-6.310015,19,40,OPEN
2,05:17:20,HARDWICKE PLACE,53.357043,-6.263232,23,25,OPEN
7,05:16:55,WOLFE TONE STREET,53.348875,-6.267459,22,29,OPEN
6,05:19:30,FRANCIS STREET,53.342081,-6.275233,24,30,OPEN
2,05:17:09,GREEK STREET,53.346874,-6.272976,18,20,OPEN
7,05:19:33,GUILD STREET,53.347932,-6.240928,33,40,OPEN
4,05:12:58,HERBERT PLACE,53.334432,-6.245575,26,30,OPEN
3,05:17:54,HIGH STREET,53.343565,-6.275071,26,29,OPEN
20,05:17:37,NORTH CIRCULAR ROAD,53.359624,-6.260348,10,30,OPEN
20,05:12:05,WESTERN WAY,53.354929,-6.269425,20,40,OPEN
24,05:18:58,TALBOT STREET,53.350974,-6.25294,16,40,OPEN
3,05:19:04,NEWMAN HOUSE,53.337132,-6.26059,37,40,OPEN
8,05:18:43,SIR PATRICK DUN'S,53.339218,-6.240642,32,40,OPEN
12,05:13:34,NEW CENTRAL BANK,53.347122,-6.234749,28,40,OPEN
12,05:13:49,GRANGEGORMAN LOWER (CENTRAL),53.355173,-6.278424,28,40,OPEN
8,05:11:08,KING STREET NORTH,53.350291,-6.273507,22,30,OPEN
30,05:11:02,KILLARNEY STREET,53.354845,-6.247579,0,30,OPEN
1,05:15:00,HERBERT STREET,53.335742,-6.24551,39,40,OPEN
8,05:14:43,HANOVER QUAY EAST,53.343653,-6.231755,32,40,OPEN
14,05:17:13,CUSTOM HOUSE QUAY,53.347884,-6.248048,16,30,OPEN
1,05:14:04,MOLESWORTH STREET,53.341288,-6.258117,19,20,OPEN
17,05:17:21,GEORGES QUAY,53.347508,-6.252192,3,20,OPEN
15,05:18:25,KILMAINHAM LANE,53.341805,-6.305085,15,30,OPEN
13,05:18:28,MOUNT BROWN,53.341645,-6.29719,9,22,OPEN
26,05:11:12,MARKET STREET SOUTH,53.342296,-6.287661,12,38,OPEN
12,05:16:13,KEVIN STREET,53.337757,-6.267699,28,40,OPEN
1,05:11:10,ECCLES STREET EAST,53.358115,-6.265601,26,27,OPEN
13,05:14:36,GRAND CANAL DOCK,53.342638,-6.238695,27,40,OPEN
1,05:13:47,MERRION SQUARE EAST,53.339434,-6.246548,29,30,OPEN
5,05:14:33,YORK STREET WEST,53.339334,-6.264699,35,40,OPEN
0,05:10:01,ST. STEPHEN'S GREEN SOUTH,53.337494,-6.26199,30,30,OPEN
2,05:10:04,DENMARK STREET GREAT,53.35561,-6.261397,18,20,OPEN
27,05:12:09,ROYAL HOSPITAL,53.343897,-6.29706,13,40,OPEN
33,05:14:59,HEUSTON STATION (CAR PARK),53.346985,-6.297804,7,40,OPEN
15,05:17:43,GRANGEGORMAN LOWER (NORTH),53.355954,-6.278378,21,36,OPEN
6,05:15:25,ST. STEPHEN'S GREEN EAST,53.337824,-6.256035,34,40,OPEN
40,05:13:37,HEUSTON STATION (CENTRAL),53.346603,-6.296924,0,40,OPEN
13,05:18:45,TOWNSEND STREET,53.345922,-6.254614,7,20,OPEN
23,05:19:46,GEORGES LANE,53.35023,-6.279696,17,40,OPEN
22,05:14:14,PHIBSBOROUGH ROAD,53.356307,-6.273717,18,40,OPEN
12,05:14:29,ECCLES STREET,53.359246,-6.269779,8,20,OPEN
27,05:11:16,PORTOBELLO HARBOUR,53.330362,-6.265163,2,30,OPEN
6,05:15:44,MATER HOSPITAL,53.359967,-6.264828,34,40,OPEN
15,05:18:52,BLESSINGTON STREET,53.356769,-6.26814,5,20,OPEN
21,05:13:57,JAMES STREET,53.343456,-6.287409,19,40,OPEN
1,10:50:58,ORIEL STREET TEST TERMINAL,53.35463,-6.242615,0,1,OPEN
9,05:15:18,MOUNTJOY SQUARE EAST,53.356717,-6.256359,31,40,OPEN
4,05:19:13,MERRION SQUARE WEST,53.339764,-6.251988,16,20,OPEN
1,05:19:38,CONVENTION CENTRE,53.34744,-6.238523,39,40,OPEN
9,05:11:59,HARDWICKE STREET,53.355473,-6.264423,7,16,OPEN
38,05:16:35,PARKGATE STREET,53.347972,-6.291804,0,38,OPEN
15,05:14:31,SMITHFIELD,53.347692,-6.278214,15,30,OPEN
2,05:17:41,DAME STREET,53.344007,-6.266802,14,16,OPEN
23,05:16:16,HEUSTON BRIDGE (SOUTH),53.347106,-6.292041,2,25,OPEN
1,05:17:45,CATHAL BRUGHA STREET,53.352149,-6.260533,19,20,OPEN
32,05:10:47,SANDWITH STREET,53.345203,-6.247163,8,40,OPEN
12,05:12:34,BUCKINGHAM STREET LOWER,53.353331,-6.249319,17,29,OPEN
29,05:18:33,ROTHE ABBEY,53.338776,-6.30395,6,35,OPEN
17,05:12:01,CHARLEVILLE ROAD,53.359157,-6.281866,23,40,OPEN
9,05:19:40,PRINCES STREET / O'CONNELL STREET,53.349013,-6.260311,14,23,OPEN
23,05:15:17,UPPER SHERRARD STREET,53.358437,-6.260641,7,30,OPEN
4,05:14:08,FITZWILLIAM SQUARE EAST,53.335211,-6.2509,36,40,OPEN
2,05:18:35,GRATTAN STREET,53.339629,-6.243778,21,23,OPEN
9,05:17:08,ST JAMES HOSPITAL (LUAS),53.341359,-6.292951,31,40,OPEN
1,05:19:09,HARCOURT TERRACE,53.332763,-6.257942,19,20,OPEN
5,05:17:04,BOLTON STREET,53.351182,-6.269859,15,20,OPEN
1,05:14:47,JERVIS STREET,53.3483,-6.266651,20,21,OPEN
5,05:16:08,ORMOND QUAY UPPER,53.346057,-6.268001,24,29,OPEN
5,05:18:35,GRANGEGORMAN LOWER (SOUTH),53.354663,-6.278681,35,40,OPEN
23,05:18:52,MOUNTJOY SQUARE WEST,53.356299,-6.258586,7,30,OPEN
14,05:18:46,WILTON TERRACE,53.332383,-6.252717,6,20,OPEN
39,05:15:42,EMMET ROAD,53.340714,-6.308191,1,40,OPEN
40,05:15:06,HEUSTON BRIDGE (NORTH),53.347802,-6.292432,0,40,OPEN
1,05:18:25,LEINSTER STREET SOUTH,53.34218,-6.254485,29,30,OPEN
4,05:15:04,BLACKHALL PLACE,53.3488,-6.281637,26,30,OPEN
