available_bikes,last_update,name,position.lat,position.lng,available_bike_stands,bike_stands,status
25,08:02:55,SMITHFIELD NORTH,53.349562,-6.278198,5,30,OPEN
5,08:02:34,PARNELL SQUARE NORTH,53.3537415547453,-6.26530144781526,15,20,OPEN
10,08:02:38,CLONMEL STREET,53.336021,-6.26298,23,33,OPEN
19,08:01:10,AVONDALE ROAD,53.359405,-6.276142,16,35,OPEN
0,07:54:38,JAMES STREET EAST,53.336597,-6.248109,30,30,OPEN
4,08:02:07,MOUNT STREET LOWER,53.33796,-6.24153,36,40,OPEN
0,08:02:56,CHRISTCHURCH PLACE,53.343368,-6.27012,20,20,OPEN
12,08:03:14,GRANTHAM STREET,53.334123,-6.265436,18,30,OPEN
10,08:00:11,PEARSE STREET,53.344304,-6.250427,20,30,OPEN
0,08:01:26,YORK STREET EAST,53.338755,-6.262003,32,32,OPEN
8,07:57:02,EXCISE WALK,53.347777,-6.244239,32,40,OPEN
1,07:56:58,FITZWILLIAM SQUARE WEST,53.336074,-6.252825,29,30,OPEN
25,08:03:48,PORTOBELLO ROAD,53.330091,-6.268044,5,30,OPEN
3,07:55:48,PARNELL STREET,53.350929,-6.265125,17,20,OPEN
1,07:57:28,FREDERICK STREET SOUTH,53.341515,-6.256853,39,40,OPEN
4,07:57:34,FOWNES STREET UPPER,53.344603,-6.263371,26,30,OPEN
11,07:59:48,CLARENDON ROW,53.340927,-6.262501,20,31,OPEN
9,07:59:57,CUSTOM HOUSE,53.348279,-6.254662,21,30,OPEN
16,08:03:39,RATHDOWN ROAD,53.35893,-6.280337,24,40,OPEN
13,08:03:19,NORTH CIRCULAR ROAD (O'CONNELL'S),53.357841,-6.251557,17,30,OPEN
4,08:02:56,HANOVER QUAY,53.344115,-6.237153,36,40,OPEN
6,07:54:24,OLIVER BOND STREET,53.343893,-6.280531,24,30,OPEN
8,08:03:49,COLLINS BARRACKS MUSEUM,53.347477,-6.28525,30,38,OPEN
15,07:55:54,BROOKFIELD ROAD,53.339005,-6.300217,15,30,OPEN
2,08:03:44,BENSON STREET,53.344153,-6.233451,38,40,OPEN
2,07:57:00,EARLSFORT TERRACE,53.334295,-6.258503,28,30,OPEN
9,07:55:55,GOLDEN LANE,53.340803,-6.267732,11,20,OPEN
11,08:00:10,DEVERELL PLACE,53.351464,-6.255265,19,30,OPEN
11,07:59:23,WILTON TERRACE (PARK),53.333653,-6.248345,29,40,OPEN
14,08:03:21,JOHN STREET WEST,53.343105,-6.277167,17,31,OPEN
3,08:03:23,FENIAN STREET,53.341428,-6.24672,32,35,OPEN
0,07:56:20,MERRION SQUARE SOUTH,53.338614,-6.248606,40,40,OPEN
23,07:58:03,SOUTH DOCK ROAD,53.341833,-6.231291,7,30,OPEN
2,08:01:29,CITY QUAY,53.346637,-6.246154,28,30,OPEN
4,08:00:29,EXCHEQUER STREET,53.343034,-6.263578,20,24,OPEN
13,08:03:06,THE POINT,53.346867,-6.230852,27,40,OPEN
10,07:56:58,BROADSTONE,53.3547,-6.272314,20,30,OPEN
7,07:58:28,HATCH STREET,53.33403,-6.260714,27,36,OPEN
9,08:01:57,LIME STREET,53.346026,-6.243576,26,40,OPEN
39,08:02:27,CHARLEMONT PLACE,53.330662,-6.260177,1,40,OPEN
31,08:03:09,KILMAINHAM GAOL,53.342113,-6.310015,9,40,OPEN
0,07:54:49,HARDWICKE PLACE,53.357043,-6.263232,25,25,OPEN
2,07:57:07,WOLFE TONE STREET,53.348875,-6.267459,27,29,OPEN
7,08:03:06,FRANCIS STREET,53.342081,-6.275233,23,30,OPEN
9,08:03:22,GREEK STREET,53.346874,-6.272976,11,20,OPEN
10,07:59:26,GUILD STREET,53.347932,-6.240928,30,40,OPEN
7,07:55:55,HERBERT PLACE,53.334432,-6.245575,23,30,OPEN
1,07:56:54,HIGH STREET,53.343565,-6.275071,28,29,OPEN
18,08:02:17,NORTH CIRCULAR ROAD,53.359624,-6.260348,12,30,OPEN
3,08:03:07,WESTERN WAY,53.354929,-6.269425,37,40,OPEN
18,08:00:32,TALBOT STREET,53.350974,-6.25294,22,40,OPEN
1,07:57:12,NEWMAN HOUSE,53.337132,-6.26059,39,40,OPEN
15,08:00:13,SIR PATRICK DUN'S,53.339218,-6.240642,25,40,OPEN
16,08:02:20,NEW CENTRAL BANK,53.347122,-6.234749,24,40,OPEN
23,08:03:30,GRANGEGORMAN LOWER (CENTRAL),53.355173,-6.278424,17,40,OPEN
12,08:03:35,KING STREET NORTH,53.350291,-6.273507,18,30,OPEN
27,07:59:55,KILLARNEY STREET,53.354845,-6.247579,3,30,OPEN
0,07:59:17,HERBERT STREET,53.335742,-6.24551,39,40,OPEN
0,07:57:34,HANOVER QUAY EAST,53.343653,-6.231755,40,40,OPEN
16,07:59:52,CUSTOM HOUSE QUAY,53.347884,-6.248048,14,30,OPEN
3,08:02:45,MOLESWORTH STREET,53.341288,-6.258117,17,20,OPEN
4,08:02:23,GEORGES QUAY,53.347508,-6.252192,16,20,OPEN
17,08:03:13,KILMAINHAM LANE,53.341805,-6.305085,13,30,OPEN
5,08:02:27,MOUNT BROWN,53.341645,-6.29719,17,22,OPEN
29,07:59:29,MARKET STREET SOUTH,53.342296,-6.287661,9,38,OPEN
15,08:01:06,KEVIN STREET,53.337757,-6.267699,25,40,OPEN
0,07:56:36,ECCLES STREET EAST,53.358115,-6.265601,27,27,OPEN
17,08:03:25,GRAND CANAL DOCK,53.342638,-6.238695,23,40,OPEN
1,08:02:02,MERRION SQUARE EAST,53.339434,-6.246548,29,30,OPEN
1,08:01:10,YORK STREET WEST,53.339334,-6.264699,39,40,OPEN
1,07:59:24,ST. STEPHEN'S GREEN SOUTH,53.337494,-6.26199,29,30,OPEN
4,07:57:20,DENMARK STREET GREAT,53.35561,-6.261397,16,20,OPEN
33,07:54:31,ROYAL HOSPITAL,53.343897,-6.29706,7,40,OPEN
18,08:00:41,HEUSTON STATION (CAR PARK),53.346985,-6.297804,22,40,OPEN
16,07:58:36,GRANGEGORMAN LOWER (NORTH),53.355954,-6.278378,20,36,OPEN
1,07:59:10,ST. STEPHEN'S GREEN EAST,53.337824,-6.256035,39,40,OPEN
35,08:02:54,HEUSTON STATION (CENTRAL),53.346603,-6.296924,5,40,OPEN
6,08:01:44,TOWNSEND STREET,53.345922,-6.254614,13,20,OPEN
38,07:58:59,GEORGES LANE,53.35023,-6.279696,2,40,OPEN
22,08:01:11,PHIBSBOROUGH ROAD,53.356307,-6.273717,18,40,OPEN
1,07:58:42,ECCLES STREET,53.359246,-6.269779,19,20,OPEN
23,07:59:44,PORTOBELLO HARBOUR,53.330362,-6.265163,7,30,OPEN
16,08:02:09,MATER HOSPITAL,53.359967,-6.264828,24,40,OPEN
4,07:58:12,BLESSINGTON STREET,53.356769,-6.26814,16,20,OPEN
12,07:59:30,JAMES STREET,53.343456,-6.287409,28,40,OPEN
3,08:02:33,MOUNTJOY SQUARE EAST,53.356717,-6.256359,37,40,OPEN
2,08:00:23,MERRION SQUARE WEST,53.339764,-6.251988,18,20,OPEN
1,08:00:42,CONVENTION CENTRE,53.34744,-6.238523,39,40,OPEN
0,08:01:46,HARDWICKE STREET,53.355473,-6.264423,13,16,OPEN
33,07:57:58,PARKGATE STREET,53.347972,-6.291804,5,38,OPEN
10,08:02:36,SMITHFIELD,53.347692,-6.278214,19,30,OPEN
9,08:02:17,DAME STREET,53.344007,-6.266802,7,16,OPEN
19,08:01:30,HEUSTON BRIDGE (SOUTH),53.347106,-6.292041,6,25,OPEN
6,07:59:41,CATHAL BRUGHA STREET,53.352149,-6.260533,14,20,OPEN
11,07:57:09,SANDWITH STREET,53.345203,-6.247163,29,40,OPEN
23,08:02:58,BUCKINGHAM STREET LOWER,53.353331,-6.249319,6,29,OPEN
22,07:59:52,ROTHE ABBEY,53.338776,-6.30395,13,35,OPEN
17,07:58:05,CHARLEVILLE ROAD,53.359157,-6.281866,23,40,OPEN
6,08:01:07,PRINCES STREET / O'CONNELL STREET,53.349013,-6.260311,17,23,OPEN
18,08:01:33,UPPER SHERRARD STREET,53.358437,-6.260641,12,30,OPEN
1,07:54:00,FITZWILLIAM SQUARE EAST,53.335211,-6.2509,39,40,OPEN
1,07:59:21,GRATTAN STREET,53.339629,-6.243778,22,23,OPEN
10,08:00:46,ST JAMES HOSPITAL (LUAS),53.341359,-6.292951,30,40,OPEN
20,08:03:02,HARCOURT TERRACE,53.332763,-6.257942,0,20,OPEN
7,07:58:22,BOLTON STREET,53.351182,-6.269859,13,20,OPEN
8,08:02:38,JERVIS STREET,53.3483,-6.266651,13,21,OPEN
7,08:02:44,ORMOND QUAY UPPER,53.346057,-6.268001,22,29,OPEN
4,08:03:41,GRANGEGORMAN LOWER (SOUTH),53.354663,-6.278681,36,40,OPEN
6,07:55:53,MOUNTJOY SQUARE WEST,53.356299,-6.258586,24,30,OPEN
12,08:03:49,WILTON TERRACE,53.332383,-6.252717,8,20,OPEN
30,08:03:36,EMMET ROAD,53.340714,-6.308191,10,40,OPEN
39,08:02:32,HEUSTON BRIDGE (NORTH),53.347802,-6.292432,1,40,OPEN
1,08:02:37,LEINSTER STREET SOUTH,53.34218,-6.254485,29,30,OPEN
22,07:59:14,BLACKHALL PLACE,53.3488,-6.281637,8,30,OPEN
