available_bikes,last_update,name,position.lat,position.lng,available_bike_stands,bike_stands,status
28,03:30:44,SMITHFIELD NORTH,53.349562,-6.278198,2,30,OPEN
4,03:31:13,PARNELL SQUARE NORTH,53.3537415547453,-6.26530144781526,14,20,OPEN
3,03:25:33,CLONMEL STREET,53.336021,-6.26298,30,33,OPEN
25,03:32:03,AVONDALE ROAD,53.359405,-6.276142,10,35,OPEN
0,03:30:48,JAMES STREET EAST,53.336597,-6.248109,30,30,OPEN
11,03:30:47,MOUNT STREET LOWER,53.33796,-6.24153,29,40,OPEN
1,03:30:47,CHRISTCHURCH PLACE,53.343368,-6.27012,19,20,OPEN
22,03:30:45,GRANTHAM STREET,53.334123,-6.265436,8,30,OPEN
0,03:30:44,PEARSE STREET,53.344304,-6.250427,30,30,OPEN
3,03:30:49,YORK STREET EAST,53.338755,-6.262003,29,32,OPEN
22,03:30:46,EXCISE WALK,53.347777,-6.244239,18,40,OPEN
3,03:30:46,FITZWILLIAM SQUARE WEST,53.336074,-6.252825,27,30,OPEN
30,03:30:47,PORTOBELLO ROAD,53.330091,-6.268044,0,30,OPEN
0,03:30:48,PARNELL STREET,53.350929,-6.265125,20,20,OPEN
12,03:30:50,FREDERICK STREET SOUTH,53.341515,-6.256853,28,40,OPEN
17,03:32:32,FOWNES STREET UPPER,53.344603,-6.263371,13,30,OPEN
0,03:31:20,CLARENDON ROW,53.340927,-6.262501,31,31,OPEN
19,03:28:53,CUSTOM HOUSE,53.348279,-6.254662,11,30,OPEN
7,03:23:57,RATHDOWN ROAD,53.35893,-6.280337,32,40,OPEN
30,03:32:05,NORTH CIRCULAR ROAD (O'CONNELL'S),53.357841,-6.251557,0,30,OPEN
11,03:29:37,HANOVER QUAY,53.344115,-6.237153,29,40,OPEN
6,03:30:46,OLIVER BOND STREET,53.343893,-6.280531,24,30,OPEN
17,03:26:34,COLLINS BARRACKS MUSEUM,53.347477,-6.28525,21,38,OPEN
22,03:29:42,BROOKFIELD ROAD,53.339005,-6.300217,8,30,OPEN
10,03:27:13,BENSON STREET,53.344153,-6.233451,30,40,OPEN
0,03:30:41,EARLSFORT TERRACE,53.334295,-6.258503,30,30,OPEN
7,03:30:50,GOLDEN LANE,53.340803,-6.267732,13,20,OPEN
8,03:31:35,DEVERELL PLACE,53.351464,-6.255265,22,30,OPEN
1,03:30:49,WILTON TERRACE (PARK),53.333653,-6.248345,39,40,OPEN
5,03:30:42,JOHN STREET WEST,53.343105,-6.277167,26,31,OPEN
17,03:30:46,FENIAN STREET,53.341428,-6.24672,18,35,OPEN
9,03:30:45,MERRION SQUARE SOUTH,53.338614,-6.248606,31,40,OPEN
17,03:30:44,SOUTH DOCK ROAD,53.341833,-6.231291,13,30,OPEN
2,03:30:45,CITY QUAY,53.346637,-6.246154,28,30,OPEN
0,03:30:44,EXCHEQUER STREET,53.343034,-6.263578,24,24,OPEN
31,03:25:42,THE POINT,53.346867,-6.230852,9,40,OPEN
1,03:30:47,BROADSTONE,53.3547,-6.272314,29,30,OPEN
0,03:30:48,HATCH STREET,53.33403,-6.260714,34,36,OPEN
0,03:31:25,LIME STREET,53.346026,-6.243576,20,40,OPEN
35,03:24:32,CHARLEMONT PLACE,53.330662,-6.260177,5,40,OPEN
40,03:28:44,KILMAINHAM GAOL,53.342113,-6.310015,0,40,OPEN
9,03:31:13,HARDWICKE PLACE,53.357043,-6.263232,16,25,OPEN
5,03:30:47,WOLFE TONE STREET,53.348875,-6.267459,24,29,OPEN
7,03:23:40,FRANCIS STREET,53.342081,-6.275233,23,30,OPEN
6,03:28:28,GREEK STREET,53.346874,-6.272976,14,20,OPEN
26,03:25:22,GUILD STREET,53.347932,-6.240928,14,40,OPEN
1,03:30:45,HERBERT PLACE,53.334432,-6.245575,27,30,OPEN
3,03:32:42,HIGH STREET,53.343565,-6.275071,26,29,OPEN
17,03:29:58,NORTH CIRCULAR ROAD,53.359624,-6.260348,13,30,OPEN
14,03:31:32,WESTERN WAY,53.354929,-6.269425,26,40,OPEN
31,03:30:48,TALBOT STREET,53.350974,-6.25294,9,40,OPEN
0,03:30:42,NEWMAN HOUSE,53.337132,-6.26059,40,40,OPEN
3,03:30:40,SIR PATRICK DUN'S,53.339218,-6.240642,37,40,OPEN
12,03:30:48,NEW CENTRAL BANK,53.347122,-6.234749,28,40,OPEN
19,03:25:27,GRANGEGORMAN LOWER (CENTRAL),53.355173,-6.278424,21,40,OPEN
15,03:30:43,KING STREET NORTH,53.350291,-6.273507,15,30,OPEN
30,03:26:25,KILLARNEY STREET,53.354845,-6.247579,0,30,OPEN
26,03:30:47,HERBERT STREET,53.335742,-6.24551,14,40,OPEN
11,03:30:49,HANOVER QUAY EAST,53.343653,-6.231755,29,40,OPEN
10,03:30:49,CUSTOM HOUSE QUAY,53.347884,-6.248048,20,30,OPEN
0,03:28:09,MOLESWORTH STREET,53.341288,-6.258117,20,20,OPEN
15,03:30:48,GEORGES QUAY,53.347508,-6.252192,5,20,OPEN
19,03:30:46,KILMAINHAM LANE,53.341805,-6.305085,11,30,OPEN
7,03:31:27,MOUNT BROWN,53.341645,-6.29719,1,22,OPEN
20,03:32:14,MARKET STREET SOUTH,53.342296,-6.287661,18,38,OPEN
27,03:30:47,KEVIN STREET,53.337757,-6.267699,13,40,OPEN
2,03:30:45,ECCLES STREET EAST,53.358115,-6.265601,25,27,OPEN
25,03:30:46,GRAND CANAL DOCK,53.342638,-6.238695,15,40,OPEN
2,03:30:50,MERRION SQUARE EAST,53.339434,-6.246548,28,30,OPEN
16,03:30:50,YORK STREET WEST,53.339334,-6.264699,24,40,OPEN
2,03:30:50,ST. STEPHEN'S GREEN SOUTH,53.337494,-6.26199,28,30,OPEN
3,03:30:42,DENMARK STREET GREAT,53.35561,-6.261397,17,20,OPEN
24,03:25:05,ROYAL HOSPITAL,53.343897,-6.29706,16,40,OPEN
6,03:30:42,HEUSTON STATION (CAR PARK),53.346985,-6.297804,34,40,OPEN
11,03:30:42,GRANGEGORMAN LOWER (NORTH),53.355954,-6.278378,25,36,OPEN
2,03:30:47,ST. STEPHEN'S GREEN EAST,53.337824,-6.256035,38,40,OPEN
28,03:27:24,HEUSTON STATION (CENTRAL),53.346603,-6.296924,12,40,OPEN
5,03:30:48,TOWNSEND STREET,53.345922,-6.254614,14,20,OPEN
29,03:25:15,GEORGES LANE,53.35023,-6.279696,11,40,OPEN
6,03:30:49,PHIBSBOROUGH ROAD,53.356307,-6.273717,34,40,OPEN
7,03:30:46,ECCLES STREET,53.359246,-6.269779,12,20,OPEN
30,03:26:10,PORTOBELLO HARBOUR,53.330362,-6.265163,0,30,OPEN
9,03:30:43,MATER HOSPITAL,53.359967,-6.264828,31,40,OPEN
7,03:31:17,BLESSINGTON STREET,53.356769,-6.26814,13,20,OPEN
21,03:30:13,JAMES STREET,53.343456,-6.287409,19,40,OPEN
12,03:30:42,MOUNTJOY SQUARE EAST,53.356717,-6.256359,28,40,OPEN
0,03:25:17,MERRION SQUARE WEST,53.339764,-6.251988,20,20,OPEN
4,03:30:41,CONVENTION CENTRE,53.34744,-6.238523,36,40,OPEN
2,03:31:12,HARDWICKE STREET,53.355473,-6.264423,11,16,OPEN
27,03:29:06,PARKGATE STREET,53.347972,-6.291804,11,38,OPEN
15,03:30:47,SMITHFIELD,53.347692,-6.278214,14,30,OPEN
1,03:28:30,DAME STREET,53.344007,-6.266802,15,16,OPEN
25,03:28:30,HEUSTON BRIDGE (SOUTH),53.347106,-6.292041,0,25,OPEN
0,03:23:58,CATHAL BRUGHA STREET,53.352149,-6.260533,20,20,OPEN
11,03:23:53,SANDWITH STREET,53.345203,-6.247163,29,40,OPEN
14,03:30:11,BUCKINGHAM STREET LOWER,53.353331,-6.249319,15,29,OPEN
35,03:30:48,ROTHE ABBEY,53.338776,-6.30395,0,35,OPEN
12,03:24:24,CHARLEVILLE ROAD,53.359157,-6.281866,28,40,OPEN
2,03:31:20,PRINCES STREET / O'CONNELL STREET,53.349013,-6.260311,21,23,OPEN
25,03:29:05,UPPER SHERRARD STREET,53.358437,-6.260641,5,30,OPEN
1,03:31:29,FITZWILLIAM SQUARE EAST,53.335211,-6.2509,39,40,OPEN
8,03:30:48,GRATTAN STREET,53.339629,-6.243778,15,23,OPEN
17,03:30:45,ST JAMES HOSPITAL (LUAS),53.341359,-6.292951,23,40,OPEN
2,03:30:47,HARCOURT TERRACE,53.332763,-6.257942,18,20,OPEN
5,03:28:30,BOLTON STREET,53.351182,-6.269859,15,20,OPEN
12,03:31:12,JERVIS STREET,53.3483,-6.266651,9,21,OPEN
0,03:31:25,ORMOND QUAY UPPER,53.346057,-6.268001,29,29,OPEN
6,03:31:12,GRANGEGORMAN LOWER (SOUTH),53.354663,-6.278681,34,40,OPEN
13,03:30:49,MOUNTJOY SQUARE WEST,53.356299,-6.258586,17,30,OPEN
11,03:30:49,WILTON TERRACE,53.332383,-6.252717,9,20,OPEN
35,03:23:51,EMMET ROAD,53.340714,-6.308191,5,40,OPEN
40,03:32:34,HEUSTON BRIDGE (NORTH),53.347802,-6.292432,0,40,OPEN
3,03:28:20,LEINSTER STREET SOUTH,53.34218,-6.254485,27,30,OPEN
11,03:31:13,BLACKHALL PLACE,53.3488,-6.281637,19,30,OPEN
