available_bikes,last_update,name,position.lat,position.lng,available_bike_stands,bike_stands,status
18,12:45:12,SMITHFIELD NORTH,53.349562,-6.278198,12,30,OPEN
0,12:43:31,PARNELL SQUARE NORTH,53.3537415547453,-6.26530144781526,20,20,OPEN
17,12:45:52,CLONMEL STREET,53.336021,-6.26298,16,33,OPEN
4,12:48:20,AVONDALE ROAD,53.359405,-6.276142,31,35,OPEN
26,12:42:00,JAMES STREET EAST,53.336597,-6.248109,4,30,OPEN
19,12:39:28,MOUNT STREET LOWER,53.33796,-6.24153,18,40,OPEN
2,12:48:41,CHRISTCHURCH PLACE,53.343368,-6.27012,18,20,OPEN
2,12:46:52,GRANTHAM STREET,53.334123,-6.265436,27,30,OPEN
14,12:47:45,PEARSE STREET,53.344304,-6.250427,16,30,OPEN
22,12:39:59,YORK STREET EAST,53.338755,-6.262003,9,32,OPEN
11,12:40:24,EXCISE WALK,53.347777,-6.244239,27,40,OPEN
16,12:42:21,FITZWILLIAM SQUARE WEST,53.336074,-6.252825,14,30,OPEN
4,12:44:11,PORTOBELLO ROAD,53.330091,-6.268044,26,30,OPEN
4,12:43:59,PARNELL STREET,53.350929,-6.265125,16,20,OPEN
24,12:42:44,FREDERICK STREET SOUTH,53.341515,-6.256853,16,40,OPEN
12,12:38:47,FOWNES STREET UPPER,53.344603,-6.263371,18,30,OPEN
20,12:46:15,CLARENDON ROW,53.340927,-6.262501,11,31,OPEN
13,12:40:45,CUSTOM HOUSE,53.348279,-6.254662,17,30,OPEN
13,12:45:59,RATHDOWN ROAD,53.35893,-6.280337,27,40,OPEN
2,12:47:56,NORTH CIRCULAR ROAD (O'CONNELL'S),53.357841,-6.251557,28,30,OPEN
33,12:47:57,HANOVER QUAY,53.344115,-6.237153,6,40,OPEN
1,12:42:35,OLIVER BOND STREET,53.343893,-6.280531,29,30,OPEN
0,12:39:07,COLLINS BARRACKS MUSEUM,53.347477,-6.28525,38,38,OPEN
3,12:41:49,BROOKFIELD ROAD,53.339005,-6.300217,27,30,OPEN
31,12:48:21,BENSON STREET,53.344153,-6.233451,8,40,OPEN
11,12:43:58,EARLSFORT TERRACE,53.334295,-6.258503,18,30,OPEN
9,12:46:06,GOLDEN LANE,53.340803,-6.267732,11,20,OPEN
0,12:46:38,DEVERELL PLACE,53.351464,-6.255265,30,30,OPEN
36,12:46:24,WILTON TERRACE (PARK),53.333653,-6.248345,3,40,OPEN
3,12:41:48,JOHN STREET WEST,53.343105,-6.277167,27,31,OPEN
10,12:48:10,FENIAN STREET,53.341428,-6.24672,24,35,OPEN
15,12:40:02,MERRION SQUARE SOUTH,53.338614,-6.248606,24,40,OPEN
22,12:46:09,SOUTH DOCK ROAD,53.341833,-6.231291,7,30,OPEN
19,12:44:15,CITY QUAY,53.346637,-6.246154,10,30,OPEN
9,12:39:33,EXCHEQUER STREET,53.343034,-6.263578,15,24,OPEN
18,12:41:19,THE POINT,53.346867,-6.230852,22,40,OPEN
0,12:41:27,BROADSTONE,53.3547,-6.272314,30,30,OPEN
14,12:41:42,HATCH STREET,53.33403,-6.260714,20,36,OPEN
12,12:45:37,LIME STREET,53.346026,-6.243576,8,40,OPEN
18,12:47:28,CHARLEMONT PLACE,53.330662,-6.260177,22,40,OPEN
10,12:43:04,KILMAINHAM GAOL,53.342113,-6.310015,30,40,OPEN
1,12:41:11,HARDWICKE PLACE,53.357043,-6.263232,24,25,OPEN
3,12:38:45,WOLFE TONE STREET,53.348875,-6.267459,26,29,OPEN
8,12:40:40,FRANCIS STREET,53.342081,-6.275233,22,30,OPEN
9,12:47:55,GREEK STREET,53.346874,-6.272976,11,20,OPEN
20,12:41:07,GUILD STREET,53.347932,-6.240928,20,40,OPEN
21,12:42:15,HERBERT PLACE,53.334432,-6.245575,7,30,OPEN
6,12:43:33,HIGH STREET,53.343565,-6.275071,23,29,OPEN
10,12:47:26,NORTH CIRCULAR ROAD,53.359624,-6.260348,20,30,OPEN
15,12:42:26,WESTERN WAY,53.354929,-6.269425,25,40,OPEN
8,12:48:35,TALBOT STREET,53.350974,-6.25294,32,40,OPEN
23,12:42:52,NEWMAN HOUSE,53.337132,-6.26059,17,40,OPEN
26,12:41:20,SIR PATRICK DUN'S,53.339218,-6.240642,13,40,OPEN
34,12:48:02,NEW CENTRAL BANK,53.347122,-6.234749,6,40,OPEN
17,12:40:14,GRANGEGORMAN LOWER (CENTRAL),53.355173,-6.278424,23,40,OPEN
6,12:47:28,KING STREET NORTH,53.350291,-6.273507,24,30,OPEN
10,12:40:15,KILLARNEY STREET,53.354845,-6.247579,20,30,OPEN
18,12:42:12,HERBERT STREET,53.335742,-6.24551,21,40,OPEN
36,12:47:09,HANOVER QUAY EAST,53.343653,-6.231755,4,40,OPEN
10,12:48:16,CUSTOM HOUSE QUAY,53.347884,-6.248048,19,30,OPEN
18,12:38:46,MOLESWORTH STREET,53.341288,-6.258117,2,20,OPEN
4,12:39:04,GEORGES QUAY,53.347508,-6.252192,16,20,OPEN
8,12:42:19,KILMAINHAM LANE,53.341805,-6.305085,21,30,OPEN
0,12:38:42,MOUNT BROWN,53.341645,-6.29719,8,22,OPEN
11,12:45:09,MARKET STREET SOUTH,53.342296,-6.287661,27,38,OPEN
4,12:39:51,KEVIN STREET,53.337757,-6.267699,36,40,OPEN
2,12:39:54,ECCLES STREET EAST,53.358115,-6.265601,25,27,OPEN
20,12:47:26,GRAND CANAL DOCK,53.342638,-6.238695,15,40,OPEN
17,12:45:49,MERRION SQUARE EAST,53.339434,-6.246548,12,30,OPEN
13,12:47:23,YORK STREET WEST,53.339334,-6.264699,25,40,OPEN
8,12:39:25,ST. STEPHEN'S GREEN SOUTH,53.337494,-6.26199,22,30,OPEN
13,12:41:16,DENMARK STREET GREAT,53.35561,-6.261397,7,20,OPEN
9,12:46:05,ROYAL HOSPITAL,53.343897,-6.29706,31,40,OPEN
0,12:45:34,HEUSTON STATION (CAR PARK),53.346985,-6.297804,40,40,OPEN
3,12:44:55,GRANGEGORMAN LOWER (NORTH),53.355954,-6.278378,33,36,OPEN
20,12:38:59,ST. STEPHEN'S GREEN EAST,53.337824,-6.256035,20,40,OPEN
0,12:48:43,HEUSTON STATION (CENTRAL),53.346603,-6.296924,40,40,OPEN
1,12:45:47,TOWNSEND STREET,53.345922,-6.254614,18,20,OPEN
12,12:45:04,GEORGES LANE,53.35023,-6.279696,28,40,OPEN
18,12:44:38,PHIBSBOROUGH ROAD,53.356307,-6.273717,22,40,OPEN
1,12:42:48,ECCLES STREET,53.359246,-6.269779,19,20,OPEN
15,12:42:56,PORTOBELLO HARBOUR,53.330362,-6.265163,15,30,OPEN
5,12:46:42,MATER HOSPITAL,53.359967,-6.264828,35,40,OPEN
0,12:40:03,BLESSINGTON STREET,53.356769,-6.26814,20,20,OPEN
11,12:40:47,JAMES STREET,53.343456,-6.287409,29,40,OPEN
1,12:45:38,MOUNTJOY SQUARE EAST,53.356717,-6.256359,39,40,OPEN
11,12:43:09,MERRION SQUARE WEST,53.339764,-6.251988,9,20,OPEN
31,12:39:27,CONVENTION CENTRE,53.34744,-6.238523,9,40,OPEN
0,12:44:10,HARDWICKE STREET,53.355473,-6.264423,13,16,OPEN
0,12:42:07,PARKGATE STREET,53.347972,-6.291804,38,38,OPEN
10,12:41:27,SMITHFIELD,53.347692,-6.278214,19,30,OPEN
6,12:38:41,DAME STREET,53.344007,-6.266802,10,16,OPEN
0,12:39:52,HEUSTON BRIDGE (SOUTH),53.347106,-6.292041,25,25,OPEN
13,12:48:07,CATHAL BRUGHA STREET,53.352149,-6.260533,7,20,OPEN
19,12:41:38,SANDWITH STREET,53.345203,-6.247163,21,40,OPEN
3,12:46:58,BUCKINGHAM STREET LOWER,53.353331,-6.249319,26,29,OPEN
15,12:43:01,ROTHE ABBEY,53.338776,-6.30395,20,35,OPEN
11,12:41:35,CHARLEVILLE ROAD,53.359157,-6.281866,29,40,OPEN
7,12:42:52,PRINCES STREET / O'CONNELL STREET,53.349013,-6.260311,16,23,OPEN
0,12:40:23,UPPER SHERRARD STREET,53.358437,-6.260641,30,30,OPEN
12,12:43:28,FITZWILLIAM SQUARE EAST,53.335211,-6.2509,27,40,OPEN
12,12:47:44,GRATTAN STREET,53.339629,-6.243778,9,23,OPEN
21,12:48:05,ST JAMES HOSPITAL (LUAS),53.341359,-6.292951,19,40,OPEN
4,12:43:06,HARCOURT TERRACE,53.332763,-6.257942,16,20,OPEN
7,12:48:24,BOLTON STREET,53.351182,-6.269859,13,20,OPEN
9,12:47:16,JERVIS STREET,53.3483,-6.266651,12,21,OPEN
10,12:42:38,ORMOND QUAY UPPER,53.346057,-6.268001,19,29,OPEN
12,12:41:56,GRANGEGORMAN LOWER (SOUTH),53.354663,-6.278681,28,40,OPEN
17,12:48:33,MOUNTJOY SQUARE WEST,53.356299,-6.258586,13,30,OPEN
0,12:43:47,WILTON TERRACE,53.332383,-6.252717,20,20,OPEN
15,12:41:03,EMMET ROAD,53.340714,-6.308191,23,40,OPEN
1,12:45:57,HEUSTON BRIDGE (NORTH),53.347802,-6.292432,39,40,OPEN
18,12:45:07,LEINSTER STREET SOUTH,53.34218,-6.254485,12,30,OPEN
4,12:46:00,BLACKHALL PLACE,53.3488,-6.281637,26,30,OPEN
