available_bikes,last_update,name,position.lat,position.lng,available_bike_stands,bike_stands,status
30,05:12:23,SMITHFIELD NORTH,53.349562,-6.278198,0,30,OPEN
1,05:12:20,PARNELL SQUARE NORTH,53.3537415547453,-6.26530144781526,19,20,OPEN
6,05:17:21,CLONMEL STREET,53.336021,-6.26298,27,33,OPEN
10,05:13:51,AVONDALE ROAD,53.359405,-6.276142,25,35,OPEN
3,05:15:57,JAMES STREET EAST,53.336597,-6.248109,27,30,OPEN
13,05:14:16,MOUNT STREET LOWER,53.33796,-6.24153,27,40,OPEN
14,05:12:21,CHRISTCHURCH PLACE,53.343368,-6.27012,6,20,OPEN
24,05:16:01,GRANTHAM STREET,53.334123,-6.265436,6,30,OPEN
1,05:12:19,PEARSE STREET,53.344304,-6.250427,29,30,OPEN
6,05:12:11,YORK STREET EAST,53.338755,-6.262003,26,32,OPEN
17,05:15:56,EXCISE WALK,53.347777,-6.244239,23,40,OPEN
9,05:12:09,FITZWILLIAM SQUARE WEST,53.336074,-6.252825,21,30,OPEN
7,05:09:51,PORTOBELLO ROAD,53.330091,-6.268044,23,30,OPEN
17,05:12:19,PARNELL STREET,53.350929,-6.265125,3,20,OPEN
18,05:17:14,FREDERICK STREET SOUTH,53.341515,-6.256853,22,40,OPEN
18,05:15:56,FOWNES STREET UPPER,53.344603,-6.263371,11,30,OPEN
17,05:15:52,CLARENDON ROW,53.340927,-6.262501,14,31,OPEN
19,05:12:02,CUSTOM HOUSE,53.348279,-6.254662,11,30,OPEN
15,05:09:43,RATHDOWN ROAD,53.35893,-6.280337,25,40,OPEN
12,05:17:36,NORTH CIRCULAR ROAD (O'CONNELL'S),53.357841,-6.251557,18,30,OPEN
9,05:12:56,HANOVER QUAY,53.344115,-6.237153,31,40,OPEN
18,05:12:19,OLIVER BOND STREET,53.343893,-6.280531,12,30,OPEN
0,05:12:09,COLLINS BARRACKS MUSEUM,53.347477,-6.28525,38,38,OPEN
17,05:09:08,BROOKFIELD ROAD,53.339005,-6.300217,13,30,OPEN
8,05:18:28,BENSON STREET,53.344153,-6.233451,32,40,OPEN
24,05:13:39,EARLSFORT TERRACE,53.334295,-6.258503,6,30,OPEN
12,05:12:00,GOLDEN LANE,53.340803,-6.267732,8,20,OPEN
4,05:14:20,DEVERELL PLACE,53.351464,-6.255265,26,30,OPEN
4,05:11:38,WILTON TERRACE (PARK),53.333653,-6.248345,36,40,OPEN
22,05:09:23,JOHN STREET WEST,53.343105,-6.277167,9,31,OPEN
10,05:17:15,FENIAN STREET,53.341428,-6.24672,25,35,OPEN
3,05:12:37,MERRION SQUARE SOUTH,53.338614,-6.248606,37,40,OPEN
27,05:13:53,SOUTH DOCK ROAD,53.341833,-6.231291,3,30,OPEN
0,05:12:17,CITY QUAY,53.346637,-6.246154,30,30,OPEN
23,05:09:24,EXCHEQUER STREET,53.343034,-6.263578,1,24,OPEN
13,05:10:24,THE POINT,53.346867,-6.230852,27,40,OPEN
0,05:12:20,BROADSTONE,53.3547,-6.272314,30,30,OPEN
5,05:12:19,HATCH STREET,53.33403,-6.260714,29,36,OPEN
15,05:15:39,LIME STREET,53.346026,-6.243576,5,40,OPEN
15,05:16:12,CHARLEMONT PLACE,53.330662,-6.260177,25,40,OPEN
27,05:12:15,KILMAINHAM GAOL,53.342113,-6.310015,13,40,OPEN
5,05:12:13,HARDWICKE PLACE,53.357043,-6.263232,20,25,OPEN
28,05:10:33,WOLFE TONE STREET,53.348875,-6.267459,1,29,OPEN
17,05:17:39,FRANCIS STREET,53.342081,-6.275233,13,30,OPEN
19,05:12:22,GREEK STREET,53.346874,-6.272976,1,20,OPEN
12,05:15:03,GUILD STREET,53.347932,-6.240928,28,40,OPEN
3,05:12:16,HERBERT PLACE,53.334432,-6.245575,27,30,OPEN
10,05:12:23,HIGH STREET,53.343565,-6.275071,19,29,OPEN
14,05:11:58,NORTH CIRCULAR ROAD,53.359624,-6.260348,16,30,OPEN
21,05:12:22,WESTERN WAY,53.354929,-6.269425,19,40,OPEN
3,05:12:19,TALBOT STREET,53.350974,-6.25294,37,40,OPEN
12,05:16:26,NEWMAN HOUSE,53.337132,-6.26059,28,40,OPEN
1,05:15:31,SIR PATRICK DUN'S,53.339218,-6.240642,39,40,OPEN
11,05:12:19,NEW CENTRAL BANK,53.347122,-6.234749,29,40,OPEN
5,05:12:17,GRANGEGORMAN LOWER (CENTRAL),53.355173,-6.278424,35,40,OPEN
14,05:11:41,KING STREET NORTH,53.350291,-6.273507,16,30,OPEN
27,05:16:57,KILLARNEY STREET,53.354845,-6.247579,3,30,OPEN
5,05:12:22,HERBERT STREET,53.335742,-6.24551,35,40,OPEN
4,05:14:09,HANOVER QUAY EAST,53.343653,-6.231755,36,40,OPEN
8,05:11:46,CUSTOM HOUSE QUAY,53.347884,-6.248048,22,30,OPEN
8,05:12:18,MOLESWORTH STREET,53.341288,-6.258117,12,20,OPEN
10,05:12:22,GEORGES QUAY,53.347508,-6.252192,10,20,OPEN
19,05:10:27,KILMAINHAM LANE,53.341805,-6.305085,11,30,OPEN
2,05:12:21,MOUNT BROWN,53.341645,-6.29719,6,22,OPEN
23,05:09:20,MARKET STREET SOUTH,53.342296,-6.287661,15,38,OPEN
4,05:12:17,KEVIN STREET,53.337757,-6.267699,36,40,OPEN
3,05:12:13,ECCLES STREET EAST,53.358115,-6.265601,24,27,OPEN
14,05:12:10,GRAND CANAL DOCK,53.342638,-6.238695,26,40,OPEN
6,05:15:36,MERRION SQUARE EAST,53.339434,-6.246548,24,30,OPEN
10,05:12:18,YORK STREET WEST,53.339334,-6.264699,30,40,OPEN
3,05:12:22,ST. STEPHEN'S GREEN SOUTH,53.337494,-6.26199,27,30,OPEN
4,05:13:16,DENMARK STREET GREAT,53.35561,-6.261397,16,20,OPEN
16,05:12:22,ROYAL HOSPITAL,53.343897,-6.29706,24,40,OPEN
6,05:17:40,HEUSTON STATION (CAR PARK),53.346985,-6.297804,34,40,OPEN
14,05:10:56,GRANGEGORMAN LOWER (NORTH),53.355954,-6.278378,22,36,OPEN
8,05:12:15,ST. STEPHEN'S GREEN EAST,53.337824,-6.256035,32,40,OPEN
35,05:13:35,HEUSTON STATION (CENTRAL),53.346603,-6.296924,5,40,OPEN
2,05:12:12,TOWNSEND STREET,53.345922,-6.254614,17,20,OPEN
14,05:17:15,GEORGES LANE,53.35023,-6.279696,26,40,OPEN
17,05:12:17,PHIBSBOROUGH ROAD,53.356307,-6.273717,23,40,OPEN
12,05:09:41,ECCLES STREET,53.359246,-6.269779,8,20,OPEN
4,05:14:51,PORTOBELLO HARBOUR,53.330362,-6.265163,26,30,OPEN
2,05:10:03,MATER HOSPITAL,53.359967,-6.264828,38,40,OPEN
5,05:16:47,BLESSINGTON STREET,53.356769,-6.26814,15,20,OPEN
21,05:12:09,JAMES STREET,53.343456,-6.287409,19,40,OPEN
1,05:12:21,MOUNTJOY SQUARE EAST,53.356717,-6.256359,39,40,OPEN
12,05:12:19,MERRION SQUARE WEST,53.339764,-6.251988,8,20,OPEN
2,05:12:16,CONVENTION CENTRE,53.34744,-6.238523,38,40,OPEN
3,05:12:22,HARDWICKE STREET,53.355473,-6.264423,10,16,OPEN
8,05:17:07,PARKGATE STREET,53.347972,-6.291804,30,38,OPEN
12,05:12:56,SMITHFIELD,53.347692,-6.278214,17,30,OPEN
13,05:16:50,DAME STREET,53.344007,-6.266802,3,16,OPEN
24,05:13:50,HEUSTON BRIDGE (SOUTH),53.347106,-6.292041,1,25,OPEN
17,05:10:39,CATHAL BRUGHA STREET,53.352149,-6.260533,3,20,OPEN
15,05:18:07,SANDWITH STREET,53.345203,-6.247163,25,40,OPEN
9,05:12:17,BUCKINGHAM STREET LOWER,53.353331,-6.249319,20,29,OPEN
18,05:16:25,ROTHE ABBEY,53.338776,-6.30395,17,35,OPEN
15,05:12:23,CHARLEVILLE ROAD,53.359157,-6.281866,25,40,OPEN
17,05:11:37,PRINCES STREET / O'CONNELL STREET,53.349013,-6.260311,6,23,OPEN
16,05:14:07,UPPER SHERRARD STREET,53.358437,-6.260641,14,30,OPEN
7,05:12:20,FITZWILLIAM SQUARE EAST,53.335211,-6.2509,33,40,OPEN
3,05:12:11,GRATTAN STREET,53.339629,-6.243778,20,23,OPEN
30,05:14:11,ST JAMES HOSPITAL (LUAS),53.341359,-6.292951,10,40,OPEN
9,05:12:18,HARCOURT TERRACE,53.332763,-6.257942,11,20,OPEN
9,05:15:37,BOLTON STREET,53.351182,-6.269859,11,20,OPEN
21,05:12:19,JERVIS STREET,53.3483,-6.266651,0,21,OPEN
24,05:18:04,ORMOND QUAY UPPER,53.346057,-6.268001,5,29,OPEN
0,05:12:24,GRANGEGORMAN LOWER (SOUTH),53.354663,-6.278681,40,40,OPEN
15,05:09:13,MOUNTJOY SQUARE WEST,53.356299,-6.258586,15,30,OPEN
6,05:13:03,WILTON TERRACE,53.332383,-6.252717,14,20,OPEN
18,05:12:09,EMMET ROAD,53.340714,-6.308191,22,40,OPEN
40,05:10:21,HEUSTON BRIDGE (NORTH),53.347802,-6.292432,0,40,OPEN
17,05:12:13,LEINSTER STREET SOUTH,53.34218,-6.254485,13,30,OPEN
6,05:13:52,BLACKHALL PLACE,53.3488,-6.281637,24,30,OPEN
