available_bikes,last_update,name,position.lat,position.lng,available_bike_stands,bike_stands,status
5,15:35:08,SMITHFIELD NORTH,53.349562,-6.278198,25,30,OPEN
9,15:34:11,PARNELL SQUARE NORTH,53.3537415547453,-6.26530144781526,11,20,OPEN
19,15:35:23,CLONMEL STREET,53.336021,-6.26298,14,33,OPEN
13,15:33:33,AVONDALE ROAD,53.359405,-6.276142,22,35,OPEN
18,15:35:17,JAMES STREET EAST,53.336597,-6.248109,12,30,OPEN
16,15:31:36,MOUNT STREET LOWER,53.33796,-6.24153,24,40,OPEN
2,15:32:06,CHRISTCHURCH PLACE,53.343368,-6.27012,18,20,OPEN
12,15:35:28,GRANTHAM STREET,53.334123,-6.265436,18,30,OPEN
26,15:34:46,PEARSE STREET,53.344304,-6.250427,4,30,OPEN
13,15:33:30,YORK STREET EAST,53.338755,-6.262003,19,32,OPEN
7,15:33:43,EXCISE WALK,53.347777,-6.244239,33,40,OPEN
3,15:33:16,FITZWILLIAM SQUARE WEST,53.336074,-6.252825,27,30,OPEN
8,15:33:26,PORTOBELLO ROAD,53.330091,-6.268044,22,30,OPEN
0,15:33:47,PARNELL STREET,53.350929,-6.265125,0,20,OPEN
13,15:33:12,FREDERICK STREET SOUTH,53.341515,-6.256853,27,40,OPEN
19,15:35:11,FOWNES STREET UPPER,53.344603,-6.263371,11,30,OPEN
10,15:31:49,CLARENDON ROW,53.340927,-6.262501,21,31,OPEN
5,15:32:56,CUSTOM HOUSE,53.348279,-6.254662,25,30,OPEN
12,15:30:59,RATHDOWN ROAD,53.35893,-6.280337,28,40,OPEN
13,15:32:47,NORTH CIRCULAR ROAD (O'CONNELL'S),53.357841,-6.251557,17,30,OPEN
6,15:33:46,HANOVER QUAY,53.344115,-6.237153,34,40,OPEN
20,15:34:40,OLIVER BOND STREET,53.343893,-6.280531,10,30,OPEN
3,15:32:42,COLLINS BARRACKS MUSEUM,53.347477,-6.28525,35,38,OPEN
16,15:35:11,BROOKFIELD ROAD,53.339005,-6.300217,14,30,OPEN
34,15:35:50,BENSON STREET,53.344153,-6.233451,6,40,OPEN
7,15:33:04,EARLSFORT TERRACE,53.334295,-6.258503,23,30,OPEN
0,15:34:15,GOLDEN LANE,53.340803,-6.267732,20,20,OPEN
21,15:35:06,DEVERELL PLACE,53.351464,-6.255265,9,30,OPEN
7,15:35:04,WILTON TERRACE (PARK),53.333653,-6.248345,33,40,OPEN
1,15:33:35,JOHN STREET WEST,53.343105,-6.277167,30,31,OPEN
7,15:32:25,FENIAN STREET,53.341428,-6.24672,28,35,OPEN
2,15:31:44,MERRION SQUARE SOUTH,53.338614,-6.248606,38,40,OPEN
7,15:33:42,SOUTH DOCK ROAD,53.341833,-6.231291,23,30,OPEN
8,15:33:08,CITY QUAY,53.346637,-6.246154,22,30,OPEN
11,15:35:28,EXCHEQUER STREET,53.343034,-6.263578,13,24,OPEN
10,15:33:13,THE POINT,53.346867,-6.230852,30,40,OPEN
1,15:30:42,BROADSTONE,53.3547,-6.272314,29,30,OPEN
3,15:35:20,HATCH STREET,53.33403,-6.260714,33,36,OPEN
3,15:32:07,LIME STREET,53.346026,-6.243576,37,40,OPEN
5,15:34:43,CHARLEMONT PLACE,53.330662,-6.260177,35,40,OPEN
14,15:31:37,KILMAINHAM GAOL,53.342113,-6.310015,26,40,OPEN
0,15:30:48,HARDWICKE PLACE,53.357043,-6.263232,25,25,OPEN
9,15:34:41,WOLFE TONE STREET,53.348875,-6.267459,20,29,OPEN
0,15:33:18,FRANCIS STREET,53.342081,-6.275233,30,30,OPEN
8,15:34:34,GREEK STREET,53.346874,-6.272976,12,20,OPEN
7,15:33:29,GUILD STREET,53.347932,-6.240928,33,40,OPEN
29,15:35:47,HERBERT PLACE,53.334432,-6.245575,1,30,OPEN
1,15:31:55,HIGH STREET,53.343565,-6.275071,28,29,OPEN
0,15:33:21,NORTH CIRCULAR ROAD,53.359624,-6.260348,30,30,OPEN
13,15:32:44,WESTERN WAY,53.354929,-6.269425,27,40,OPEN
40,15:32:44,TALBOT STREET,53.350974,-6.25294,0,40,OPEN
6,15:32:43,NEWMAN HOUSE,53.337132,-6.26059,34,40,OPEN
23,15:34:27,SIR PATRICK DUN'S,53.339218,-6.240642,17,40,OPEN
1,15:32:18,NEW CENTRAL BANK,53.347122,-6.234749,39,40,OPEN
0,15:33:51,GRANGEGORMAN LOWER (CENTRAL),53.355173,-6.278424,40,40,OPEN
16,15:31:40,KING STREET NORTH,53.350291,-6.273507,14,30,OPEN
4,15:33:08,KILLARNEY STREET,53.354845,-6.247579,26,30,OPEN
18,15:31:10,HERBERT STREET,53.335742,-6.24551,22,40,OPEN
7,15:30:43,HANOVER QUAY EAST,53.343653,-6.231755,33,40,OPEN
13,15:34:30,CUSTOM HOUSE QUAY,53.347884,-6.248048,17,30,OPEN
7,15:31:35,MOLESWORTH STREET,53.341288,-6.258117,13,20,OPEN
9,15:31:08,GEORGES QUAY,53.347508,-6.252192,11,20,OPEN
8,15:30:48,KILMAINHAM LANE,53.341805,-6.305085,22,30,OPEN
3,15:32:11,MOUNT BROWN,53.341645,-6.29719,19,22,OPEN
21,15:34:14,MARKET STREET SOUTH,53.342296,-6.287661,17,38,OPEN
5,15:32:52,KEVIN STREET,53.337757,-6.267699,35,40,OPEN
3,15:34:32,ECCLES STREET EAST,53.358115,-6.265601,24,27,OPEN
3,15:26:42,GRAND CANAL DOCK,53.342638,-6.238695,37,40,OPEN
12,15:35:00,MERRION SQUARE EAST,53.339434,-6.246548,18,30,OPEN
1,15:32:11,YORK STREET WEST,53.339334,-6.264699,39,40,OPEN
6,15:32:40,ST. STEPHEN'S GREEN SOUTH,53.337494,-6.26199,23,30,OPEN
4,15:34:48,DENMARK STREET GREAT,53.35561,-6.261397,16,20,OPEN
7,15:35:27,ROYAL HOSPITAL,53.343897,-6.29706,33,40,OPEN
18,15:33:51,HEUSTON STATION (CAR PARK),53.346985,-6.297804,22,40,OPEN
8,15:35:13,GRANGEGORMAN LOWER (NORTH),53.355954,-6.278378,28,36,OPEN
11,15:31:01,ST. STEPHEN'S GREEN EAST,53.337824,-6.256035,29,40,OPEN
22,15:33:07,HEUSTON STATION (CENTRAL),53.346603,-6.296924,18,40,OPEN
15,15:31:38,TOWNSEND STREET,53.345922,-6.254614,5,20,OPEN
2,15:35:23,GEORGES LANE,53.35023,-6.279696,38,40,OPEN
12,15:34:02,PHIBSBOROUGH ROAD,53.356307,-6.273717,28,40,OPEN
20,15:32:20,ECCLES STREET,53.359246,-6.269779,0,20,OPEN
10,15:26:28,PORTOBELLO HARBOUR,53.330362,-6.265163,20,30,OPEN
15,15:32:17,MATER HOSPITAL,53.359967,-6.264828,25,40,OPEN
13,15:32:52,BLESSINGTON STREET,53.356769,-6.26814,7,20,OPEN
25,15:35:52,JAMES STREET,53.343456,-6.287409,15,40,OPEN
1,15:31:15,MOUNTJOY SQUARE EAST,53.356717,-6.256359,39,40,OPEN
7,15:31:27,MERRION SQUARE WEST,53.339764,-6.251988,13,20,OPEN
8,15:35:30,CONVENTION CENTRE,53.34744,-6.238523,32,40,OPEN
2,15:34:40,HARDWICKE STREET,53.355473,-6.264423,14,16,OPEN
28,15:31:36,PARKGATE STREET,53.347972,-6.291804,10,38,OPEN
3,15:35:42,SMITHFIELD,53.347692,-6.278214,27,30,OPEN
9,15:35:15,DAME STREET,53.344007,-6.266802,7,16,OPEN
21,15:35:44,HEUSTON BRIDGE (SOUTH),53.347106,-6.292041,4,25,OPEN
13,15:35:01,CATHAL BRUGHA STREET,53.352149,-6.260533,7,20,OPEN
7,15:28:55,SANDWITH STREET,53.345203,-6.247163,33,40,OPEN
24,15:34:36,BUCKINGHAM STREET LOWER,53.353331,-6.249319,5,29,OPEN
26,15:35:20,ROTHE ABBEY,53.338776,-6.30395,9,35,OPEN
9,15:32:18,CHARLEVILLE ROAD,53.359157,-6.281866,31,40,OPEN
12,15:35:50,PRINCES STREET / O'CONNELL STREET,53.349013,-6.260311,11,23,OPEN
6,15:35:09,UPPER SHERRARD STREET,53.358437,-6.260641,24,30,OPEN
3,15:27:24,FITZWILLIAM SQUARE EAST,53.335211,-6.2509,37,40,OPEN
10,15:31:44,GRATTAN STREET,53.339629,-6.243778,13,23,OPEN
29,15:35:08,ST JAMES HOSPITAL (LUAS),53.341359,-6.292951,11,40,OPEN
1,15:31:14,HARCOURT TERRACE,53.332763,-6.257942,19,20,OPEN
15,15:33:17,BOLTON STREET,53.351182,-6.269859,5,20,OPEN
16,15:29:35,JERVIS STREET,53.3483,-6.266651,5,21,OPEN
20,15:34:59,ORMOND QUAY UPPER,53.346057,-6.268001,9,29,OPEN
17,15:32:49,GRANGEGORMAN LOWER (SOUTH),53.354663,-6.278681,23,40,OPEN
20,15:35:40,MOUNTJOY SQUARE WEST,53.356299,-6.258586,10,30,OPEN
4,15:34:26,WILTON TERRACE,53.332383,-6.252717,16,20,OPEN
28,15:33:43,EMMET ROAD,53.340714,-6.308191,12,40,OPEN
29,15:34:59,HEUSTON BRIDGE (NORTH),53.347802,-6.292432,11,40,OPEN
18,15:31:53,LEINSTER STREET SOUTH,53.34218,-6.254485,12,30,OPEN
5,15:32:13,BLACKHALL PLACE,53.3488,-6.281637,25,30,OPEN
