available_bikes,last_update,name,position.lat,position.lng,available_bike_stands,bike_stands,status
26,13:54:48,SMITHFIELD NORTH,53.349562,-6.278198,4,30,OPEN
6,14:01:34,PARNELL SQUARE NORTH,53.3537415547453,-6.26530144781526,14,20,OPEN
31,14:03:28,CLONMEL STREET,53.336021,-6.26298,2,33,OPEN
3,14:03:51,AVONDALE ROAD,53.359405,-6.276142,32,35,OPEN
2,14:02:08,JAMES STREET EAST,53.336597,-6.248109,28,30,OPEN
22,13:56:07,MOUNT STREET LOWER,53.33796,-6.24153,18,40,OPEN
20,14:02:42,CHRISTCHURCH PLACE,53.343368,-6.27012,0,20,OPEN
18,14:01:50,GRANTHAM STREET,53.334123,-6.265436,12,30,OPEN
17,13:58:52,PEARSE STREET,53.344304,-6.250427,12,30,OPEN
31,13:58:55,YORK STREET EAST,53.338755,-6.262003,1,32,OPEN
13,13:57:25,EXCISE WALK,53.347777,-6.244239,27,40,OPEN
8,13:58:36,FITZWILLIAM SQUARE WEST,53.336074,-6.252825,22,30,OPEN
9,13:54:24,PORTOBELLO ROAD,53.330091,-6.268044,21,30,OPEN
7,14:00:06,PARNELL STREET,53.350929,-6.265125,13,20,OPEN
9,13:58:29,FREDERICK STREET SOUTH,53.341515,-6.256853,31,40,OPEN
28,14:02:05,FOWNES STREET UPPER,53.344603,-6.263371,2,30,OPEN
26,13:59:58,CLARENDON ROW,53.340927,-6.262501,5,31,OPEN
11,14:02:35,CUSTOM HOUSE,53.348279,-6.254662,19,30,OPEN
20,14:02:49,RATHDOWN ROAD,53.35893,-6.280337,20,40,OPEN
6,13:58:49,NORTH CIRCULAR ROAD (O'CONNELL'S),53.357841,-6.251557,24,30,OPEN
9,14:01:16,HANOVER QUAY,53.344115,-6.237153,31,40,OPEN
16,14:01:34,OLIVER BOND STREET,53.343893,-6.280531,14,30,OPEN
7,13:57:06,COLLINS BARRACKS MUSEUM,53.347477,-6.28525,31,38,OPEN
13,14:02:35,BROOKFIELD ROAD,53.339005,-6.300217,17,30,OPEN
7,13:56:35,BENSON STREET,53.344153,-6.233451,33,40,OPEN
0,14:00:20,EARLSFORT TERRACE,53.334295,-6.258503,30,30,OPEN
17,14:03:32,GOLDEN LANE,53.340803,-6.267732,3,20,OPEN
14,14:02:02,DEVERELL PLACE,53.351464,-6.255265,16,30,OPEN
10,14:01:56,WILTON TERRACE (PARK),53.333653,-6.248345,29,40,OPEN
8,14:00:28,JOHN STREET WEST,53.343105,-6.277167,23,31,OPEN
7,14:00:02,FENIAN STREET,53.341428,-6.24672,28,35,OPEN
0,13:55:33,MERRION SQUARE SOUTH,53.338614,-6.248606,40,40,OPEN
30,14:00:22,SOUTH DOCK ROAD,53.341833,-6.231291,0,30,OPEN
5,14:02:31,CITY QUAY,53.346637,-6.246154,25,30,OPEN
22,14:01:31,EXCHEQUER STREET,53.343034,-6.263578,2,24,OPEN
28,14:00:07,THE POINT,53.346867,-6.230852,12,40,OPEN
0,14:03:34,BROADSTONE,53.3547,-6.272314,30,30,OPEN
1,13:57:31,HATCH STREET,53.33403,-6.260714,33,36,OPEN
19,14:03:50,LIME STREET,53.346026,-6.243576,1,40,OPEN
1,13:53:56,CHARLEMONT PLACE,53.330662,-6.260177,39,40,OPEN
0,13:58:06,KILMAINHAM GAOL,53.342113,-6.310015,40,40,OPEN
0,13:56:27,HARDWICKE PLACE,53.357043,-6.263232,25,25,OPEN
11,14:01:03,WOLFE TONE STREET,53.348875,-6.267459,18,29,OPEN
0,13:58:32,FRANCIS STREET,53.342081,-6.275233,30,30,OPEN
9,14:03:27,GREEK STREET,53.346874,-6.272976,11,20,OPEN
12,13:56:52,GUILD STREET,53.347932,-6.240928,28,40,OPEN
20,14:01:31,HERBERT PLACE,53.334432,-6.245575,10,30,OPEN
0,13:56:42,HIGH STREET,53.343565,-6.275071,29,29,OPEN
4,14:02:31,NORTH CIRCULAR ROAD,53.359624,-6.260348,26,30,OPEN
15,13:57:27,WESTERN WAY,53.354929,-6.269425,25,40,OPEN
27,13:57:51,TALBOT STREET,53.350974,-6.25294,12,40,OPEN
1,13:55:04,NEWMAN HOUSE,53.337132,-6.26059,39,40,OPEN
38,13:57:35,SIR PATRICK DUN'S,53.339218,-6.240642,2,40,OPEN
12,14:00:51,NEW CENTRAL BANK,53.347122,-6.234749,28,40,OPEN
8,13:59:56,GRANGEGORMAN LOWER (CENTRAL),53.355173,-6.278424,31,40,OPEN
4,13:55:50,KING STREET NORTH,53.350291,-6.273507,26,30,OPEN
16,13:54:04,KILLARNEY STREET,53.354845,-6.247579,14,30,OPEN
2,13:57:27,HERBERT STREET,53.335742,-6.24551,38,40,OPEN
0,13:56:52,HANOVER QUAY EAST,53.343653,-6.231755,40,40,OPEN
4,13:58:24,CUSTOM HOUSE QUAY,53.347884,-6.248048,26,30,OPEN
19,14:00:35,MOLESWORTH STREET,53.341288,-6.258117,1,20,OPEN
3,14:03:43,GEORGES QUAY,53.347508,-6.252192,17,20,OPEN
0,14:01:07,KILMAINHAM LANE,53.341805,-6.305085,30,30,OPEN
5,13:59:42,MOUNT BROWN,53.341645,-6.29719,17,22,OPEN
11,13:55:20,MARKET STREET SOUTH,53.342296,-6.287661,27,38,OPEN
17,14:01:11,KEVIN STREET,53.337757,-6.267699,23,40,OPEN
0,13:59:22,ECCLES STREET EAST,53.358115,-6.265601,27,27,OPEN
32,13:59:59,GRAND CANAL DOCK,53.342638,-6.238695,8,40,OPEN
2,13:53:48,MERRION SQUARE EAST,53.339434,-6.246548,28,30,OPEN
12,14:01:20,YORK STREET WEST,53.339334,-6.264699,28,40,OPEN
15,14:01:31,ST. STEPHEN'S GREEN SOUTH,53.337494,-6.26199,15,30,OPEN
13,14:00:02,DENMARK STREET GREAT,53.35561,-6.261397,7,20,OPEN
26,14:00:27,ROYAL HOSPITAL,53.343897,-6.29706,14,40,OPEN
19,13:59:36,HEUSTON STATION (CAR PARK),53.346985,-6.297804,21,40,OPEN
1,14:01:06,GRANGEGORMAN LOWER (NORTH),53.355954,-6.278378,35,36,OPEN
9,14:03:51,ST. STEPHEN'S GREEN EAST,53.337824,-6.256035,31,40,OPEN
31,13:57:38,HEUSTON STATION (CENTRAL),53.346603,-6.296924,9,40,OPEN
4,14:03:27,TOWNSEND STREET,53.345922,-6.254614,15,20,OPEN
29,13:58:56,GEORGES LANE,53.35023,-6.279696,11,40,OPEN
19,14:02:23,PHIBSBOROUGH ROAD,53.356307,-6.273717,21,40,OPEN
0,14:02:45,ECCLES STREET,53.359246,-6.269779,20,20,OPEN
17,13:56:27,PORTOBELLO HARBOUR,53.330362,-6.265163,13,30,OPEN
6,13:53:55,MATER HOSPITAL,53.359967,-6.264828,34,40,OPEN
0,13:55:31,BLESSINGTON STREET,53.356769,-6.26814,20,20,OPEN
15,13:56:11,JAMES STREET,53.343456,-6.287409,25,40,OPEN
1,14:01:47,MOUNTJOY SQUARE EAST,53.356717,-6.256359,39,40,OPEN
14,14:01:54,MERRION SQUARE WEST,53.339764,-6.251988,6,20,OPEN
2,14:00:15,CONVENTION CENTRE,53.34744,-6.238523,38,40,OPEN
3,14:02:19,HARDWICKE STREET,53.355473,-6.264423,10,16,OPEN
21,14:01:02,PARKGATE STREET,53.347972,-6.291804,17,38,OPEN
16,13:59:39,SMITHFIELD,53.347692,-6.278214,13,30,OPEN
16,13:56:43,DAME STREET,53.344007,-6.266802,0,16,OPEN
10,13:56:35,HEUSTON BRIDGE (SOUTH),53.347106,-6.292041,15,25,OPEN
17,13:58:56,CATHAL BRUGHA STREET,53.352149,-6.260533,2,20,OPEN
14,14:02:51,SANDWITH STREET,53.345203,-6.247163,26,40,OPEN
11,13:57:49,BUCKINGHAM STREET LOWER,53.353331,-6.249319,18,29,OPEN
17,14:01:39,ROTHE ABBEY,53.338776,-6.30395,18,35,OPEN
4,13:58:59,CHARLEVILLE ROAD,53.359157,-6.281866,36,40,OPEN
11,13:58:58,PRINCES STREET / O'CONNELL STREET,53.349013,-6.260311,12,23,OPEN
0,14:03:28,UPPER SHERRARD STREET,53.358437,-6.260641,30,30,OPEN
0,13:56:40,FITZWILLIAM SQUARE EAST,53.335211,-6.2509,40,40,OPEN
1,14:00:31,GRATTAN STREET,53.339629,-6.243778,22,23,OPEN
3,14:02:53,ST JAMES HOSPITAL (LUAS),53.341359,-6.292951,37,40,OPEN
0,14:01:18,HARCOURT TERRACE,53.332763,-6.257942,20,20,OPEN
18,13:56:04,BOLTON STREET,53.351182,-6.269859,2,20,OPEN
17,13:53:54,JERVIS STREET,53.3483,-6.266651,4,21,OPEN
11,13:54:32,ORMOND QUAY UPPER,53.346057,-6.268001,18,29,OPEN
9,14:00:49,GRANGEGORMAN LOWER (SOUTH),53.354663,-6.278681,31,40,OPEN
0,13:55:33,MOUNTJOY SQUARE WEST,53.356299,-6.258586,30,30,OPEN
0,14:01:11,WILTON TERRACE,53.332383,-6.252717,20,20,OPEN
14,14:02:16,EMMET ROAD,53.340714,-6.308191,26,40,OPEN
22,14:01:09,HEUSTON BRIDGE (NORTH),53.347802,-6.292432,18,40,OPEN
20,14:01:33,LEINSTER STREET SOUTH,53.34218,-6.254485,10,30,OPEN
20,13:54:44,BLACKHALL PLACE,53.3488,-6.281637,10,30,OPEN
