available_bikes,last_update,name,position.lat,position.lng,available_bike_stands,bike_stands,status
21,09:59:36,SMITHFIELD NORTH,53.349562,-6.278198,7,30,OPEN
2,10:03:30,PARNELL SQUARE NORTH,53.3537415547453,-6.26530144781526,18,20,OPEN
18,10:02:17,CLONMEL STREET,53.336021,-6.26298,15,33,OPEN
4,10:04:11,AVONDALE ROAD,53.359405,-6.276142,30,35,OPEN
11,10:02:43,JAMES STREET EAST,53.336597,-6.248109,19,30,OPEN
10,10:03:40,MOUNT STREET LOWER,53.33796,-6.24153,30,40,OPEN
1,10:01:30,CHRISTCHURCH PLACE,53.343368,-6.27012,19,20,OPEN
26,10:00:58,GRANTHAM STREET,53.334123,-6.265436,3,30,OPEN
18,10:04:28,PEARSE STREET,53.344304,-6.250427,12,30,OPEN
3,10:05:15,YORK STREET EAST,53.338755,-6.262003,29,32,OPEN
7,10:05:22,EXCISE WALK,53.347777,-6.244239,33,40,OPEN
0,10:03:34,FITZWILLIAM SQUARE WEST,53.336074,-6.252825,29,30,OPEN
7,10:05:32,PORTOBELLO ROAD,53.330091,-6.268044,23,30,OPEN
4,10:05:45,PARNELL STREET,53.350929,-6.265125,16,20,OPEN
11,10:03:44,FREDERICK STREET SOUTH,53.341515,-6.256853,28,40,OPEN
8,10:05:26,FOWNES STREET UPPER,53.344603,-6.263371,22,30,OPEN
9,10:04:00,CLARENDON ROW,53.340927,-6.262501,22,31,OPEN
15,10:01:21,CUSTOM HOUSE,53.348279,-6.254662,15,30,OPEN
14,10:03:18,RATHDOWN ROAD,53.35893,-6.280337,26,40,OPEN
0,09:59:27,NORTH CIRCULAR ROAD (O'CONNELL'S),53.357841,-6.251557,30,30,OPEN
7,10:02:50,HANOVER QUAY,53.344115,-6.237153,33,40,OPEN
17,10:00:53,OLIVER BOND STREET,53.343893,-6.280531,13,30,OPEN
8,10:05:16,COLLINS BARRACKS MUSEUM,53.347477,-6.28525,30,38,OPEN
16,10:04:19,BROOKFIELD ROAD,53.339005,-6.300217,14,30,OPEN
36,10:03:47,BENSON STREET,53.344153,-6.233451,3,40,OPEN
6,10:00:09,EARLSFORT TERRACE,53.334295,-6.258503,24,30,OPEN
1,10:00:30,GOLDEN LANE,53.340803,-6.267732,19,20,OPEN
12,10:01:56,DEVERELL PLACE,53.351464,-6.255265,18,30,OPEN
37,10:04:41,WILTON TERRACE (PARK),53.333653,-6.248345,2,40,OPEN
12,10:03:36,JOHN STREET WEST,53.343105,-6.277167,19,31,OPEN
8,09:59:57,FENIAN STREET,53.341428,-6.24672,27,35,OPEN
2,10:04:18,MERRION SQUARE SOUTH,53.338614,-6.248606,38,40,OPEN
3,10:01:19,SOUTH DOCK ROAD,53.341833,-6.231291,26,30,OPEN
0,10:00:47,CITY QUAY,53.346637,-6.246154,30,30,OPEN
9,10:00:56,EXCHEQUER STREET,53.343034,-6.263578,15,24,OPEN
3,10:00:23,THE POINT,53.346867,-6.230852,37,40,OPEN
6,10:03:02,BROADSTONE,53.3547,-6.272314,24,30,OPEN
10,10:01:46,HATCH STREET,53.33403,-6.260714,26,36,OPEN
6,10:04:09,LIME STREET,53.346026,-6.243576,34,40,OPEN
7,10:04:51,CHARLEMONT PLACE,53.330662,-6.260177,32,40,OPEN
25,10:03:15,KILMAINHAM GAOL,53.342113,-6.310015,14,40,OPEN
8,10:02:41,HARDWICKE PLACE,53.357043,-6.263232,17,25,OPEN
3,10:02:20,WOLFE TONE STREET,53.348875,-6.267459,26,29,OPEN
2,10:00:13,FRANCIS STREET,53.342081,-6.275233,28,30,OPEN
12,10:05:42,GREEK STREET,53.346874,-6.272976,8,20,OPEN
6,10:03:22,GUILD STREET,53.347932,-6.240928,34,40,OPEN
25,10:02:39,HERBERT PLACE,53.334432,-6.245575,4,30,OPEN
14,09:59:49,HIGH STREET,53.343565,-6.275071,15,29,OPEN
2,10:04:42,NORTH CIRCULAR ROAD,53.359624,-6.260348,28,30,OPEN
17,09:58:47,WESTERN WAY,53.354929,-6.269425,21,40,OPEN
24,10:03:37,TALBOT STREET,53.350974,-6.25294,16,40,OPEN
5,09:59:37,NEWMAN HOUSE,53.337132,-6.26059,35,40,OPEN
3,10:04:11,SIR PATRICK DUN'S,53.339218,-6.240642,37,40,OPEN
20,10:03:54,NEW CENTRAL BANK,53.347122,-6.234749,19,40,OPEN
4,10:00:44,GRANGEGORMAN LOWER (CENTRAL),53.355173,-6.278424,36,40,OPEN
7,09:57:57,KING STREET NORTH,53.350291,-6.273507,23,30,OPEN
8,10:05:35,KILLARNEY STREET,53.354845,-6.247579,22,30,OPEN
10,10:02:50,HERBERT STREET,53.335742,-6.24551,30,40,OPEN
8,09:58:37,HANOVER QUAY EAST,53.343653,-6.231755,32,40,OPEN
7,10:04:04,CUSTOM HOUSE QUAY,53.347884,-6.248048,23,30,OPEN
7,10:04:35,MOLESWORTH STREET,53.341288,-6.258117,13,20,OPEN
1,10:00:42,GEORGES QUAY,53.347508,-6.252192,19,20,OPEN
10,10:02:55,KILMAINHAM LANE,53.341805,-6.305085,20,30,OPEN
10,09:58:40,MOUNT BROWN,53.341645,-6.29719,12,22,OPEN
19,09:58:04,MARKET STREET SOUTH,53.342296,-6.287661,19,38,OPEN
22,10:02:33,KEVIN STREET,53.337757,-6.267699,18,40,OPEN
22,10:00:43,ECCLES STREET EAST,53.358115,-6.265601,5,27,OPEN
1,10:05:30,GRAND CANAL DOCK,53.342638,-6.238695,39,40,OPEN
12,10:02:38,MERRION SQUARE EAST,53.339434,-6.246548,18,30,OPEN
3,09:59:45,YORK STREET WEST,53.339334,-6.264699,37,40,OPEN
6,10:00:17,ST. STEPHEN'S GREEN SOUTH,53.337494,-6.26199,24,30,OPEN
5,10:03:36,DENMARK STREET GREAT,53.35561,-6.261397,15,20,OPEN
11,10:04:29,ROYAL HOSPITAL,53.343897,-6.29706,29,40,OPEN
33,10:00:40,HEUSTON STATION (CAR PARK),53.346985,-6.297804,7,40,OPEN
10,10:01:38,GRANGEGORMAN LOWER (NORTH),53.355954,-6.278378,26,36,OPEN
7,10:01:15,ST. STEPHEN'S GREEN EAST,53.337824,-6.256035,33,40,OPEN
10,10:04:16,HEUSTON STATION (CENTRAL),53.346603,-6.296924,30,40,OPEN
13,10:02:00,TOWNSEND STREET,53.345922,-6.254614,7,20,OPEN
14,10:04:42,GEORGES LANE,53.35023,-6.279696,26,40,OPEN
2,10:01:53,PHIBSBOROUGH ROAD,53.356307,-6.273717,38,40,OPEN
0,09:58:49,ECCLES STREET,53.359246,-6.269779,20,20,OPEN
10,10:01:54,PORTOBELLO HARBOUR,53.330362,-6.265163,20,30,OPEN
19,10:02:06,MATER HOSPITAL,53.359967,-6.264828,21,40,OPEN
2,10:03:51,BLESSINGTON STREET,53.356769,-6.26814,18,20,OPEN
17,10:04:42,JAMES STREET,53.343456,-6.287409,23,40,OPEN
0,09:59:08,MOUNTJOY SQUARE EAST,53.356717,-6.256359,40,40,OPEN
8,10:03:55,MERRION SQUARE WEST,53.339764,-6.251988,12,20,OPEN
16,10:05:16,CONVENTION CENTRE,53.34744,-6.238523,24,40,OPEN
1,10:01:55,HARDWICKE STREET,53.355473,-6.264423,15,16,OPEN
29,10:05:18,PARKGATE STREET,53.347972,-6.291804,8,38,OPEN
18,10:01:59,SMITHFIELD,53.347692,-6.278214,12,30,OPEN
6,10:02:05,DAME STREET,53.344007,-6.266802,10,16,OPEN
2,09:56:16,HEUSTON BRIDGE (SOUTH),53.347106,-6.292041,22,25,OPEN
20,10:01:42,CATHAL BRUGHA STREET,53.352149,-6.260533,0,20,OPEN
5,10:01:21,SANDWITH STREET,53.345203,-6.247163,34,40,OPEN
18,10:00:58,BUCKINGHAM STREET LOWER,53.353331,-6.249319,11,29,OPEN
12,10:05:22,ROTHE ABBEY,53.338776,-6.30395,23,35,OPEN
16,09:59:12,CHARLEVILLE ROAD,53.359157,-6.281866,23,40,OPEN
11,10:04:19,PRINCES STREET / O'CONNELL STREET,53.349013,-6.260311,12,23,OPEN
3,10:01:19,UPPER SHERRARD STREET,53.358437,-6.260641,27,30,OPEN
6,10:02:47,FITZWILLIAM SQUARE EAST,53.335211,-6.2509,34,40,OPEN
9,10:05:22,GRATTAN STREET,53.339629,-6.243778,14,23,OPEN
24,10:02:00,ST JAMES HOSPITAL (LUAS),53.341359,-6.292951,16,40,OPEN
10,10:02:37,HARCOURT TERRACE,53.332763,-6.257942,10,20,OPEN
2,10:03:01,BOLTON STREET,53.351182,-6.269859,18,20,OPEN
2,10:02:01,JERVIS STREET,53.3483,-6.266651,19,21,OPEN
4,10:03:19,ORMOND QUAY UPPER,53.346057,-6.268001,25,29,OPEN
15,09:59:46,GRANGEGORMAN LOWER (SOUTH),53.354663,-6.278681,25,40,OPEN
10,10:02:58,MOUNTJOY SQUARE WEST,53.356299,-6.258586,20,30,OPEN
6,10:05:47,WILTON TERRACE,53.332383,-6.252717,14,20,OPEN
13,10:01:21,EMMET ROAD,53.340714,-6.308191,27,40,OPEN
29,09:59:35,HEUSTON BRIDGE (NORTH),53.347802,-6.292432,11,40,OPEN
17,10:02:20,LEINSTER STREET SOUTH,53.34218,-6.254485,12,30,OPEN
18,10:05:37,BLACKHALL PLACE,53.3488,-6.281637,11,30,OPEN
