available_bikes,last_update,name,position.lat,position.lng,available_bike_stands,bike_stands,status
3,12:31:40,SMITHFIELD NORTH,53.349562,-6.278198,27,30,OPEN
3,12:31:00,PARNELL SQUARE NORTH,53.3537415547453,-6.26530144781526,17,20,OPEN
6,12:28:53,CLONMEL STREET,53.336021,-6.26298,27,33,OPEN
1,12:30:12,AVONDALE ROAD,53.359405,-6.276142,34,35,OPEN
16,12:29:51,JAMES STREET EAST,53.336597,-6.248109,14,30,OPEN
17,12:27:32,MOUNT STREET LOWER,53.33796,-6.24153,23,40,OPEN
0,12:32:31,CHRISTCHURCH PLACE,53.343368,-6.27012,20,20,OPEN
1,12:30:57,GRANTHAM STREET,53.334123,-6.265436,29,30,OPEN
19,12:24:16,PEARSE STREET,53.344304,-6.250427,11,30,OPEN
8,12:31:48,YORK STREET EAST,53.338755,-6.262003,24,32,OPEN
33,12:25:21,EXCISE WALK,53.347777,-6.244239,5,40,OPEN
15,12:29:50,FITZWILLIAM SQUARE WEST,53.336074,-6.252825,13,30,OPEN
0,12:31:16,PORTOBELLO ROAD,53.330091,-6.268044,30,30,OPEN
19,12:33:38,PARNELL STREET,53.350929,-6.265125,1,20,OPEN
23,12:33:12,FREDERICK STREET SOUTH,53.341515,-6.256853,15,40,OPEN
20,12:27:01,FOWNES STREET UPPER,53.344603,-6.263371,10,30,OPEN
22,12:28:29,CLARENDON ROW,53.340927,-6.262501,9,31,OPEN
21,12:29:05,CUSTOM HOUSE,53.348279,-6.254662,7,30,OPEN
4,12:30:57,RATHDOWN ROAD,53.35893,-6.280337,36,40,OPEN
15,12:32:54,NORTH CIRCULAR ROAD (O'CONNELL'S),53.357841,-6.251557,15,30,OPEN
11,12:33:28,HANOVER QUAY,53.344115,-6.237153,28,40,OPEN
1,12:26:19,OLIVER BOND STREET,53.343893,-6.280531,29,30,OPEN
4,12:26:35,COLLINS BARRACKS MUSEUM,53.347477,-6.28525,34,38,OPEN
2,12:32:33,BROOKFIELD ROAD,53.339005,-6.300217,28,30,OPEN
39,12:32:46,BENSON STREET,53.344153,-6.233451,0,40,OPEN
10,12:29:34,EARLSFORT TERRACE,53.334295,-6.258503,20,30,OPEN
6,12:27:39,GOLDEN LANE,53.340803,-6.267732,13,20,OPEN
15,12:27:50,DEVERELL PLACE,53.351464,-6.255265,15,30,OPEN
32,12:32:55,WILTON TERRACE (PARK),53.333653,-6.248345,6,40,OPEN
10,12:26:32,JOHN STREET WEST,53.343105,-6.277167,21,31,OPEN
6,12:25:09,FENIAN STREET,53.341428,-6.24672,29,35,OPEN
16,12:27:20,MERRION SQUARE SOUTH,53.338614,-6.248606,24,40,OPEN
15,12:29:57,SOUTH DOCK ROAD,53.341833,-6.231291,15,30,OPEN
13,12:29:37,CITY QUAY,53.346637,-6.246154,17,30,OPEN
24,12:23:50,EXCHEQUER STREET,53.343034,-6.263578,0,24,OPEN
20,12:31:41,THE POINT,53.346867,-6.230852,20,40,OPEN
0,12:30:01,BROADSTONE,53.3547,-6.272314,30,30,OPEN
4,12:26:41,HATCH STREET,53.33403,-6.260714,30,36,OPEN
19,12:31:35,LIME STREET,53.346026,-6.243576,21,40,OPEN
17,12:29:03,CHARLEMONT PLACE,53.330662,-6.260177,23,40,OPEN
16,12:25:51,KILMAINHAM GAOL,53.342113,-6.310015,24,40,OPEN
0,12:32:32,HARDWICKE PLACE,53.357043,-6.263232,25,25,OPEN
9,12:31:29,WOLFE TONE STREET,53.348875,-6.267459,20,29,OPEN
0,12:31:26,FRANCIS STREET,53.342081,-6.275233,30,30,OPEN
9,12:24:46,GREEK STREET,53.346874,-6.272976,10,20,OPEN
35,12:27:47,GUILD STREET,53.347932,-6.240928,5,40,OPEN
21,12:32:15,HERBERT PLACE,53.334432,-6.245575,6,30,OPEN
10,12:28:45,HIGH STREET,53.343565,-6.275071,19,29,OPEN
11,12:32:36,NORTH CIRCULAR ROAD,53.359624,-6.260348,19,30,OPEN
13,12:26:08,WESTERN WAY,53.354929,-6.269425,27,40,OPEN
19,12:24:43,TALBOT STREET,53.350974,-6.25294,21,40,OPEN
10,12:30:05,NEWMAN HOUSE,53.337132,-6.26059,30,40,OPEN
24,12:31:00,SIR PATRICK DUN'S,53.339218,-6.240642,15,40,OPEN
28,12:26:15,NEW CENTRAL BANK,53.347122,-6.234749,10,40,OPEN
1,12:30:17,GRANGEGORMAN LOWER (CENTRAL),53.355173,-6.278424,39,40,OPEN
0,12:33:42,KING STREET NORTH,53.350291,-6.273507,30,30,OPEN
12,12:32:04,KILLARNEY STREET,53.354845,-6.247579,18,30,OPEN
19,12:30:05,HERBERT STREET,53.335742,-6.24551,21,40,OPEN
24,12:31:03,HANOVER QUAY EAST,53.343653,-6.231755,16,40,OPEN
18,12:28:05,CUSTOM HOUSE QUAY,53.347884,-6.248048,12,30,OPEN
20,12:33:06,MOLESWORTH STREET,53.341288,-6.258117,0,20,OPEN
15,12:25:01,GEORGES QUAY,53.347508,-6.252192,4,20,OPEN
2,12:30:51,KILMAINHAM LANE,53.341805,-6.305085,28,30,OPEN
4,12:27:55,MOUNT BROWN,53.341645,-6.29719,4,22,OPEN
3,12:26:38,MARKET STREET SOUTH,53.342296,-6.287661,35,38,OPEN
4,12:33:15,KEVIN STREET,53.337757,-6.267699,36,40,OPEN
8,12:30:33,ECCLES STREET EAST,53.358115,-6.265601,19,27,OPEN
20,12:30:07,GRAND CANAL DOCK,53.342638,-6.238695,18,40,OPEN
17,12:25:57,MERRION SQUARE EAST,53.339434,-6.246548,13,30,OPEN
7,12:25:35,YORK STREET WEST,53.339334,-6.264699,33,40,OPEN
4,12:24:14,ST. STEPHEN'S GREEN SOUTH,53.337494,-6.26199,26,30,OPEN
2,12:30:03,DENMARK STREET GREAT,53.35561,-6.261397,18,20,OPEN
19,12:30:14,ROYAL HOSPITAL,53.343897,-6.29706,21,40,OPEN
15,12:31:02,HEUSTON STATION (CAR PARK),53.346985,-6.297804,25,40,OPEN
0,12:33:23,GRANGEGORMAN LOWER (NORTH),53.355954,-6.278378,36,36,OPEN
15,12:31:55,ST. STEPHEN'S GREEN EAST,53.337824,-6.256035,25,40,OPEN
14,12:26:57,HEUSTON STATION (CENTRAL),53.346603,-6.296924,26,40,OPEN
0,12:33:18,TOWNSEND STREET,53.345922,-6.254614,19,20,OPEN
1,12:33:11,GEORGES LANE,53.35023,-6.279696,39,40,OPEN
0,12:28:54,PHIBSBOROUGH ROAD,53.356307,-6.273717,40,40,OPEN
0,12:32:42,ECCLES STREET,53.359246,-6.269779,20,20,OPEN
5,12:27:05,PORTOBELLO HARBOUR,53.330362,-6.265163,25,30,OPEN
14,12:25:46,MATER HOSPITAL,53.359967,-6.264828,26,40,OPEN
2,12:27:01,BLESSINGTON STREET,53.356769,-6.26814,18,20,OPEN
32,12:29:47,JAMES STREET,53.343456,-6.287409,8,40,OPEN
0,12:25:48,MOUNTJOY SQUARE EAST,53.356717,-6.256359,40,40,OPEN
9,12:32:07,MERRION SQUARE WEST,53.339764,-6.251988,11,20,OPEN
25,12:29:42,CONVENTION CENTRE,53.34744,-6.238523,15,40,OPEN
0,12:26:21,HARDWICKE STREET,53.355473,-6.264423,13,16,OPEN
22,12:33:07,PARKGATE STREET,53.347972,-6.291804,16,38,OPEN
9,12:30:45,SMITHFIELD,53.347692,-6.278214,20,30,OPEN
12,12:32:30,DAME STREET,53.344007,-6.266802,3,16,OPEN
1,12:28:21,HEUSTON BRIDGE (SOUTH),53.347106,-6.292041,24,25,OPEN
14,12:32:06,CATHAL BRUGHA STREET,53.352149,-6.260533,6,20,OPEN
23,12:32:41,SANDWITH STREET,53.345203,-6.247163,15,40,OPEN
8,12:33:32,BUCKINGHAM STREET LOWER,53.353331,-6.249319,21,29,OPEN
10,12:23:25,ROTHE ABBEY,53.338776,-6.30395,25,35,OPEN
3,12:30:50,CHARLEVILLE ROAD,53.359157,-6.281866,37,40,OPEN
22,12:31:14,PRINCES STREET / O'CONNELL STREET,53.349013,-6.260311,1,23,OPEN
1,12:23:57,UPPER SHERRARD STREET,53.358437,-6.260641,29,30,OPEN
6,12:24:16,FITZWILLIAM SQUARE EAST,53.335211,-6.2509,34,40,OPEN
3,12:24:45,GRATTAN STREET,53.339629,-6.243778,20,23,OPEN
9,12:27:33,ST JAMES HOSPITAL (LUAS),53.341359,-6.292951,31,40,OPEN
19,12:27:05,HARCOURT TERRACE,53.332763,-6.257942,1,20,OPEN
11,12:33:35,BOLTON STREET,53.351182,-6.269859,9,20,OPEN
15,12:25:37,JERVIS STREET,53.3483,-6.266651,6,21,OPEN
15,12:25:28,ORMOND QUAY UPPER,53.346057,-6.268001,14,29,OPEN
3,12:29:07,GRANGEGORMAN LOWER (SOUTH),53.354663,-6.278681,37,40,OPEN
1,12:32:28,MOUNTJOY SQUARE WEST,53.356299,-6.258586,29,30,OPEN
6,12:31:59,WILTON TERRACE,53.332383,-6.252717,14,20,OPEN
3,12:30:04,EMMET ROAD,53.340714,-6.308191,37,40,OPEN
15,12:30:55,HEUSTON BRIDGE (NORTH),53.347802,-6.292432,25,40,OPEN
22,12:25:56,LEINSTER STREET SOUTH,53.34218,-6.254485,8,30,OPEN
6,12:29:51,BLACKHALL PLACE,53.3488,-6.281637,24,30,OPEN
