available_bikes,last_update,name,position.lat,position.lng,available_bike_stands,bike_stands,status
27,05:26:36,SMITHFIELD NORTH,53.349562,-6.278198,2,30,OPEN
0,05:27:14,PARNELL SQUARE NORTH,53.3537415547453,-6.26530144781526,20,20,OPEN
22,05:26:09,CLONMEL STREET,53.336021,-6.26298,11,33,OPEN
18,05:23:25,AVONDALE ROAD,53.359405,-6.276142,17,35,OPEN
1,05:22:19,JAMES STREET EAST,53.336597,-6.248109,29,30,OPEN
5,05:22:17,MOUNT STREET LOWER,53.33796,-6.24153,35,40,OPEN
13,05:26:25,CHRISTCHURCH PLACE,53.343368,-6.27012,7,20,OPEN
17,05:27:20,GRANTHAM STREET,53.334123,-6.265436,13,30,OPEN
22,05:21:00,PEARSE STREET,53.344304,-6.250427,8,30,OPEN
23,05:24:03,YORK STREET EAST,53.338755,-6.262003,9,32,OPEN
3,05:22:43,EXCISE WALK,53.347777,-6.244239,37,40,OPEN
2,05:22:43,FITZWILLIAM SQUARE WEST,53.336074,-6.252825,28,30,OPEN
21,05:23:20,PORTOBELLO ROAD,53.330091,-6.268044,8,30,OPEN
0,05:22:46,PARNELL STREET,53.350929,-6.265125,20,20,OPEN
39,05:29:04,FREDERICK STREET SOUTH,53.341515,-6.256853,1,40,OPEN
9,05:28:42,FOWNES STREET UPPER,53.344603,-6.263371,21,30,OPEN
12,05:22:51,CLARENDON ROW,53.340927,-6.262501,19,31,OPEN
13,05:22:45,CUSTOM HOUSE,53.348279,-6.254662,17,30,OPEN
15,05:22:47,RATHDOWN ROAD,53.35893,-6.280337,25,40,OPEN
23,05:28:51,NORTH CIRCULAR ROAD (O'CONNELL'S),53.357841,-6.251557,7,30,OPEN
3,05:27:30,HANOVER QUAY,53.344115,-6.237153,37,40,OPEN
8,05:29:39,OLIVER BOND STREET,53.343893,-6.280531,22,30,OPEN
8,05:22:19,COLLINS BARRACKS MUSEUM,53.347477,-6.28525,30,38,OPEN
13,05:22:42,BROOKFIELD ROAD,53.339005,-6.300217,17,30,OPEN
13,05:22:07,BENSON STREET,53.344153,-6.233451,27,40,OPEN
0,05:22:42,EARLSFORT TERRACE,53.334295,-6.258503,30,30,OPEN
15,05:23:23,GOLDEN LANE,53.340803,-6.267732,5,20,OPEN
17,05:30:19,DEVERELL PLACE,53.351464,-6.255265,13,30,OPEN
13,05:26:55,WILTON TERRACE (PARK),53.333653,-6.248345,27,40,OPEN
22,05:22:51,JOHN STREET WEST,53.343105,-6.277167,9,31,OPEN
21,05:21:59,FENIAN STREET,53.341428,-6.24672,14,35,OPEN
11,05:22:39,MERRION SQUARE SOUTH,53.338614,-6.248606,29,40,OPEN
11,05:22:44,SOUTH DOCK ROAD,53.341833,-6.231291,19,30,OPEN
4,05:27:29,CITY QUAY,53.346637,-6.246154,26,30,OPEN
3,05:22:44,EXCHEQUER STREET,53.343034,-6.263578,21,24,OPEN
14,05:21:37,THE POINT,53.346867,-6.230852,26,40,OPEN
3,05:25:00,BROADSTONE,53.3547,-6.272314,27,30,OPEN
5,05:22:44,HATCH STREET,53.33403,-6.260714,31,36,OPEN
11,05:22:46,LIME STREET,53.346026,-6.243576,29,40,OPEN
22,05:29:44,CHARLEMONT PLACE,53.330662,-6.260177,18,40,OPEN
27,05:22:20,KILMAINHAM GAOL,53.342113,-6.310015,13,40,OPEN
3,05:22:42,HARDWICKE PLACE,53.357043,-6.263232,22,25,OPEN
28,05:27:30,WOLFE TONE STREET,53.348875,-6.267459,1,29,OPEN
7,05:22:16,GREEK STREET,53.346874,-6.272976,13,20,OPEN
9,05:22:40,GUILD STREET,53.347932,-6.240928,31,40,OPEN
7,05:22:18,HERBERT PLACE,53.334432,-6.245575,23,30,OPEN
25,05:23:22,HIGH STREET,53.343565,-6.275071,4,29,OPEN
17,05:22:45,NORTH CIRCULAR ROAD,53.359624,-6.260348,13,30,OPEN
5,05:22:43,WESTERN WAY,53.354929,-6.269425,35,40,OPEN
28,05:26:38,TALBOT STREET,53.350974,-6.25294,12,40,OPEN
12,05:29:09,NEWMAN HOUSE,53.337132,-6.26059,28,40,OPEN
9,05:22:42,SIR PATRICK DUN'S,53.339218,-6.240642,31,40,OPEN
12,05:22:43,NEW CENTRAL BANK,53.347122,-6.234749,28,40,OPEN
11,05:27:40,GRANGEGORMAN LOWER (CENTRAL),53.355173,-6.278424,29,40,OPEN
21,05:29:09,KING STREET NORTH,53.350291,-6.273507,9,30,OPEN
11,05:22:46,KILLARNEY STREET,53.354845,-6.247579,19,30,OPEN
12,05:24:11,HERBERT STREET,53.335742,-6.24551,28,40,OPEN
18,05:27:53,HANOVER QUAY EAST,53.343653,-6.231755,22,40,OPEN
9,05:20:55,CUSTOM HOUSE QUAY,53.347884,-6.248048,21,30,OPEN
7,05:29:22,MOLESWORTH STREET,53.341288,-6.258117,13,20,OPEN
7,05:21:31,GEORGES QUAY,53.347508,-6.252192,13,20,OPEN
8,05:23:46,KILMAINHAM LANE,53.341805,-6.305085,22,30,OPEN
10,05:21:00,MOUNT BROWN,53.341645,-6.29719,12,22,OPEN
4,05:22:41,MARKET STREET SOUTH,53.342296,-6.287661,34,38,OPEN
14,05:27:04,KEVIN STREET,53.337757,-6.267699,26,40,OPEN
10,05:23:44,ECCLES STREET EAST,53.358115,-6.265601,17,27,OPEN
13,05:22:12,GRAND CANAL DOCK,53.342638,-6.238695,27,40,OPEN
16,05:22:06,MERRION SQUARE EAST,53.339434,-6.246548,14,30,OPEN
20,05:22:23,YORK STREET WEST,53.339334,-6.264699,20,40,OPEN
9,05:22:46,ST. STEPHEN'S GREEN SOUTH,53.337494,-6.26199,21,30,OPEN
6,05:22:44,DENMARK STREET GREAT,53.35561,-6.261397,14,20,OPEN
27,05:24:25,ROYAL HOSPITAL,53.343897,-6.29706,13,40,OPEN
11,05:22:15,HEUSTON STATION (CAR PARK),53.346985,-6.297804,29,40,OPEN
6,05:26:09,GRANGEGORMAN LOWER (NORTH),53.355954,-6.278378,30,36,OPEN
26,05:30:32,ST. STEPHEN'S GREEN EAST,53.337824,-6.256035,14,40,OPEN
21,05:29:28,HEUSTON STATION (CENTRAL),53.346603,-6.296924,19,40,OPEN
18,05:21:07,TOWNSEND STREET,53.345922,-6.254614,1,20,OPEN
21,05:26:46,GEORGES LANE,53.35023,-6.279696,19,40,OPEN
11,05:27:15,PHIBSBOROUGH ROAD,53.356307,-6.273717,29,40,OPEN
12,05:22:49,ECCLES STREET,53.359246,-6.269779,8,20,OPEN
19,05:25:19,PORTOBELLO HARBOUR,53.330362,-6.265163,11,30,OPEN
20,05:22:43,MATER HOSPITAL,53.359967,-6.264828,20,40,OPEN
12,05:22:18,BLESSINGTON STREET,53.356769,-6.26814,7,20,OPEN
27,05:28:44,JAMES STREET,53.343456,-6.287409,13,40,OPEN
5,05:22:43,MOUNTJOY SQUARE EAST,53.356717,-6.256359,35,40,OPEN
18,05:30:07,MERRION SQUARE WEST,53.339764,-6.251988,2,20,OPEN
2,05:22:44,CONVENTION CENTRE,53.34744,-6.238523,38,40,OPEN
5,05:26:49,HARDWICKE STREET,53.355473,-6.264423,11,16,OPEN
11,05:24:47,PARKGATE STREET,53.347972,-6.291804,27,38,OPEN
3,05:22:19,SMITHFIELD,53.347692,-6.278214,26,30,OPEN
14,05:22:58,DAME STREET,53.344007,-6.266802,2,16,OPEN
15,05:28:22,HEUSTON BRIDGE (SOUTH),53.347106,-6.292041,10,25,OPEN
6,05:23:37,CATHAL BRUGHA STREET,53.352149,-6.260533,14,20,OPEN
20,05:24:23,SANDWITH STREET,53.345203,-6.247163,20,40,OPEN
5,05:24:33,BUCKINGHAM STREET LOWER,53.353331,-6.249319,24,29,OPEN
18,05:26:31,ROTHE ABBEY,53.338776,-6.30395,17,35,OPEN
3,05:22:41,CHARLEVILLE ROAD,53.359157,-6.281866,37,40,OPEN
8,05:30:18,PRINCES STREET / O'CONNELL STREET,53.349013,-6.260311,15,23,OPEN
5,05:22:17,UPPER SHERRARD STREET,53.358437,-6.260641,25,30,OPEN
1,05:22:43,FITZWILLIAM SQUARE EAST,53.335211,-6.2509,39,40,OPEN
4,05:22:16,GRATTAN STREET,53.339629,-6.243778,19,23,OPEN
20,05:29:30,ST JAMES HOSPITAL (LUAS),53.341359,-6.292951,20,40,OPEN
7,05:22:42,HARCOURT TERRACE,53.332763,-6.257942,13,20,OPEN
18,05:27:04,BOLTON STREET,53.351182,-6.269859,2,20,OPEN
10,05:25:13,JERVIS STREET,53.3483,-6.266651,11,21,OPEN
11,05:22:20,ORMOND QUAY UPPER,53.346057,-6.268001,18,29,OPEN
0,05:22:45,GRANGEGORMAN LOWER (SOUTH),53.354663,-6.278681,40,40,OPEN
3,05:22:42,MOUNTJOY SQUARE WEST,53.356299,-6.258586,27,30,OPEN
14,05:22:19,WILTON TERRACE,53.332383,-6.252717,6,20,OPEN
23,05:21:58,EMMET ROAD,53.340714,-6.308191,17,40,OPEN
29,05:22:56,HEUSTON BRIDGE (NORTH),53.347802,-6.292432,11,40,OPEN
5,05:22:19,LEINSTER STREET SOUTH,53.34218,-6.254485,25,30,OPEN
10,05:22:13,BLACKHALL PLACE,53.3488,-6.281637,20,30,OPEN
