available_bikes,last_update,name,position.lat,position.lng,available_bike_stands,bike_stands,status
15,20:01:15,SMITHFIELD NORTH,53.349562,-6.278198,15,30,OPEN
2,19:55:32,PARNELL SQUARE NORTH,53.3537415547453,-6.26530144781526,18,20,OPEN
5,19:59:19,CLONMEL STREET,53.336021,-6.26298,28,33,OPEN
18,20:00:25,AVONDALE ROAD,53.359405,-6.276142,17,35,OPEN
0,20:01:19,JAMES STREET EAST,53.336597,-6.248109,30,30,OPEN
13,19:54:02,MOUNT STREET LOWER,53.33796,-6.24153,27,40,OPEN
3,19:56:14,CHRISTCHURCH PLACE,53.343368,-6.27012,17,20,OPEN
6,20:00:32,GRANTHAM STREET,53.334123,-6.265436,24,30,OPEN
21,19:55:06,PEARSE STREET,53.344304,-6.250427,9,30,OPEN
8,19:55:49,YORK STREET EAST,53.338755,-6.262003,24,32,OPEN
15,19:59:20,EXCISE WALK,53.347777,-6.244239,25,40,OPEN
0,19:58:11,FITZWILLIAM SQUARE WEST,53.336074,-6.252825,30,30,OPEN
11,19:57:26,PORTOBELLO ROAD,53.330091,-6.268044,19,30,OPEN
0,20:01:15,PARNELL STREET,53.350929,-6.265125,20,20,OPEN
0,19:54:26,FREDERICK STREET SOUTH,53.341515,-6.256853,40,40,OPEN
9,20:01:25,FOWNES STREET UPPER,53.344603,-6.263371,21,30,OPEN
0,19:54:27,CLARENDON ROW,53.340927,-6.262501,31,31,OPEN
30,19:53:09,CUSTOM HOUSE,53.348279,-6.254662,0,30,OPEN
14,19:57:03,RATHDOWN ROAD,53.35893,-6.280337,26,40,OPEN
11,19:59:53,NORTH CIRCULAR ROAD (O'CONNELL'S),53.357841,-6.251557,19,30,OPEN
19,19:57:46,HANOVER QUAY,53.344115,-6.237153,21,40,OPEN
5,19:58:21,OLIVER BOND STREET,53.343893,-6.280531,25,30,OPEN
17,19:56:44,COLLINS BARRACKS MUSEUM,53.347477,-6.28525,21,38,OPEN
16,19:55:37,BROOKFIELD ROAD,53.339005,-6.300217,14,30,OPEN
1,19:52:16,BENSON STREET,53.344153,-6.233451,39,40,OPEN
1,19:56:55,EARLSFORT TERRACE,53.334295,-6.258503,29,30,OPEN
0,19:57:39,GOLDEN LANE,53.340803,-6.267732,20,20,OPEN
2,19:59:23,DEVERELL PLACE,53.351464,-6.255265,28,30,OPEN
3,19:56:07,WILTON TERRACE (PARK),53.333653,-6.248345,37,40,OPEN
7,19:55:19,JOHN STREET WEST,53.343105,-6.277167,24,31,OPEN
12,19:53:01,FENIAN STREET,53.341428,-6.24672,23,35,OPEN
13,19:53:01,MERRION SQUARE SOUTH,53.338614,-6.248606,27,40,OPEN
12,20:01:11,SOUTH DOCK ROAD,53.341833,-6.231291,18,30,OPEN
4,20:00:51,CITY QUAY,53.346637,-6.246154,26,30,OPEN
6,20:01:11,EXCHEQUER STREET,53.343034,-6.263578,18,24,OPEN
31,19:57:47,THE POINT,53.346867,-6.230852,9,40,OPEN
4,19:58:20,BROADSTONE,53.3547,-6.272314,26,30,OPEN
0,19:59:41,HATCH STREET,53.33403,-6.260714,36,36,OPEN
14,19:57:20,LIME STREET,53.346026,-6.243576,26,40,OPEN
25,19:58:43,CHARLEMONT PLACE,53.330662,-6.260177,15,40,OPEN
26,19:52:35,KILMAINHAM GAOL,53.342113,-6.310015,14,40,OPEN
0,19:57:28,HARDWICKE PLACE,53.357043,-6.263232,25,25,OPEN
13,19:57:35,WOLFE TONE STREET,53.348875,-6.267459,16,29,OPEN
5,19:54:57,GREEK STREET,53.346874,-6.272976,15,20,OPEN
23,20:00:59,GUILD STREET,53.347932,-6.240928,17,40,OPEN
11,19:59:38,HERBERT PLACE,53.334432,-6.245575,19,30,OPEN
5,19:56:25,HIGH STREET,53.343565,-6.275071,24,29,OPEN
22,19:59:46,NORTH CIRCULAR ROAD,53.359624,-6.260348,8,30,OPEN
16,19:53:49,WESTERN WAY,53.354929,-6.269425,24,40,OPEN
25,19:52:46,TALBOT STREET,53.350974,-6.25294,15,40,OPEN
1,19:54:17,NEWMAN HOUSE,53.337132,-6.26059,39,40,OPEN
19,20:01:20,SIR PATRICK DUN'S,53.339218,-6.240642,21,40,OPEN
8,20:00:13,NEW CENTRAL BANK,53.347122,-6.234749,32,40,OPEN
16,19:52:37,GRANGEGORMAN LOWER (CENTRAL),53.355173,-6.278424,24,40,OPEN
18,19:55:02,KING STREET NORTH,53.350291,-6.273507,12,30,OPEN
12,19:56:16,KILLARNEY STREET,53.354845,-6.247579,18,30,OPEN
8,19:57:13,HERBERT STREET,53.335742,-6.24551,32,40,OPEN
33,19:59:13,HANOVER QUAY EAST,53.343653,-6.231755,7,40,OPEN
14,19:59:23,CUSTOM HOUSE QUAY,53.347884,-6.248048,16,30,OPEN
1,19:57:05,MOLESWORTH STREET,53.341288,-6.258117,19,20,OPEN
7,19:56:10,GEORGES QUAY,53.347508,-6.252192,13,20,OPEN
6,19:52:39,KILMAINHAM LANE,53.341805,-6.305085,24,30,OPEN
10,19:55:48,MOUNT BROWN,53.341645,-6.29719,11,22,OPEN
2,19:54:31,MARKET STREET SOUTH,53.342296,-6.287661,36,38,OPEN
3,19:56:39,KEVIN STREET,53.337757,-6.267699,37,40,OPEN
6,19:52:37,ECCLES STREET EAST,53.358115,-6.265601,21,27,OPEN
29,20:00:30,GRAND CANAL DOCK,53.342638,-6.238695,11,40,OPEN
10,19:58:23,MERRION SQUARE EAST,53.339434,-6.246548,20,30,OPEN
5,20:01:02,YORK STREET WEST,53.339334,-6.264699,35,40,OPEN
1,20:01:00,ST. STEPHEN'S GREEN SOUTH,53.337494,-6.26199,29,30,OPEN
11,19:57:41,DENMARK STREET GREAT,53.35561,-6.261397,9,20,OPEN
24,19:58:20,ROYAL HOSPITAL,53.343897,-6.29706,16,40,OPEN
3,19:57:01,HEUSTON STATION (CAR PARK),53.346985,-6.297804,37,40,OPEN
3,20:01:27,GRANGEGORMAN LOWER (NORTH),53.355954,-6.278378,33,36,OPEN
6,19:55:53,ST. STEPHEN'S GREEN EAST,53.337824,-6.256035,34,40,OPEN
29,20:01:32,HEUSTON STATION (CENTRAL),53.346603,-6.296924,10,40,OPEN
17,20:00:46,TOWNSEND STREET,53.345922,-6.254614,2,20,OPEN
21,20:01:18,GEORGES LANE,53.35023,-6.279696,19,40,OPEN
18,20:01:24,PHIBSBOROUGH ROAD,53.356307,-6.273717,22,40,OPEN
15,20:00:21,ECCLES STREET,53.359246,-6.269779,5,20,OPEN
20,19:53:45,PORTOBELLO HARBOUR,53.330362,-6.265163,10,30,OPEN
6,19:59:42,MATER HOSPITAL,53.359967,-6.264828,34,40,OPEN
16,19:54:18,BLESSINGTON STREET,53.356769,-6.26814,4,20,OPEN
14,19:55:17,JAMES STREET,53.343456,-6.287409,26,40,OPEN
6,19:57:13,MOUNTJOY SQUARE EAST,53.356717,-6.256359,34,40,OPEN
10,19:59:03,MERRION SQUARE WEST,53.339764,-6.251988,10,20,OPEN
9,19:56:04,CONVENTION CENTRE,53.34744,-6.238523,31,40,OPEN
9,19:52:32,HARDWICKE STREET,53.355473,-6.264423,7,16,OPEN
20,19:57:36,PARKGATE STREET,53.347972,-6.291804,18,38,OPEN
17,20:01:56,SMITHFIELD,53.347692,-6.278214,12,30,OPEN
15,19:52:01,DAME STREET,53.344007,-6.266802,1,16,OPEN
25,19:53:27,HEUSTON BRIDGE (SOUTH),53.347106,-6.292041,0,25,OPEN
12,19:54:34,CATHAL BRUGHA STREET,53.352149,-6.260533,8,20,OPEN
24,19:53:09,SANDWITH STREET,53.345203,-6.247163,16,40,OPEN
24,19:58:30,BUCKINGHAM STREET LOWER,53.353331,-6.249319,5,29,OPEN
25,19:59:39,ROTHE ABBEY,53.338776,-6.30395,10,35,OPEN
26,20:00:14,CHARLEVILLE ROAD,53.359157,-6.281866,14,40,OPEN
14,20:00:05,PRINCES STREET / O'CONNELL STREET,53.349013,-6.260311,9,23,OPEN
15,20:01:40,UPPER SHERRARD STREET,53.358437,-6.260641,15,30,OPEN
8,19:53:16,FITZWILLIAM SQUARE EAST,53.335211,-6.2509,32,40,OPEN
11,19:57:45,GRATTAN STREET,53.339629,-6.243778,12,23,OPEN
13,19:58:01,ST JAMES HOSPITAL (LUAS),53.341359,-6.292951,27,40,OPEN
1,19:53:24,HARCOURT TERRACE,53.332763,-6.257942,19,20,OPEN
8,19:54:19,BOLTON STREET,53.351182,-6.269859,12,20,OPEN
7,20:01:07,JERVIS STREET,53.3483,-6.266651,14,21,OPEN
17,20:01:47,ORMOND QUAY UPPER,53.346057,-6.268001,12,29,OPEN
10,19:56:43,GRANGEGORMAN LOWER (SOUTH),53.354663,-6.278681,30,40,OPEN
12,20:00:56,MOUNTJOY SQUARE WEST,53.356299,-6.258586,18,30,OPEN
14,20:00:53,WILTON TERRACE,53.332383,-6.252717,5,20,OPEN
16,19:56:30,EMMET ROAD,53.340714,-6.308191,24,40,OPEN
31,19:57:00,HEUSTON BRIDGE (NORTH),53.347802,-6.292432,9,40,OPEN
17,19:55:54,LEINSTER STREET SOUTH,53.34218,-6.254485,13,30,OPEN
5,19:58:57,BLACKHALL PLACE,53.3488,-6.281637,25,30,OPEN
