available_bikes,last_update,name,position.lat,position.lng,available_bike_stands,bike_stands,status
29,23:47:31,SMITHFIELD NORTH,53.349562,-6.278198,1,30,OPEN
1,23:50:26,PARNELL SQUARE NORTH,53.3537415547453,-6.26530144781526,19,20,OPEN
1,23:43:17,CLONMEL STREET,53.336021,-6.26298,32,33,OPEN
4,23:48:49,AVONDALE ROAD,53.359405,-6.276142,31,35,OPEN
4,23:44:28,JAMES STREET EAST,53.336597,-6.248109,26,30,OPEN
13,23:47:52,MOUNT STREET LOWER,53.33796,-6.24153,27,40,OPEN
3,23:49:15,CHRISTCHURCH PLACE,53.343368,-6.27012,17,20,OPEN
21,23:49:51,GRANTHAM STREET,53.334123,-6.265436,8,30,OPEN
14,23:49:08,PEARSE STREET,53.344304,-6.250427,16,30,OPEN
17,23:47:25,YORK STREET EAST,53.338755,-6.262003,15,32,OPEN
24,23:50:43,EXCISE WALK,53.347777,-6.244239,15,40,OPEN
2,23:47:24,FITZWILLIAM SQUARE WEST,53.336074,-6.252825,28,30,OPEN
30,23:51:09,PORTOBELLO ROAD,53.330091,-6.268044,0,30,OPEN
9,23:47:53,PARNELL STREET,53.350929,-6.265125,11,20,OPEN
16,23:49:34,FREDERICK STREET SOUTH,53.341515,-6.256853,24,40,OPEN
22,23:41:58,FOWNES STREET UPPER,53.344603,-6.263371,8,30,OPEN
1,23:51:11,CLARENDON ROW,53.340927,-6.262501,30,31,OPEN
27,23:49:26,CUSTOM HOUSE,53.348279,-6.254662,3,30,OPEN
33,23:48:44,RATHDOWN ROAD,53.35893,-6.280337,7,40,OPEN
17,23:45:12,NORTH CIRCULAR ROAD (O'CONNELL'S),53.357841,-6.251557,13,30,OPEN
2,23:44:38,HANOVER QUAY,53.344115,-6.237153,38,40,OPEN
11,23:49:39,OLIVER BOND STREET,53.343893,-6.280531,19,30,OPEN
11,23:44:55,COLLINS BARRACKS MUSEUM,53.347477,-6.28525,27,38,OPEN
17,23:48:59,BROOKFIELD ROAD,53.339005,-6.300217,13,30,OPEN
2,23:51:14,BENSON STREET,53.344153,-6.233451,38,40,OPEN
5,23:46:54,EARLSFORT TERRACE,53.334295,-6.258503,25,30,OPEN
4,23:47:29,GOLDEN LANE,53.340803,-6.267732,16,20,OPEN
22,23:49:37,DEVERELL PLACE,53.351464,-6.255265,8,30,OPEN
0,23:49:52,WILTON TERRACE (PARK),53.333653,-6.248345,40,40,OPEN
12,23:43:43,JOHN STREET WEST,53.343105,-6.277167,19,31,OPEN
9,23:45:25,FENIAN STREET,53.341428,-6.24672,26,35,OPEN
1,23:48:10,MERRION SQUARE SOUTH,53.338614,-6.248606,37,40,OPEN
25,23:46:14,SOUTH DOCK ROAD,53.341833,-6.231291,4,30,OPEN
19,23:51:03,CITY QUAY,53.346637,-6.246154,11,30,OPEN
6,23:41:55,EXCHEQUER STREET,53.343034,-6.263578,18,24,OPEN
3,23:48:46,THE POINT,53.346867,-6.230852,37,40,OPEN
7,23:45:07,BROADSTONE,53.3547,-6.272314,23,30,OPEN
5,23:51:06,HATCH STREET,53.33403,-6.260714,31,36,OPEN
19,23:50:09,LIME STREET,53.346026,-6.243576,21,40,OPEN
38,23:51:08,CHARLEMONT PLACE,53.330662,-6.260177,2,40,OPEN
21,23:47:08,KILMAINHAM GAOL,53.342113,-6.310015,19,40,OPEN
1,23:45:12,HARDWICKE PLACE,53.357043,-6.263232,24,25,OPEN
22,23:48:39,WOLFE TONE STREET,53.348875,-6.267459,7,29,OPEN
11,23:48:09,FRANCIS STREET,53.342081,-6.275233,19,30,OPEN
13,23:49:33,GREEK STREET,53.346874,-6.272976,7,20,OPEN
31,23:41:21,GUILD STREET,53.347932,-6.240928,9,40,OPEN
7,23:50:35,HERBERT PLACE,53.334432,-6.245575,23,30,OPEN
0,23:47:09,HIGH STREET,53.343565,-6.275071,29,29,OPEN
26,23:42:37,NORTH CIRCULAR ROAD,53.359624,-6.260348,4,30,OPEN
3,23:46:50,WESTERN WAY,53.354929,-6.269425,37,40,OPEN
11,23:50:41,TALBOT STREET,53.350974,-6.25294,29,40,OPEN
0,23:48:13,NEWMAN HOUSE,53.337132,-6.26059,40,40,OPEN
2,23:42:32,SIR PATRICK DUN'S,53.339218,-6.240642,38,40,OPEN
8,23:51:19,NEW CENTRAL BANK,53.347122,-6.234749,32,40,OPEN
5,23:48:36,GRANGEGORMAN LOWER (CENTRAL),53.355173,-6.278424,35,40,OPEN
10,23:49:11,KING STREET NORTH,53.350291,-6.273507,20,30,OPEN
29,23:51:28,KILLARNEY STREET,53.354845,-6.247579,1,30,OPEN
12,23:47:50,HERBERT STREET,53.335742,-6.24551,28,40,OPEN
0,23:50:53,HANOVER QUAY EAST,53.343653,-6.231755,40,40,OPEN
0,23:47:08,CUSTOM HOUSE QUAY,53.347884,-6.248048,0,30,OPEN
1,23:48:05,MOLESWORTH STREET,53.341288,-6.258117,19,20,OPEN
6,23:46:14,GEORGES QUAY,53.347508,-6.252192,14,20,OPEN
4,23:44:29,KILMAINHAM LANE,53.341805,-6.305085,26,30,OPEN
12,23:50:06,MOUNT BROWN,53.341645,-6.29719,10,22,OPEN
30,23:47:15,MARKET STREET SOUTH,53.342296,-6.287661,8,38,OPEN
7,23:47:14,KEVIN STREET,53.337757,-6.267699,33,40,OPEN
0,23:49:14,ECCLES STREET EAST,53.358115,-6.265601,27,27,OPEN
5,23:47:49,GRAND CANAL DOCK,53.342638,-6.238695,35,40,OPEN
0,23:50:59,MERRION SQUARE EAST,53.339434,-6.246548,30,30,OPEN
25,23:44:55,YORK STREET WEST,53.339334,-6.264699,15,40,OPEN
1,23:46:32,ST. STEPHEN'S GREEN SOUTH,53.337494,-6.26199,29,30,OPEN
2,23:48:34,DENMARK STREET GREAT,53.35561,-6.261397,18,20,OPEN
22,23:50:23,ROYAL HOSPITAL,53.343897,-6.29706,18,40,OPEN
13,23:44:21,HEUSTON STATION (CAR PARK),53.346985,-6.297804,27,40,OPEN
7,23:50:17,GRANGEGORMAN LOWER (NORTH),53.355954,-6.278378,29,36,OPEN
4,23:46:05,ST. STEPHEN'S GREEN EAST,53.337824,-6.256035,36,40,OPEN
33,23:48:37,HEUSTON STATION (CENTRAL),53.346603,-6.296924,7,40,OPEN
0,23:51:21,TOWNSEND STREET,53.345922,-6.254614,20,20,OPEN
21,23:50:33,GEORGES LANE,53.35023,-6.279696,19,40,OPEN
4,23:50:55,PHIBSBOROUGH ROAD,53.356307,-6.273717,36,40,OPEN
3,23:47:01,ECCLES STREET,53.359246,-6.269779,17,20,OPEN
26,23:42:04,PORTOBELLO HARBOUR,53.330362,-6.265163,4,30,OPEN
1,23:49:00,MATER HOSPITAL,53.359967,-6.264828,39,40,OPEN
10,23:46:57,BLESSINGTON STREET,53.356769,-6.26814,10,20,OPEN
27,23:46:07,JAMES STREET,53.343456,-6.287409,13,40,OPEN
14,23:46:04,MOUNTJOY SQUARE EAST,53.356717,-6.256359,26,40,OPEN
8,23:50:56,MERRION SQUARE WEST,53.339764,-6.251988,12,20,OPEN
3,23:51:05,CONVENTION CENTRE,53.34744,-6.238523,37,40,OPEN
1,23:49:50,HARDWICKE STREET,53.355473,-6.264423,15,16,OPEN
27,23:47:08,PARKGATE STREET,53.347972,-6.291804,11,38,OPEN
27,23:50:42,SMITHFIELD,53.347692,-6.278214,3,30,OPEN
12,23:51:06,DAME STREET,53.344007,-6.266802,4,16,OPEN
19,23:47:57,HEUSTON BRIDGE (SOUTH),53.347106,-6.292041,6,25,OPEN
4,23:46:27,CATHAL BRUGHA STREET,53.352149,-6.260533,16,20,OPEN
18,23:50:34,SANDWITH STREET,53.345203,-6.247163,22,40,OPEN
6,23:50:50,BUCKINGHAM STREET LOWER,53.353331,-6.249319,23,29,OPEN
27,23:50:20,ROTHE ABBEY,53.338776,-6.30395,8,35,OPEN
16,23:44:55,CHARLEVILLE ROAD,53.359157,-6.281866,24,40,OPEN
12,23:47:13,PRINCES STREET / O'CONNELL STREET,53.349013,-6.260311,11,23,OPEN
12,23:49:19,UPPER SHERRARD STREET,53.358437,-6.260641,18,30,OPEN
6,23:48:49,FITZWILLIAM SQUARE EAST,53.335211,-6.2509,34,40,OPEN
9,23:47:32,GRATTAN STREET,53.339629,-6.243778,14,23,OPEN
6,23:42:16,ST JAMES HOSPITAL (LUAS),53.341359,-6.292951,34,40,OPEN
11,23:46:22,HARCOURT TERRACE,53.332763,-6.257942,8,20,OPEN
9,23:49:22,BOLTON STREET,53.351182,-6.269859,11,20,OPEN
3,23:51:02,JERVIS STREET,53.3483,-6.266651,18,21,OPEN
8,23:51:01,ORMOND QUAY UPPER,53.346057,-6.268001,21,29,OPEN
7,23:48:41,GRANGEGORMAN LOWER (SOUTH),53.354663,-6.278681,33,40,OPEN
5,23:49:45,MOUNTJOY SQUARE WEST,53.356299,-6.258586,25,30,OPEN
8,23:50:32,WILTON TERRACE,53.332383,-6.252717,12,20,OPEN
36,23:48:28,EMMET ROAD,53.340714,-6.308191,4,40,OPEN
32,23:47:39,HEUSTON BRIDGE (NORTH),53.347802,-6.292432,8,40,OPEN
19,23:48:05,LEINSTER STREET SOUTH,53.34218,-6.254485,11,30,OPEN
17,23:45:00,BLACKHALL PLACE,53.3488,-6.281637,13,30,OPEN
