available_bikes,last_update,name,position.lat,position.lng,available_bike_stands,bike_stands,status
6,14:49:15,SMITHFIELD NORTH,53.349562,-6.278198,24,30,OPEN
5,14:49:09,PARNELL SQUARE NORTH,53.3537415547453,-6.26530144781526,15,20,OPEN
7,14:47:09,CLONMEL STREET,53.336021,-6.26298,26,33,OPEN
0,14:42:45,AVONDALE ROAD,53.359405,-6.276142,35,35,OPEN
21,14:43:52,JAMES STREET EAST,53.336597,-6.248109,9,30,OPEN
18,14:41:35,MOUNT STREET LOWER,53.33796,-6.24153,22,40,OPEN
12,14:50:02,CHRISTCHURCH PLACE,53.343368,-6.27012,8,20,OPEN
15,14:50:17,GRANTHAM STREET,53.334123,-6.265436,15,30,OPEN
8,14:49:31,PEARSE STREET,53.344304,-6.250427,22,30,OPEN
31,14:41:48,YORK STREET EAST,53.338755,-6.262003,1,32,OPEN
0,14:41:47,EXCISE WALK,53.347777,-6.244239,40,40,OPEN
0,14:42:31,FITZWILLIAM SQUARE WEST,53.336074,-6.252825,0,30,OPEN
0,14:42:28,PORTOBELLO ROAD,53.330091,-6.268044,30,30,OPEN
0,14:44:18,PARNELL STREET,53.350929,-6.265125,0,20,OPEN
40,14:48:08,FREDERICK STREET SOUTH,53.341515,-6.256853,0,40,OPEN
18,14:50:08,FOWNES STREET UPPER,53.344603,-6.263371,12,30,OPEN
21,14:50:32,CLARENDON ROW,53.340927,-6.262501,10,31,OPEN
30,14:43:58,CUSTOM HOUSE,53.348279,-6.254662,0,30,OPEN
15,14:49:51,RATHDOWN ROAD,53.35893,-6.280337,25,40,OPEN
2,14:50:48,NORTH CIRCULAR ROAD (O'CONNELL'S),53.357841,-6.251557,28,30,OPEN
10,14:42:59,HANOVER QUAY,53.344115,-6.237153,30,40,OPEN
16,14:48:34,OLIVER BOND STREET,53.343893,-6.280531,14,30,OPEN
24,14:50:46,COLLINS BARRACKS MUSEUM,53.347477,-6.28525,14,38,OPEN
14,14:44:16,BROOKFIELD ROAD,53.339005,-6.300217,16,30,OPEN
7,14:49:13,BENSON STREET,53.344153,-6.233451,33,40,OPEN
9,14:50:31,EARLSFORT TERRACE,53.334295,-6.258503,21,30,OPEN
0,14:41:58,GOLDEN LANE,53.340803,-6.267732,20,20,OPEN
28,14:44:34,DEVERELL PLACE,53.351464,-6.255265,2,30,OPEN
0,14:43:14,WILTON TERRACE (PARK),53.333653,-6.248345,0,40,OPEN
2,14:41:42,JOHN STREET WEST,53.343105,-6.277167,29,31,OPEN
4,14:41:45,FENIAN STREET,53.341428,-6.24672,31,35,OPEN
0,14:42:31,MERRION SQUARE SOUTH,53.338614,-6.248606,0,40,OPEN
23,14:48:59,SOUTH DOCK ROAD,53.341833,-6.231291,7,30,OPEN
1,14:43:23,CITY QUAY,53.346637,-6.246154,29,30,OPEN
18,14:48:57,EXCHEQUER STREET,53.343034,-6.263578,6,24,OPEN
2,14:45:13,THE POINT,53.346867,-6.230852,38,40,OPEN
3,14:50:18,BROADSTONE,53.3547,-6.272314,27,30,OPEN
8,14:44:29,HATCH STREET,53.33403,-6.260714,28,36,OPEN
1,14:43:14,LIME STREET,53.346026,-6.243576,39,40,OPEN
0,14:45:42,CHARLEMONT PLACE,53.330662,-6.260177,40,40,OPEN
10,14:50:03,KILMAINHAM GAOL,53.342113,-6.310015,30,40,OPEN
11,14:40:47,HARDWICKE PLACE,53.357043,-6.263232,14,25,OPEN
27,14:47:48,WOLFE TONE STREET,53.348875,-6.267459,2,29,OPEN
12,14:43:07,FRANCIS STREET,53.342081,-6.275233,18,30,OPEN
8,14:43:45,GREEK STREET,53.346874,-6.272976,12,20,OPEN
13,14:47:18,GUILD STREET,53.347932,-6.240928,27,40,OPEN
0,14:43:16,HERBERT PLACE,53.334432,-6.245575,0,30,OPEN
23,14:41:38,HIGH STREET,53.343565,-6.275071,6,29,OPEN
3,14:45:37,NORTH CIRCULAR ROAD,53.359624,-6.260348,27,30,OPEN
13,14:41:17,WESTERN WAY,53.354929,-6.269425,27,40,OPEN
39,14:43:13,TALBOT STREET,53.350974,-6.25294,0,40,OPEN
0,14:41:24,NEWMAN HOUSE,53.337132,-6.26059,40,40,OPEN
7,14:45:49,SIR PATRICK DUN'S,53.339218,-6.240642,33,40,OPEN
0,14:41:02,NEW CENTRAL BANK,53.347122,-6.234749,40,40,OPEN
9,14:43:06,GRANGEGORMAN LOWER (CENTRAL),53.355173,-6.278424,31,40,OPEN
11,14:49:19,KING STREET NORTH,53.350291,-6.273507,19,30,OPEN
15,14:49:39,KILLARNEY STREET,53.354845,-6.247579,15,30,OPEN
0,14:41:31,HERBERT STREET,53.335742,-6.24551,0,40,OPEN
13,14:46:28,HANOVER QUAY EAST,53.343653,-6.231755,27,40,OPEN
9,14:43:20,CUSTOM HOUSE QUAY,53.347884,-6.248048,21,30,OPEN
18,14:46:34,MOLESWORTH STREET,53.341288,-6.258117,2,20,OPEN
14,14:46:36,GEORGES QUAY,53.347508,-6.252192,6,20,OPEN
2,14:50:07,KILMAINHAM LANE,53.341805,-6.305085,28,30,OPEN
6,14:41:29,MOUNT BROWN,53.341645,-6.29719,16,22,OPEN
11,14:48:40,MARKET STREET SOUTH,53.342296,-6.287661,27,38,OPEN
3,14:50:51,KEVIN STREET,53.337757,-6.267699,37,40,OPEN
8,14:43:40,ECCLES STREET EAST,53.358115,-6.265601,19,27,OPEN
22,14:48:26,GRAND CANAL DOCK,53.342638,-6.238695,18,40,OPEN
0,14:44:19,MERRION SQUARE EAST,53.339434,-6.246548,0,30,OPEN
7,14:50:16,YORK STREET WEST,53.339334,-6.264699,33,40,OPEN
7,14:41:25,ST. STEPHEN'S GREEN SOUTH,53.337494,-6.26199,23,30,OPEN
7,14:43:07,DENMARK STREET GREAT,53.35561,-6.261397,13,20,OPEN
16,14:48:55,ROYAL HOSPITAL,53.343897,-6.29706,24,40,OPEN
37,14:43:26,HEUSTON STATION (CAR PARK),53.346985,-6.297804,3,40,OPEN
0,14:44:00,GRANGEGORMAN LOWER (NORTH),53.355954,-6.278378,36,36,OPEN
18,14:50:48,ST. STEPHEN'S GREEN EAST,53.337824,-6.256035,22,40,OPEN
37,14:42:03,HEUSTON STATION (CENTRAL),53.346603,-6.296924,3,40,OPEN
9,14:46:05,TOWNSEND STREET,53.345922,-6.254614,11,20,OPEN
1,14:46:35,GEORGES LANE,53.35023,-6.279696,39,40,OPEN
10,14:44:25,PHIBSBOROUGH ROAD,53.356307,-6.273717,30,40,OPEN
3,14:43:26,ECCLES STREET,53.359246,-6.269779,17,20,OPEN
1,14:46:21,PORTOBELLO HARBOUR,53.330362,-6.265163,29,30,OPEN
1,14:47:41,MATER HOSPITAL,53.359967,-6.264828,39,40,OPEN
0,14:42:38,BLESSINGTON STREET,53.356769,-6.26814,20,20,OPEN
2,14:45:51,JAMES STREET,53.343456,-6.287409,38,40,OPEN
2,14:50:41,MOUNTJOY SQUARE EAST,53.356717,-6.256359,38,40,OPEN
0,14:50:34,MERRION SQUARE WEST,53.339764,-6.251988,0,20,OPEN
0,14:44:24,CONVENTION CENTRE,53.34744,-6.238523,40,40,OPEN
1,14:44:18,HARDWICKE STREET,53.355473,-6.264423,15,16,OPEN
15,14:50:51,PARKGATE STREET,53.347972,-6.291804,23,38,OPEN
26,14:44:47,SMITHFIELD,53.347692,-6.278214,3,30,OPEN
15,14:44:51,DAME STREET,53.344007,-6.266802,1,16,OPEN
10,14:45:14,HEUSTON BRIDGE (SOUTH),53.347106,-6.292041,15,25,OPEN
2,14:44:16,CATHAL BRUGHA STREET,53.352149,-6.260533,17,20,OPEN
6,14:43:39,SANDWITH STREET,53.345203,-6.247163,34,40,OPEN
14,14:48:34,BUCKINGHAM STREET LOWER,53.353331,-6.249319,15,29,OPEN
6,14:45:19,ROTHE ABBEY,53.338776,-6.30395,29,35,OPEN
4,14:44:10,CHARLEVILLE ROAD,53.359157,-6.281866,36,40,OPEN
23,14:48:22,PRINCES STREET / O'CONNELL STREET,53.349013,-6.260311,0,23,OPEN
0,14:43:55,UPPER SHERRARD STREET,53.358437,-6.260641,30,30,OPEN
0,14:42:56,FITZWILLIAM SQUARE EAST,53.335211,-6.2509,0,40,OPEN
13,14:43:03,GRATTAN STREET,53.339629,-6.243778,10,23,OPEN
0,14:43:51,ST JAMES HOSPITAL (LUAS),53.341359,-6.292951,40,40,OPEN
9,14:50:22,HARCOURT TERRACE,53.332763,-6.257942,11,20,OPEN
1,14:42:42,BOLTON STREET,53.351182,-6.269859,19,20,OPEN
20,14:45:31,JERVIS STREET,53.3483,-6.266651,1,21,OPEN
27,14:44:06,ORMOND QUAY UPPER,53.346057,-6.268001,2,29,OPEN
0,14:42:23,GRANGEGORMAN LOWER (SOUTH),53.354663,-6.278681,40,40,OPEN
7,14:49:28,MOUNTJOY SQUARE WEST,53.356299,-6.258586,23,30,OPEN
0,14:43:15,WILTON TERRACE,53.332383,-6.252717,0,20,OPEN
12,14:44:02,EMMET ROAD,53.340714,-6.308191,28,40,OPEN
35,14:41:53,HEUSTON BRIDGE (NORTH),53.347802,-6.292432,5,40,OPEN
29,14:50:50,LEINSTER STREET SOUTH,53.34218,-6.254485,1,30,OPEN
9,14:42:32,BLACKHALL PLACE,53.3488,-6.281637,21,30,OPEN
