available_bikes,last_update,name,position.lat,position.lng,available_bike_stands,bike_stands,status
30,03:16:11,SMITHFIELD NORTH,53.349562,-6.278198,0,30,OPEN
7,03:11:13,PARNELL SQUARE NORTH,53.3537415547453,-6.26530144781526,13,20,OPEN
0,03:11:07,CLONMEL STREET,53.336021,-6.26298,33,33,OPEN
21,03:11:06,AVONDALE ROAD,53.359405,-6.276142,14,35,OPEN
0,03:11:09,JAMES STREET EAST,53.336597,-6.248109,30,30,OPEN
2,03:11:09,MOUNT STREET LOWER,53.33796,-6.24153,38,40,OPEN
0,03:11:08,CHRISTCHURCH PLACE,53.343368,-6.27012,20,20,OPEN
18,03:11:10,GRANTHAM STREET,53.334123,-6.265436,12,30,OPEN
16,03:17:22,PEARSE STREET,53.344304,-6.250427,14,30,OPEN
0,03:11:08,YORK STREET EAST,53.338755,-6.262003,32,32,OPEN
19,03:11:09,EXCISE WALK,53.347777,-6.244239,21,40,OPEN
12,03:11:09,FITZWILLIAM SQUARE WEST,53.336074,-6.252825,18,30,OPEN
27,03:11:10,PORTOBELLO ROAD,53.330091,-6.268044,3,30,OPEN
9,03:11:14,PARNELL STREET,53.350929,-6.265125,11,20,OPEN
8,03:14:02,FREDERICK STREET SOUTH,53.341515,-6.256853,32,40,OPEN
0,03:11:09,FOWNES STREET UPPER,53.344603,-6.263371,30,30,OPEN
3,03:11:13,CLARENDON ROW,53.340927,-6.262501,28,31,OPEN
25,03:14:14,CUSTOM HOUSE,53.348279,-6.254662,5,30,OPEN
9,03:11:05,RATHDOWN ROAD,53.35893,-6.280337,30,40,OPEN
21,03:16:04,NORTH CIRCULAR ROAD (O'CONNELL'S),53.357841,-6.251557,9,30,OPEN
1,03:11:04,HANOVER QUAY,53.344115,-6.237153,39,40,OPEN
15,03:11:12,OLIVER BOND STREET,53.343893,-6.280531,15,30,OPEN
12,03:11:13,COLLINS BARRACKS MUSEUM,53.347477,-6.28525,26,38,OPEN
20,03:15:16,BROOKFIELD ROAD,53.339005,-6.300217,10,30,OPEN
0,03:11:08,BENSON STREET,53.344153,-6.233451,40,40,OPEN
2,03:11:10,EARLSFORT TERRACE,53.334295,-6.258503,28,30,OPEN
2,03:11:08,GOLDEN LANE,53.340803,-6.267732,18,20,OPEN
5,03:17:22,DEVERELL PLACE,53.351464,-6.255265,25,30,OPEN
4,03:11:06,WILTON TERRACE (PARK),53.333653,-6.248345,36,40,OPEN
21,03:11:08,JOHN STREET WEST,53.343105,-6.277167,10,31,OPEN
11,03:11:11,FENIAN STREET,53.341428,-6.24672,24,35,OPEN
11,03:11:08,MERRION SQUARE SOUTH,53.338614,-6.248606,29,40,OPEN
12,03:17:06,SOUTH DOCK ROAD,53.341833,-6.231291,18,30,OPEN
8,03:10:15,CITY QUAY,53.346637,-6.246154,22,30,OPEN
0,03:11:03,EXCHEQUER STREET,53.343034,-6.263578,24,24,OPEN
40,03:17:27,THE POINT,53.346867,-6.230852,0,40,OPEN
1,03:11:10,BROADSTONE,53.3547,-6.272314,29,30,OPEN
0,03:11:08,HATCH STREET,53.33403,-6.260714,34,36,OPEN
0,03:11:14,LIME STREET,53.346026,-6.243576,40,40,OPEN
36,03:17:41,CHARLEMONT PLACE,53.330662,-6.260177,4,40,OPEN
34,03:11:40,KILMAINHAM GAOL,53.342113,-6.310015,6,40,OPEN
3,03:17:50,HARDWICKE PLACE,53.357043,-6.263232,22,25,OPEN
6,03:14:05,WOLFE TONE STREET,53.348875,-6.267459,23,29,OPEN
21,03:11:07,FRANCIS STREET,53.342081,-6.275233,9,30,OPEN
5,03:11:12,GREEK STREET,53.346874,-6.272976,15,20,OPEN
39,03:16:11,GUILD STREET,53.347932,-6.240928,1,40,OPEN
0,03:11:11,HERBERT PLACE,53.334432,-6.245575,30,30,OPEN
4,03:11:28,HIGH STREET,53.343565,-6.275071,25,29,OPEN
29,03:11:06,NORTH CIRCULAR ROAD,53.359624,-6.260348,1,30,OPEN
3,03:11:13,WESTERN WAY,53.354929,-6.269425,37,40,OPEN
29,03:10:30,TALBOT STREET,53.350974,-6.25294,11,40,OPEN
0,03:11:09,NEWMAN HOUSE,53.337132,-6.26059,40,40,OPEN
4,03:15:25,SIR PATRICK DUN'S,53.339218,-6.240642,36,40,OPEN
20,03:13:25,NEW CENTRAL BANK,53.347122,-6.234749,20,40,OPEN
6,03:11:07,GRANGEGORMAN LOWER (CENTRAL),53.355173,-6.278424,34,40,OPEN
14,03:11:11,KING STREET NORTH,53.350291,-6.273507,16,30,OPEN
28,03:10:23,KILLARNEY STREET,53.354845,-6.247579,2,30,OPEN
11,03:11:14,HERBERT STREET,53.335742,-6.24551,29,40,OPEN
17,03:11:14,HANOVER QUAY EAST,53.343653,-6.231755,23,40,OPEN
13,03:10:53,CUSTOM HOUSE QUAY,53.347884,-6.248048,17,30,OPEN
2,03:11:09,MOLESWORTH STREET,53.341288,-6.258117,18,20,OPEN
18,03:11:10,GEORGES QUAY,53.347508,-6.252192,2,20,OPEN
7,03:11:11,KILMAINHAM LANE,53.341805,-6.305085,23,30,OPEN
8,03:16:03,MOUNT BROWN,53.341645,-6.29719,0,22,OPEN
4,03:11:11,MARKET STREET SOUTH,53.342296,-6.287661,34,38,OPEN
12,03:12:31,KEVIN STREET,53.337757,-6.267699,28,40,OPEN
8,03:10:44,ECCLES STREET EAST,53.358115,-6.265601,19,27,OPEN
7,03:11:14,GRAND CANAL DOCK,53.342638,-6.238695,33,40,OPEN
4,03:11:10,MERRION SQUARE EAST,53.339434,-6.246548,26,30,OPEN
1,03:11:12,YORK STREET WEST,53.339334,-6.264699,39,40,OPEN
4,03:11:08,ST. STEPHEN'S GREEN SOUTH,53.337494,-6.26199,26,30,OPEN
6,03:11:14,DENMARK STREET GREAT,53.35561,-6.261397,14,20,OPEN
23,03:11:08,ROYAL HOSPITAL,53.343897,-6.29706,17,40,OPEN
7,03:11:07,HEUSTON STATION (CAR PARK),53.346985,-6.297804,33,40,OPEN
24,03:12:35,GRANGEGORMAN LOWER (NORTH),53.355954,-6.278378,12,36,OPEN
3,03:11:14,ST. STEPHEN'S GREEN EAST,53.337824,-6.256035,37,40,OPEN
40,03:12:05,HEUSTON STATION (CENTRAL),53.346603,-6.296924,0,40,OPEN
9,03:11:08,TOWNSEND STREET,53.345922,-6.254614,10,20,OPEN
28,03:15:05,GEORGES LANE,53.35023,-6.279696,12,40,OPEN
10,03:11:07,PHIBSBOROUGH ROAD,53.356307,-6.273717,30,40,OPEN
10,03:09:19,ECCLES STREET,53.359246,-6.269779,10,20,OPEN
25,03:09:23,PORTOBELLO HARBOUR,53.330362,-6.265163,5,30,OPEN
14,03:11:07,MATER HOSPITAL,53.359967,-6.264828,26,40,OPEN
11,03:11:05,BLESSINGTON STREET,53.356769,-6.26814,9,20,OPEN
19,03:11:07,JAMES STREET,53.343456,-6.287409,21,40,OPEN
14,03:11:11,MOUNTJOY SQUARE EAST,53.356717,-6.256359,26,40,OPEN
5,03:11:10,MERRION SQUARE WEST,53.339764,-6.251988,15,20,OPEN
6,03:11:09,CONVENTION CENTRE,53.34744,-6.238523,34,40,OPEN
2,03:11:08,HARDWICKE STREET,53.355473,-6.264423,11,16,OPEN
27,03:18:26,PARKGATE STREET,53.347972,-6.291804,11,38,OPEN
10,03:11:09,SMITHFIELD,53.347692,-6.278214,19,30,OPEN
0,03:11:11,DAME STREET,53.344007,-6.266802,16,16,OPEN
25,03:09:12,HEUSTON BRIDGE (SOUTH),53.347106,-6.292041,0,25,OPEN
7,03:11:06,CATHAL BRUGHA STREET,53.352149,-6.260533,13,20,OPEN
17,03:11:06,SANDWITH STREET,53.345203,-6.247163,23,40,OPEN
13,03:15:55,BUCKINGHAM STREET LOWER,53.353331,-6.249319,16,29,OPEN
32,03:11:13,ROTHE ABBEY,53.338776,-6.30395,3,35,OPEN
21,03:14:33,CHARLEVILLE ROAD,53.359157,-6.281866,19,40,OPEN
11,03:14:02,PRINCES STREET / O'CONNELL STREET,53.349013,-6.260311,12,23,OPEN
23,03:12:58,UPPER SHERRARD STREET,53.358437,-6.260641,7,30,OPEN
1,03:11:10,FITZWILLIAM SQUARE EAST,53.335211,-6.2509,39,40,OPEN
4,03:11:09,GRATTAN STREET,53.339629,-6.243778,19,23,OPEN
10,03:09:27,ST JAMES HOSPITAL (LUAS),53.341359,-6.292951,30,40,OPEN
18,03:11:06,HARCOURT TERRACE,53.332763,-6.257942,2,20,OPEN
10,03:17:57,BOLTON STREET,53.351182,-6.269859,10,20,OPEN
9,03:12:17,JERVIS STREET,53.3483,-6.266651,12,21,OPEN
0,03:11:11,ORMOND QUAY UPPER,53.346057,-6.268001,29,29,OPEN
1,03:11:07,GRANGEGORMAN LOWER (SOUTH),53.354663,-6.278681,39,40,OPEN
9,03:11:10,MOUNTJOY SQUARE WEST,53.356299,-6.258586,21,30,OPEN
12,03:11:09,WILTON TERRACE,53.332383,-6.252717,8,20,OPEN
22,03:09:15,EMMET ROAD,53.340714,-6.308191,18,40,OPEN
37,03:10:42,HEUSTON BRIDGE (NORTH),53.347802,-6.292432,3,40,OPEN
9,03:11:07,LEINSTER STREET SOUTH,53.34218,-6.254485,21,30,OPEN
17,03:11:12,BLACKHALL PLACE,53.3488,-6.281637,13,30,OPEN
