available_bikes,last_update,name,position.lat,position.lng,available_bike_stands,bike_stands,status
24,12:20:21,SMITHFIELD NORTH,53.349562,-6.278198,5,30,OPEN
4,12:15:40,PARNELL SQUARE NORTH,53.3537415547453,-6.26530144781526,16,20,OPEN
23,12:11:56,CLONMEL STREET,53.336021,-6.26298,10,33,OPEN
1,12:18:19,AVONDALE ROAD,53.359405,-6.276142,34,35,OPEN
5,12:20:16,JAMES STREET EAST,53.336597,-6.248109,25,30,OPEN
0,12:19:16,MOUNT STREET LOWER,53.33796,-6.24153,40,40,OPEN
10,12:10:47,CHRISTCHURCH PLACE,53.343368,-6.27012,10,20,OPEN
5,12:16:22,GRANTHAM STREET,53.334123,-6.265436,24,30,OPEN
10,12:20:06,PEARSE STREET,53.344304,-6.250427,20,30,OPEN
5,12:20:02,YORK STREET EAST,53.338755,-6.262003,27,32,OPEN
0,12:11:10,EXCISE WALK,53.347777,-6.244239,40,40,OPEN
1,12:11:48,FITZWILLIAM SQUARE WEST,53.336074,-6.252825,29,30,OPEN
1,12:19:04,PORTOBELLO ROAD,53.330091,-6.268044,29,30,OPEN
20,12:19:36,PARNELL STREET,53.350929,-6.265125,0,20,OPEN
15,12:20:46,FREDERICK STREET SOUTH,53.341515,-6.256853,25,40,OPEN
12,12:20:47,FOWNES STREET UPPER,53.344603,-6.263371,18,30,OPEN
9,12:19:08,CLARENDON ROW,53.340927,-6.262501,22,31,OPEN
30,12:18:21,CUSTOM HOUSE,53.348279,-6.254662,0,30,OPEN
2,12:19:13,RATHDOWN ROAD,53.35893,-6.280337,38,40,OPEN
7,12:19:03,NORTH CIRCULAR ROAD (O'CONNELL'S),53.357841,-6.251557,23,30,OPEN
3,12:19:58,HANOVER QUAY,53.344115,-6.237153,37,40,OPEN
23,12:19:10,OLIVER BOND STREET,53.343893,-6.280531,7,30,OPEN
0,12:19:37,COLLINS BARRACKS MUSEUM,53.347477,-6.28525,0,38,OPEN
13,12:16:57,BROOKFIELD ROAD,53.339005,-6.300217,17,30,OPEN
17,12:13:25,BENSON STREET,53.344153,-6.233451,23,40,OPEN
5,12:19:00,EARLSFORT TERRACE,53.334295,-6.258503,25,30,OPEN
8,12:20:05,GOLDEN LANE,53.340803,-6.267732,12,20,OPEN
20,12:13:04,DEVERELL PLACE,53.351464,-6.255265,10,30,OPEN
21,12:12:23,WILTON TERRACE (PARK),53.333653,-6.248345,18,40,OPEN
15,12:19:58,JOHN STREET WEST,53.343105,-6.277167,16,31,OPEN
5,12:19:27,FENIAN STREET,53.341428,-6.24672,30,35,OPEN
0,12:20:50,MERRION SQUARE SOUTH,53.338614,-6.248606,0,40,OPEN
18,12:19:03,SOUTH DOCK ROAD,53.341833,-6.231291,12,30,OPEN
2,12:11:55,CITY QUAY,53.346637,-6.246154,28,30,OPEN
3,12:20:13,EXCHEQUER STREET,53.343034,-6.263578,21,24,OPEN
0,12:20:35,THE POINT,53.346867,-6.230852,40,40,OPEN
0,12:18:46,BROADSTONE,53.3547,-6.272314,30,30,OPEN
9,12:12:31,HATCH STREET,53.33403,-6.260714,27,36,OPEN
4,12:19:59,LIME STREET,53.346026,-6.243576,36,40,OPEN
8,12:16:21,CHARLEMONT PLACE,53.330662,-6.260177,32,40,OPEN
24,12:20:15,KILMAINHAM GAOL,53.342113,-6.310015,16,40,OPEN
0,12:19:01,HARDWICKE PLACE,53.357043,-6.263232,25,25,OPEN
29,12:20:12,WOLFE TONE STREET,53.348875,-6.267459,0,29,OPEN
17,12:20:02,FRANCIS STREET,53.342081,-6.275233,13,30,OPEN
13,12:13:27,GREEK STREET,53.346874,-6.272976,7,20,OPEN
0,12:12:31,GUILD STREET,53.347932,-6.240928,40,40,OPEN
14,12:12:19,HERBERT PLACE,53.334432,-6.245575,16,30,OPEN
3,12:20:45,HIGH STREET,53.343565,-6.275071,26,29,OPEN
0,12:16:12,NORTH CIRCULAR ROAD,53.359624,-6.260348,30,30,OPEN
1,12:20:17,WESTERN WAY,53.354929,-6.269425,39,40,OPEN
39,12:13:38,TALBOT STREET,53.350974,-6.25294,1,40,OPEN
0,12:10:47,NEWMAN HOUSE,53.337132,-6.26059,40,40,OPEN
9,12:15:25,SIR PATRICK DUN'S,53.339218,-6.240642,31,40,OPEN
0,12:19:06,NEW CENTRAL BANK,53.347122,-6.234749,40,40,OPEN
2,12:11:33,GRANGEGORMAN LOWER (CENTRAL),53.355173,-6.278424,38,40,OPEN
2,12:19:06,KING STREET NORTH,53.350291,-6.273507,28,30,OPEN
26,12:13:51,KILLARNEY STREET,53.354845,-6.247579,4,30,OPEN
2,12:19:54,HERBERT STREET,53.335742,-6.24551,38,40,OPEN
2,12:19:51,HANOVER QUAY EAST,53.343653,-6.231755,38,40,OPEN
26,12:16:56,CUSTOM HOUSE QUAY,53.347884,-6.248048,4,30,OPEN
20,12:20:08,MOLESWORTH STREET,53.341288,-6.258117,0,20,OPEN
19,12:20:09,GEORGES QUAY,53.347508,-6.252192,1,20,OPEN
17,12:19:13,KILMAINHAM LANE,53.341805,-6.305085,13,30,OPEN
5,12:20:06,MOUNT BROWN,53.341645,-6.29719,17,22,OPEN
15,12:19:29,MARKET STREET SOUTH,53.342296,-6.287661,23,38,OPEN
22,12:19:12,KEVIN STREET,53.337757,-6.267699,18,40,OPEN
2,12:11:48,ECCLES STREET EAST,53.358115,-6.265601,25,27,OPEN
5,12:16:25,GRAND CANAL DOCK,53.342638,-6.238695,35,40,OPEN
0,12:12:49,MERRION SQUARE EAST,53.339434,-6.246548,0,30,OPEN
18,12:18:47,YORK STREET WEST,53.339334,-6.264699,22,40,OPEN
2,12:19:43,ST. STEPHEN'S GREEN SOUTH,53.337494,-6.26199,28,30,OPEN
0,12:14:54,DENMARK STREET GREAT,53.35561,-6.261397,20,20,OPEN
19,12:20:51,ROYAL HOSPITAL,53.343897,-6.29706,21,40,OPEN
33,12:11:35,HEUSTON STATION (CAR PARK),53.346985,-6.297804,7,40,OPEN
1,12:16:34,GRANGEGORMAN LOWER (NORTH),53.355954,-6.278378,35,36,OPEN
25,12:19:04,ST. STEPHEN'S GREEN EAST,53.337824,-6.256035,15,40,OPEN
26,12:16:46,HEUSTON STATION (CENTRAL),53.346603,-6.296924,14,40,OPEN
19,12:19:49,TOWNSEND STREET,53.345922,-6.254614,1,20,OPEN
32,12:18:57,GEORGES LANE,53.35023,-6.279696,8,40,OPEN
0,12:13:10,PHIBSBOROUGH ROAD,53.356307,-6.273717,40,40,OPEN
1,12:19:51,ECCLES STREET,53.359246,-6.269779,19,20,OPEN
2,12:12:24,PORTOBELLO HARBOUR,53.330362,-6.265163,28,30,OPEN
1,12:11:06,MATER HOSPITAL,53.359967,-6.264828,39,40,OPEN
0,12:20:01,BLESSINGTON STREET,53.356769,-6.26814,20,20,OPEN
15,12:14:19,JAMES STREET,53.343456,-6.287409,25,40,OPEN
0,12:12:20,MOUNTJOY SQUARE EAST,53.356717,-6.256359,40,40,OPEN
0,12:18:36,MERRION SQUARE WEST,53.339764,-6.251988,0,20,OPEN
0,12:17:30,CONVENTION CENTRE,53.34744,-6.238523,40,40,OPEN
5,12:19:33,HARDWICKE STREET,53.355473,-6.264423,11,16,OPEN
35,12:19:11,PARKGATE STREET,53.347972,-6.291804,2,38,OPEN
13,12:17:48,SMITHFIELD,53.347692,-6.278214,17,30,OPEN
11,12:19:50,DAME STREET,53.344007,-6.266802,5,16,OPEN
24,12:13:08,HEUSTON BRIDGE (SOUTH),53.347106,-6.292041,1,25,OPEN
19,12:20:49,CATHAL BRUGHA STREET,53.352149,-6.260533,1,20,OPEN
28,12:12:17,SANDWITH STREET,53.345203,-6.247163,12,40,OPEN
20,12:15:55,BUCKINGHAM STREET LOWER,53.353331,-6.249319,9,29,OPEN
22,12:18:20,ROTHE ABBEY,53.338776,-6.30395,13,35,OPEN
1,12:20:45,CHARLEVILLE ROAD,53.359157,-6.281866,39,40,OPEN
23,12:10:57,PRINCES STREET / O'CONNELL STREET,53.349013,-6.260311,0,23,OPEN
2,12:14:52,UPPER SHERRARD STREET,53.358437,-6.260641,28,30,OPEN
1,12:11:50,FITZWILLIAM SQUARE EAST,53.335211,-6.2509,39,40,OPEN
8,12:20:22,GRATTAN STREET,53.339629,-6.243778,15,23,OPEN
13,12:16:21,ST JAMES HOSPITAL (LUAS),53.341359,-6.292951,27,40,OPEN
3,12:18:40,HARCOURT TERRACE,53.332763,-6.257942,17,20,OPEN
16,12:16:52,BOLTON STREET,53.351182,-6.269859,4,20,OPEN
21,12:16:31,JERVIS STREET,53.3483,-6.266651,0,21,OPEN
29,12:16:19,ORMOND QUAY UPPER,53.346057,-6.268001,0,29,OPEN
12,12:20:49,GRANGEGORMAN LOWER (SOUTH),53.354663,-6.278681,28,40,OPEN
0,12:12:16,MOUNTJOY SQUARE WEST,53.356299,-6.258586,30,30,OPEN
8,12:18:04,WILTON TERRACE,53.332383,-6.252717,12,20,OPEN
18,12:11:02,EMMET ROAD,53.340714,-6.308191,22,40,OPEN
36,12:20:20,HEUSTON BRIDGE (NORTH),53.347802,-6.292432,4,40,OPEN
22,12:19:12,LEINSTER STREET SOUTH,53.34218,-6.254485,8,30,OPEN
2,12:13:01,BLACKHALL PLACE,53.3488,-6.281637,27,30,OPEN
