available_bikes,last_update,name,position.lat,position.lng,available_bike_stands,bike_stands,status
5,03:43:10,LIDL BEŽIGRAD,46.063797,14.506854,15,20,OPEN
6,03:44:11,ŠMARTINSKI PARK,46.065206,14.529911,14,20,OPEN
4,03:44:12,SAVSKO NASELJE 1-ŠMARTINSKA CESTA,46.062475,14.524321,16,20,OPEN
6,03:44:29,ČRNUČE,46.102446,14.530213,14,20,OPEN
12,03:42:40,VILHARJEVA CESTA,46.06005,14.51302,7,20,OPEN
2,03:41:41,MASARYKOVA DDC,46.05763,14.514264,16,18,OPEN
1,03:42:40,POGAČARJEV TRG-TRŽNICA,46.051093,14.507186,17,18,OPEN
0,03:41:52,CANKARJEVA UL.-NAMA,46.052431,14.503257,26,26,OPEN
18,03:42:40,ANTONOV TRG,46.041753,14.477016,2,20,OPEN
6,03:41:40,PRUŠNIKOVA,46.090608,14.471637,14,20,OPEN
4,03:41:39,TEHNOLOŠKI PARK,46.04843,14.461086,16,20,OPEN
14,03:43:39,KOSEŠKI BAJER,46.068443,14.470913,6,20,OPEN
1,03:41:42,TIVOLI,46.05952,14.4982,19,20,OPEN
20,03:41:40,TRŽNICA MOSTE,46.055801,14.534156,1,21,OPEN
2,03:43:42,GRUDNOVO NABREŽJE-KARLOVŠKA C.,46.045748,14.506196,16,18,OPEN
15,03:43:40,LIDL-LITIJSKA CESTA,46.047689,14.547416,5,20,OPEN
26,03:45:33,ŠPORTNI CENTER STOŽICE,46.08259,14.52016,0,26,OPEN
12,03:43:33,ŠPICA,46.040213,14.512044,6,18,OPEN
13,03:42:41,ROŠKA - STRELIŠKA,46.045,14.51846,7,20,OPEN
0,03:42:39,BAVARSKI DVOR,46.05682,14.50551,20,20,OPEN
4,03:42:41,STARA CERKEV,46.06342,14.494588,10,14,OPEN
15,03:41:42,SITULA,46.059433,14.52051,5,20,OPEN
1,03:42:39,ILIRSKA ULICA,46.053144,14.513479,17,18,OPEN
16,03:43:41,LIDL - RUDNIK,46.020012,14.532479,4,20,OPEN
1,03:41:41,KOPALIŠČE KOLEZIJA,46.042867,14.495239,19,20,OPEN
16,03:42:41,POVŠETOVA - KAJUHOVA,46.051512,14.539272,4,20,OPEN
12,03:42:39,DUNAJSKA C.-PS MERCATOR,46.074193,14.511134,6,18,OPEN
3,03:41:51,CITYPARK,46.068805,14.546257,17,20,OPEN
6,03:43:04,KOPRSKA ULICA,46.033408,14.482468,2,8,OPEN
19,03:43:38,LIDL - VOJKOVA CESTA,46.07589,14.52011,1,20,OPEN
16,03:41:40,POLJANSKA-POTOČNIKOVA,46.048982,14.522709,4,20,OPEN
9,03:43:40,POVŠETOVA-GRABLOVIČEVA,46.051863,14.530349,10,19,OPEN
10,03:43:41,PARK NAVJE-ŽELEZNA CESTA,46.06361,14.51315,10,20,OPEN
3,03:42:41,ZALOG,46.06043,14.613797,17,20,OPEN
7,03:42:38,CESTA NA ROŽNIK,46.053241,14.486206,13,20,OPEN
2,03:43:42,HOFER-KAJUHOVA,46.056405,14.540901,18,20,OPEN
4,03:44:13,DUNAJSKA C.-PS PETROL,46.065136,14.509112,16,20,OPEN
13,03:48:11,STUDENEC,46.054615,14.576031,7,20,OPEN
0,03:42:41,PARKIRIŠČE NUK 2-FF,46.046377,14.501256,20,20,OPEN
20,03:43:42,BRATOVŠEVA PLOŠČAD,46.08929,14.513751,0,20,OPEN
0,03:43:42,KONGRESNI TRG-ŠUBIČEVA ULICA,46.050388,14.504623,20,20,OPEN
8,03:41:40,BS4-STOŽICE,46.086761,14.514151,12,20,OPEN
19,03:43:40,GERBIČEVA - ŠPORTNI PARK SVOBODA,46.039384,14.485458,1,20,OPEN
2,03:41:40,ŽIVALSKI VRT,46.052454,14.472149,18,20,OPEN
13,03:40:42,VOKA - SLOVENČEVA,46.075207,14.504734,7,20,OPEN
7,03:43:12,BTC CITY/DVORANA A,46.065297,14.543996,13,20,OPEN
17,03:41:40,TRNOVO,46.03784,14.50001,3,20,OPEN
10,03:42:25,P+R BARJE,46.02749,14.49958,10,20,OPEN
0,03:49:48,ROŽNA DOLINA-ŠKRABČEVA UL.,46.051439,14.49273,18,18,OPEN
24,03:43:40,KINO ŠIŠKA,46.06928,14.48971,2,26,OPEN
16,03:43:41,ZALOŠKA C.-GRABLOVIČEVA C.,46.05441,14.52978,0,16,OPEN
13,03:45:59,BRODARJEV TRG,46.054398,14.553319,7,20,OPEN
14,03:41:41,DOLENJSKA C. - STRELIŠČE,46.038866,14.517605,6,20,OPEN
12,03:42:41,ŠTEPANJSKO NASELJE 1-JAKČEVA ULICA,46.053047,14.545125,7,19,OPEN
15,03:43:02,SOSESKA NOVO BRDO,46.045617,14.462281,5,20,OPEN
18,03:41:40,TRŽNICA KOSEZE,46.074315,14.475483,0,18,OPEN
16,03:42:40,ALEJA - CELOVŠKA CESTA,46.077302,14.482581,4,20,OPEN
21,03:43:39,MERCATOR CENTER ŠIŠKA,46.087079,14.475439,1,22,OPEN
2,03:41:41,GH ŠENTPETER-NJEGOŠEVA C.,46.05257,14.51928,22,24,OPEN
2,03:43:41,HOFER - POLJE,46.053718,14.589284,18,20,OPEN
13,03:42:40,VIŠKO POLJE,46.046189,14.469037,7,20,OPEN
15,03:42:27,BONIFACIJA,46.039641,14.472664,6,21,OPEN
4,03:43:41,P + R DOLGI MOST,46.037003,14.465229,16,20,OPEN
5,03:41:39,DRAVLJE,46.07984,14.479952,15,20,OPEN
12,03:41:42,POLJE,46.05722,14.583537,8,20,OPEN
6,03:42:40,SUPERNOVA LJUBLJANA - RUDNIK,46.021586,14.536745,14,20,OPEN
17,03:48:53,SREDNJA FRIZERSKA ŠOLA,46.080522,14.491439,3,20,OPEN
3,03:43:43,TRG OF-KOLODVORSKA UL.,46.057421,14.510265,23,26,OPEN
1,03:41:40,TRG MDB,46.047565,14.495687,19,20,OPEN
16,03:43:41,TRŽAŠKA C.-ILIRIJA,46.044629,14.486699,4,20,OPEN
0,03:42:12,PREŠERNOV TRG-PETKOVŠKOVO NABREŽJE,46.051367,14.506542,20,20,OPEN
16,03:44:31,MERCATOR MARKET - CELOVŠKA C. 163,46.073264,14.485942,4,20,OPEN
2,03:42:39,SAVSKO NASELJE 2-LINHARTOVA CESTA,46.064546,14.518013,18,20,OPEN
0,03:42:40,BREG,46.046498,14.505148,19,20,OPEN
9,03:44:12,BTC CITY ATLANTIS,46.063081,14.547851,11,20,OPEN
4,03:43:41,IKEA,46.065175,14.539537,16,20,OPEN
0,03:43:20,MIKLOŠIČEV PARK,46.054168,14.50706,18,18,OPEN
19,03:45:41,BARJANSKA C.-CENTER STAREJŠIH TRNOVO,46.04081,14.49951,1,20,OPEN
3,03:44:11,LEK - VEROVŠKOVA,46.076856,14.500222,17,20,OPEN
1,03:43:40,AMBROŽEV TRG,46.049877,14.516308,17,18,OPEN
6,03:43:37,VOJKOVA - GASILSKA BRIGADA,46.068727,14.516858,14,20,OPEN
10,03:41:39,RAKOVNIK,46.036284,14.522948,10,20,OPEN
13,03:42:40,PREGLOV TRG,46.054554,14.55908,7,20,OPEN
13,03:41:42,PLEČNIKOV STADION,46.06942,14.51052,5,18,OPEN
