available_bikes,last_update,name,position.lat,position.lng,available_bike_stands,bike_stands,status
23,05:23:27,SMITHFIELD NORTH,53.349562,-6.278198,7,30,OPEN
1,05:22:38,PARNELL SQUARE NORTH,53.3537415547453,-6.26530144781526,19,20,OPEN
3,05:22:34,CLONMEL STREET,53.336021,-6.26298,30,33,OPEN
20,05:27:59,AVONDALE ROAD,53.359405,-6.276142,15,35,OPEN
2,05:22:34,JAMES STREET EAST,53.336597,-6.248109,27,30,OPEN
1,05:22:44,MOUNT STREET LOWER,53.33796,-6.24153,39,40,OPEN
3,05:22:38,CHRISTCHURCH PLACE,53.343368,-6.27012,17,20,OPEN
15,05:22:27,GRANTHAM STREET,53.334123,-6.265436,15,30,OPEN
8,05:26:15,PEARSE STREET,53.344304,-6.250427,22,30,OPEN
1,05:31:12,YORK STREET EAST,53.338755,-6.262003,31,32,OPEN
17,05:25:14,EXCISE WALK,53.347777,-6.244239,23,40,OPEN
7,05:24:20,FITZWILLIAM SQUARE WEST,53.336074,-6.252825,23,30,OPEN
28,05:28:15,PORTOBELLO ROAD,53.330091,-6.268044,2,30,OPEN
18,05:22:37,PARNELL STREET,53.350929,-6.265125,2,20,OPEN
1,05:25:22,FREDERICK STREET SOUTH,53.341515,-6.256853,39,40,OPEN
16,05:22:38,FOWNES STREET UPPER,53.344603,-6.263371,12,30,OPEN
0,05:32:26,CLARENDON ROW,53.340927,-6.262501,31,31,OPEN
12,05:32:24,CUSTOM HOUSE,53.348279,-6.254662,18,30,OPEN
23,05:23:33,RATHDOWN ROAD,53.35893,-6.280337,17,40,OPEN
29,05:32:25,NORTH CIRCULAR ROAD (O'CONNELL'S),53.357841,-6.251557,1,30,OPEN
5,05:22:36,HANOVER QUAY,53.344115,-6.237153,35,40,OPEN
10,05:23:48,OLIVER BOND STREET,53.343893,-6.280531,20,30,OPEN
25,05:28:53,COLLINS BARRACKS MUSEUM,53.347477,-6.28525,13,38,OPEN
30,05:29:31,BROOKFIELD ROAD,53.339005,-6.300217,0,30,OPEN
3,05:22:37,BENSON STREET,53.344153,-6.233451,37,40,OPEN
2,05:22:33,EARLSFORT TERRACE,53.334295,-6.258503,28,30,OPEN
5,05:30:03,GOLDEN LANE,53.340803,-6.267732,15,20,OPEN
10,05:32:28,DEVERELL PLACE,53.351464,-6.255265,20,30,OPEN
1,05:22:33,WILTON TERRACE (PARK),53.333653,-6.248345,39,40,OPEN
17,05:22:22,JOHN STREET WEST,53.343105,-6.277167,14,31,OPEN
4,05:22:37,FENIAN STREET,53.341428,-6.24672,31,35,OPEN
5,05:22:39,MERRION SQUARE SOUTH,53.338614,-6.248606,35,40,OPEN
24,05:27:58,SOUTH DOCK ROAD,53.341833,-6.231291,5,30,OPEN
4,05:22:37,CITY QUAY,53.346637,-6.246154,26,30,OPEN
1,05:22:38,EXCHEQUER STREET,53.343034,-6.263578,23,24,OPEN
15,05:31:56,THE POINT,53.346867,-6.230852,24,40,OPEN
3,05:22:41,BROADSTONE,53.3547,-6.272314,27,30,OPEN
0,05:22:40,HATCH STREET,53.33403,-6.260714,36,36,OPEN
14,05:26:01,LIME STREET,53.346026,-6.243576,26,40,OPEN
40,05:25:36,CHARLEMONT PLACE,53.330662,-6.260177,0,40,OPEN
27,05:27:39,KILMAINHAM GAOL,53.342113,-6.310015,13,40,OPEN
8,05:28:06,HARDWICKE PLACE,53.357043,-6.263232,17,25,OPEN
11,05:24:20,WOLFE TONE STREET,53.348875,-6.267459,18,29,OPEN
5,05:22:31,GREEK STREET,53.346874,-6.272976,15,20,OPEN
37,05:27:24,GUILD STREET,53.347932,-6.240928,3,40,OPEN
1,05:22:37,HERBERT PLACE,53.334432,-6.245575,29,30,OPEN
14,05:26:30,HIGH STREET,53.343565,-6.275071,15,29,OPEN
29,05:22:56,NORTH CIRCULAR ROAD,53.359624,-6.260348,1,30,OPEN
12,05:31:58,WESTERN WAY,53.354929,-6.269425,28,40,OPEN
11,05:29:50,TALBOT STREET,53.350974,-6.25294,29,40,OPEN
0,05:22:34,NEWMAN HOUSE,53.337132,-6.26059,40,40,OPEN
5,05:27:16,SIR PATRICK DUN'S,53.339218,-6.240642,35,40,OPEN
1,05:22:40,NEW CENTRAL BANK,53.347122,-6.234749,39,40,OPEN
3,05:28:56,GRANGEGORMAN LOWER (CENTRAL),53.355173,-6.278424,37,40,OPEN
22,05:26:38,KING STREET NORTH,53.350291,-6.273507,8,30,OPEN
28,05:30:44,KILLARNEY STREET,53.354845,-6.247579,2,30,OPEN
0,05:22:37,HERBERT STREET,53.335742,-6.24551,40,40,OPEN
5,05:22:38,HANOVER QUAY EAST,53.343653,-6.231755,35,40,OPEN
8,05:22:34,CUSTOM HOUSE QUAY,53.347884,-6.248048,22,30,OPEN
0,05:24:24,MOLESWORTH STREET,53.341288,-6.258117,20,20,OPEN
1,05:32:28,GEORGES QUAY,53.347508,-6.252192,19,20,OPEN
11,05:31:43,KILMAINHAM LANE,53.341805,-6.305085,19,30,OPEN
4,05:22:44,MOUNT BROWN,53.341645,-6.29719,18,22,OPEN
13,05:31:26,MARKET STREET SOUTH,53.342296,-6.287661,25,38,OPEN
13,05:23:54,KEVIN STREET,53.337757,-6.267699,27,40,OPEN
11,05:22:34,ECCLES STREET EAST,53.358115,-6.265601,16,27,OPEN
2,05:22:33,GRAND CANAL DOCK,53.342638,-6.238695,38,40,OPEN
5,05:28:02,MERRION SQUARE EAST,53.339434,-6.246548,25,30,OPEN
4,05:22:46,YORK STREET WEST,53.339334,-6.264699,36,40,OPEN
0,05:22:35,ST. STEPHEN'S GREEN SOUTH,53.337494,-6.26199,30,30,OPEN
11,05:22:33,DENMARK STREET GREAT,53.35561,-6.261397,9,20,OPEN
33,05:26:21,ROYAL HOSPITAL,53.343897,-6.29706,7,40,OPEN
2,05:22:43,HEUSTON STATION (CAR PARK),53.346985,-6.297804,38,40,OPEN
19,05:30:48,GRANGEGORMAN LOWER (NORTH),53.355954,-6.278378,17,36,OPEN
7,05:22:23,ST. STEPHEN'S GREEN EAST,53.337824,-6.256035,33,40,OPEN
32,05:32:10,HEUSTON STATION (CENTRAL),53.346603,-6.296924,8,40,OPEN
4,05:22:37,TOWNSEND STREET,53.345922,-6.254614,15,20,OPEN
22,05:26:45,GEORGES LANE,53.35023,-6.279696,18,40,OPEN
19,05:31:09,PHIBSBOROUGH ROAD,53.356307,-6.273717,21,40,OPEN
18,05:31:06,ECCLES STREET,53.359246,-6.269779,2,20,OPEN
26,05:29:59,PORTOBELLO HARBOUR,53.330362,-6.265163,4,30,OPEN
29,05:26:51,MATER HOSPITAL,53.359967,-6.264828,11,40,OPEN
20,05:22:22,BLESSINGTON STREET,53.356769,-6.26814,0,20,OPEN
22,05:31:00,JAMES STREET,53.343456,-6.287409,18,40,OPEN
11,05:22:38,MOUNTJOY SQUARE EAST,53.356717,-6.256359,29,40,OPEN
5,05:22:33,MERRION SQUARE WEST,53.339764,-6.251988,15,20,OPEN
17,05:24:25,CONVENTION CENTRE,53.34744,-6.238523,23,40,OPEN
6,05:29:35,HARDWICKE STREET,53.355473,-6.264423,7,16,OPEN
30,05:31:08,PARKGATE STREET,53.347972,-6.291804,8,38,OPEN
13,05:24:55,SMITHFIELD,53.347692,-6.278214,16,30,OPEN
13,05:25:11,DAME STREET,53.344007,-6.266802,3,16,OPEN
23,05:32:20,HEUSTON BRIDGE (SOUTH),53.347106,-6.292041,2,25,OPEN
3,05:25:48,CATHAL BRUGHA STREET,53.352149,-6.260533,17,20,OPEN
34,05:23:54,SANDWITH STREET,53.345203,-6.247163,6,40,OPEN
19,05:32:10,BUCKINGHAM STREET LOWER,53.353331,-6.249319,10,29,OPEN
26,05:23:07,ROTHE ABBEY,53.338776,-6.30395,9,35,OPEN
21,05:25:11,CHARLEVILLE ROAD,53.359157,-6.281866,19,40,OPEN
6,05:32:27,PRINCES STREET / O'CONNELL STREET,53.349013,-6.260311,17,23,OPEN
24,05:22:39,UPPER SHERRARD STREET,53.358437,-6.260641,6,30,OPEN
2,05:27:15,FITZWILLIAM SQUARE EAST,53.335211,-6.2509,38,40,OPEN
4,05:26:54,GRATTAN STREET,53.339629,-6.243778,19,23,OPEN
11,05:22:39,ST JAMES HOSPITAL (LUAS),53.341359,-6.292951,29,40,OPEN
10,05:31:36,HARCOURT TERRACE,53.332763,-6.257942,10,20,OPEN
10,05:25:52,BOLTON STREET,53.351182,-6.269859,10,20,OPEN
9,05:22:29,JERVIS STREET,53.3483,-6.266651,12,21,OPEN
23,05:28:59,ORMOND QUAY UPPER,53.346057,-6.268001,6,29,OPEN
2,05:22:47,GRANGEGORMAN LOWER (SOUTH),53.354663,-6.278681,38,40,OPEN
15,05:30:35,MOUNTJOY SQUARE WEST,53.356299,-6.258586,15,30,OPEN
8,05:24:34,WILTON TERRACE,53.332383,-6.252717,12,20,OPEN
22,05:28:35,EMMET ROAD,53.340714,-6.308191,18,40,OPEN
40,05:28:49,HEUSTON BRIDGE (NORTH),53.347802,-6.292432,0,40,OPEN
3,05:30:47,LEINSTER STREET SOUTH,53.34218,-6.254485,27,30,OPEN
12,05:24:04,BLACKHALL PLACE,53.3488,-6.281637,18,30,OPEN
