available_bikes,last_update,name,position.lat,position.lng,available_bike_stands,bike_stands,status
28,01:12:44,SMITHFIELD NORTH,53.349562,-6.278198,2,30,OPEN
0,01:18:34,PARNELL SQUARE NORTH,53.3537415547453,-6.26530144781526,20,20,OPEN
4,01:14:51,CLONMEL STREET,53.336021,-6.26298,29,33,OPEN
22,01:13:07,AVONDALE ROAD,53.359405,-6.276142,13,35,OPEN
0,01:10:40,JAMES STREET EAST,53.336597,-6.248109,30,30,OPEN
1,01:18:26,MOUNT STREET LOWER,53.33796,-6.24153,39,40,OPEN
0,01:13:45,CHRISTCHURCH PLACE,53.343368,-6.27012,20,20,OPEN
11,01:12:21,GRANTHAM STREET,53.334123,-6.265436,19,30,OPEN
9,01:14:20,PEARSE STREET,53.344304,-6.250427,21,30,OPEN
8,01:14:09,YORK STREET EAST,53.338755,-6.262003,24,32,OPEN
25,01:10:03,EXCISE WALK,53.347777,-6.244239,15,40,OPEN
12,01:11:16,FITZWILLIAM SQUARE WEST,53.336074,-6.252825,18,30,OPEN
26,01:12:28,PORTOBELLO ROAD,53.330091,-6.268044,3,30,OPEN
13,01:13:06,PARNELL STREET,53.350929,-6.265125,7,20,OPEN
5,01:17:17,FREDERICK STREET SOUTH,53.341515,-6.256853,35,40,OPEN
9,01:09:45,FOWNES STREET UPPER,53.344603,-6.263371,21,30,OPEN
2,01:11:15,CLARENDON ROW,53.340927,-6.262501,29,31,OPEN
14,01:10:58,CUSTOM HOUSE,53.348279,-6.254662,16,30,OPEN
21,01:17:15,RATHDOWN ROAD,53.35893,-6.280337,19,40,OPEN
30,01:17:00,NORTH CIRCULAR ROAD (O'CONNELL'S),53.357841,-6.251557,0,30,OPEN
0,01:14:01,HANOVER QUAY,53.344115,-6.237153,40,40,OPEN
10,01:13:25,OLIVER BOND STREET,53.343893,-6.280531,20,30,OPEN
27,01:14:52,COLLINS BARRACKS MUSEUM,53.347477,-6.28525,11,38,OPEN
8,01:12:34,BROOKFIELD ROAD,53.339005,-6.300217,22,30,OPEN
2,01:14:45,BENSON STREET,53.344153,-6.233451,38,40,OPEN
0,01:18:24,EARLSFORT TERRACE,53.334295,-6.258503,30,30,OPEN
1,01:10:37,GOLDEN LANE,53.340803,-6.267732,19,20,OPEN
6,01:14:06,DEVERELL PLACE,53.351464,-6.255265,24,30,OPEN
0,01:11:41,WILTON TERRACE (PARK),53.333653,-6.248345,40,40,OPEN
10,01:15:35,JOHN STREET WEST,53.343105,-6.277167,21,31,OPEN
5,01:10:15,FENIAN STREET,53.341428,-6.24672,30,35,OPEN
17,01:12:34,MERRION SQUARE SOUTH,53.338614,-6.248606,23,40,OPEN
30,01:12:58,SOUTH DOCK ROAD,53.341833,-6.231291,0,30,OPEN
1,01:17:21,CITY QUAY,53.346637,-6.246154,29,30,OPEN
0,01:17:36,EXCHEQUER STREET,53.343034,-6.263578,24,24,OPEN
18,01:15:13,THE POINT,53.346867,-6.230852,22,40,OPEN
3,01:08:44,BROADSTONE,53.3547,-6.272314,27,30,OPEN
0,01:17:48,HATCH STREET,53.33403,-6.260714,34,36,OPEN
1,01:08:47,LIME STREET,53.346026,-6.243576,19,40,OPEN
37,01:16:28,CHARLEMONT PLACE,53.330662,-6.260177,3,40,OPEN
15,01:13:58,KILMAINHAM GAOL,53.342113,-6.310015,25,40,OPEN
6,01:16:46,HARDWICKE PLACE,53.357043,-6.263232,19,25,OPEN
24,01:12:08,WOLFE TONE STREET,53.348875,-6.267459,5,29,OPEN
14,01:17:20,FRANCIS STREET,53.342081,-6.275233,16,30,OPEN
5,01:17:46,GREEK STREET,53.346874,-6.272976,15,20,OPEN
31,01:10:22,GUILD STREET,53.347932,-6.240928,9,40,OPEN
1,01:18:32,HERBERT PLACE,53.334432,-6.245575,28,30,OPEN
4,01:13:40,HIGH STREET,53.343565,-6.275071,25,29,OPEN
24,01:15:04,NORTH CIRCULAR ROAD,53.359624,-6.260348,6,30,OPEN
17,01:10:59,WESTERN WAY,53.354929,-6.269425,23,40,OPEN
18,01:14:14,TALBOT STREET,53.350974,-6.25294,22,40,OPEN
0,01:16:11,NEWMAN HOUSE,53.337132,-6.26059,40,40,OPEN
3,01:16:58,SIR PATRICK DUN'S,53.339218,-6.240642,37,40,OPEN
6,01:10:49,NEW CENTRAL BANK,53.347122,-6.234749,34,40,OPEN
15,01:08:44,GRANGEGORMAN LOWER (CENTRAL),53.355173,-6.278424,25,40,OPEN
11,01:16:06,KING STREET NORTH,53.350291,-6.273507,19,30,OPEN
25,01:16:51,KILLARNEY STREET,53.354845,-6.247579,5,30,OPEN
0,01:18:36,HERBERT STREET,53.335742,-6.24551,40,40,OPEN
24,01:18:01,HANOVER QUAY EAST,53.343653,-6.231755,16,40,OPEN
25,01:17:58,CUSTOM HOUSE QUAY,53.347884,-6.248048,5,30,OPEN
5,01:11:24,MOLESWORTH STREET,53.341288,-6.258117,15,20,OPEN
6,01:11:14,GEORGES QUAY,53.347508,-6.252192,14,20,OPEN
14,01:15:02,KILMAINHAM LANE,53.341805,-6.305085,16,30,OPEN
7,01:18:15,MOUNT BROWN,53.341645,-6.29719,1,22,OPEN
8,01:11:02,MARKET STREET SOUTH,53.342296,-6.287661,30,38,OPEN
10,01:13:07,KEVIN STREET,53.337757,-6.267699,30,40,OPEN
3,01:09:56,ECCLES STREET EAST,53.358115,-6.265601,24,27,OPEN
5,01:11:20,GRAND CANAL DOCK,53.342638,-6.238695,35,40,OPEN
3,01:12:52,MERRION SQUARE EAST,53.339434,-6.246548,27,30,OPEN
13,01:16:37,YORK STREET WEST,53.339334,-6.264699,26,40,OPEN
1,01:09:58,ST. STEPHEN'S GREEN SOUTH,53.337494,-6.26199,29,30,OPEN
9,01:09:59,DENMARK STREET GREAT,53.35561,-6.261397,11,20,OPEN
32,01:15:58,ROYAL HOSPITAL,53.343897,-6.29706,8,40,OPEN
10,01:17:01,HEUSTON STATION (CAR PARK),53.346985,-6.297804,30,40,OPEN
21,01:12:47,GRANGEGORMAN LOWER (NORTH),53.355954,-6.278378,15,36,OPEN
2,01:17:41,ST. STEPHEN'S GREEN EAST,53.337824,-6.256035,38,40,OPEN
40,01:18:00,HEUSTON STATION (CENTRAL),53.346603,-6.296924,0,40,OPEN
6,01:09:01,TOWNSEND STREET,53.345922,-6.254614,13,20,OPEN
24,01:08:44,GEORGES LANE,53.35023,-6.279696,16,40,OPEN
10,01:11:16,PHIBSBOROUGH ROAD,53.356307,-6.273717,30,40,OPEN
10,01:11:03,ECCLES STREET,53.359246,-6.269779,10,20,OPEN
27,01:09:43,PORTOBELLO HARBOUR,53.330362,-6.265163,3,30,OPEN
4,01:12:21,MATER HOSPITAL,53.359967,-6.264828,36,40,OPEN
8,01:14:12,BLESSINGTON STREET,53.356769,-6.26814,12,20,OPEN
16,01:18:13,JAMES STREET,53.343456,-6.287409,24,40,OPEN
16,01:13:39,MOUNTJOY SQUARE EAST,53.356717,-6.256359,24,40,OPEN
0,01:08:47,MERRION SQUARE WEST,53.339764,-6.251988,20,20,OPEN
0,01:17:06,CONVENTION CENTRE,53.34744,-6.238523,40,40,OPEN
1,01:10:20,HARDWICKE STREET,53.355473,-6.264423,12,16,OPEN
38,01:11:55,PARKGATE STREET,53.347972,-6.291804,0,38,OPEN
14,01:17:30,SMITHFIELD,53.347692,-6.278214,15,30,OPEN
4,01:10:55,DAME STREET,53.344007,-6.266802,12,16,OPEN
24,01:18:03,HEUSTON BRIDGE (SOUTH),53.347106,-6.292041,1,25,OPEN
12,01:14:46,CATHAL BRUGHA STREET,53.352149,-6.260533,8,20,OPEN
17,01:12:12,SANDWITH STREET,53.345203,-6.247163,23,40,OPEN
20,01:11:48,BUCKINGHAM STREET LOWER,53.353331,-6.249319,9,29,OPEN
30,01:11:40,ROTHE ABBEY,53.338776,-6.30395,5,35,OPEN
24,01:16:36,CHARLEVILLE ROAD,53.359157,-6.281866,16,40,OPEN
11,01:08:50,PRINCES STREET / O'CONNELL STREET,53.349013,-6.260311,12,23,OPEN
28,01:11:09,UPPER SHERRARD STREET,53.358437,-6.260641,2,30,OPEN
1,01:10:34,FITZWILLIAM SQUARE EAST,53.335211,-6.2509,39,40,OPEN
12,01:11:40,GRATTAN STREET,53.339629,-6.243778,11,23,OPEN
6,01:14:46,ST JAMES HOSPITAL (LUAS),53.341359,-6.292951,34,40,OPEN
14,01:13:28,HARCOURT TERRACE,53.332763,-6.257942,6,20,OPEN
15,01:10:26,BOLTON STREET,53.351182,-6.269859,5,20,OPEN
8,01:10:14,JERVIS STREET,53.3483,-6.266651,13,21,OPEN
8,01:08:45,ORMOND QUAY UPPER,53.346057,-6.268001,21,29,OPEN
2,01:16:44,GRANGEGORMAN LOWER (SOUTH),53.354663,-6.278681,38,40,OPEN
14,01:14:46,MOUNTJOY SQUARE WEST,53.356299,-6.258586,16,30,OPEN
1,01:12:30,WILTON TERRACE,53.332383,-6.252717,19,20,OPEN
30,01:15:00,EMMET ROAD,53.340714,-6.308191,10,40,OPEN
40,01:12:33,HEUSTON BRIDGE (NORTH),53.347802,-6.292432,0,40,OPEN
1,01:15:55,LEINSTER STREET SOUTH,53.34218,-6.254485,29,30,OPEN
11,01:16:14,BLACKHALL PLACE,53.3488,-6.281637,19,30,OPEN
