available_bikes,last_update,name,position.lat,position.lng,available_bike_stands,bike_stands,status
0,18:16:57,SMITHFIELD NORTH,53.349562,-6.278198,30,30,OPEN
1,18:17:54,PARNELL SQUARE NORTH,53.3537415547453,-6.26530144781526,19,20,OPEN
17,18:15:36,CLONMEL STREET,53.336021,-6.26298,15,33,OPEN
4,18:14:40,AVONDALE ROAD,53.359405,-6.276142,31,35,OPEN
8,18:15:59,JAMES STREET EAST,53.336597,-6.248109,22,30,OPEN
6,18:16:54,MOUNT STREET LOWER,53.33796,-6.24153,34,40,OPEN
6,18:13:41,CHRISTCHURCH PLACE,53.343368,-6.27012,14,20,OPEN
1,18:19:12,GRANTHAM STREET,53.334123,-6.265436,29,30,OPEN
26,18:16:34,PEARSE STREET,53.344304,-6.250427,4,30,OPEN
32,18:12:12,YORK STREET EAST,53.338755,-6.262003,0,32,OPEN
0,18:17:47,EXCISE WALK,53.347777,-6.244239,40,40,OPEN
8,18:14:29,FITZWILLIAM SQUARE WEST,53.336074,-6.252825,22,30,OPEN
0,18:20:24,PORTOBELLO ROAD,53.330091,-6.268044,30,30,OPEN
0,18:15:32,PARNELL STREET,53.350929,-6.265125,0,20,OPEN
39,18:14:29,FREDERICK STREET SOUTH,53.341515,-6.256853,1,40,OPEN
30,18:16:38,FOWNES STREET UPPER,53.344603,-6.263371,0,30,OPEN
9,18:20:50,CLARENDON ROW,53.340927,-6.262501,22,31,OPEN
29,18:15:21,CUSTOM HOUSE,53.348279,-6.254662,1,30,OPEN
3,18:15:36,RATHDOWN ROAD,53.35893,-6.280337,37,40,OPEN
9,18:14:40,NORTH CIRCULAR ROAD (O'CONNELL'S),53.357841,-6.251557,21,30,OPEN
23,18:20:38,HANOVER QUAY,53.344115,-6.237153,17,40,OPEN
6,18:14:43,OLIVER BOND STREET,53.343893,-6.280531,24,30,OPEN
9,18:15:46,COLLINS BARRACKS MUSEUM,53.347477,-6.28525,29,38,OPEN
21,18:15:49,BROOKFIELD ROAD,53.339005,-6.300217,9,30,OPEN
4,18:19:57,BENSON STREET,53.344153,-6.233451,36,40,OPEN
4,18:12:22,EARLSFORT TERRACE,53.334295,-6.258503,26,30,OPEN
0,18:19:10,GOLDEN LANE,53.340803,-6.267732,20,20,OPEN
28,18:18:57,DEVERELL PLACE,53.351464,-6.255265,2,30,OPEN
7,18:15:39,WILTON TERRACE (PARK),53.333653,-6.248345,33,40,OPEN
12,18:16:27,JOHN STREET WEST,53.343105,-6.277167,19,31,OPEN
6,18:14:25,FENIAN STREET,53.341428,-6.24672,29,35,OPEN
14,18:13:03,MERRION SQUARE SOUTH,53.338614,-6.248606,26,40,OPEN
4,18:20:09,SOUTH DOCK ROAD,53.341833,-6.231291,26,30,OPEN
7,18:14:05,CITY QUAY,53.346637,-6.246154,23,30,OPEN
20,18:20:27,EXCHEQUER STREET,53.343034,-6.263578,4,24,OPEN
0,18:14:00,THE POINT,53.346867,-6.230852,40,40,OPEN
1,18:18:43,BROADSTONE,53.3547,-6.272314,29,30,OPEN
7,18:15:50,HATCH STREET,53.33403,-6.260714,29,36,OPEN
6,18:15:00,LIME STREET,53.346026,-6.243576,34,40,OPEN
0,18:18:24,CHARLEMONT PLACE,53.330662,-6.260177,40,40,OPEN
18,18:20:18,KILMAINHAM GAOL,53.342113,-6.310015,22,40,OPEN
8,18:17:59,HARDWICKE PLACE,53.357043,-6.263232,17,25,OPEN
28,18:17:57,WOLFE TONE STREET,53.348875,-6.267459,0,29,OPEN
1,18:13:48,FRANCIS STREET,53.342081,-6.275233,29,30,OPEN
8,18:17:42,GREEK STREET,53.346874,-6.272976,12,20,OPEN
3,18:19:41,GUILD STREET,53.347932,-6.240928,37,40,OPEN
3,18:16:37,HERBERT PLACE,53.334432,-6.245575,27,30,OPEN
9,18:13:35,HIGH STREET,53.343565,-6.275071,20,29,OPEN
2,18:19:49,NORTH CIRCULAR ROAD,53.359624,-6.260348,28,30,OPEN
4,18:12:24,WESTERN WAY,53.354929,-6.269425,36,40,OPEN
21,18:16:30,TALBOT STREET,53.350974,-6.25294,18,40,OPEN
3,18:12:49,NEWMAN HOUSE,53.337132,-6.26059,37,40,OPEN
7,18:15:14,SIR PATRICK DUN'S,53.339218,-6.240642,33,40,OPEN
5,18:15:03,NEW CENTRAL BANK,53.347122,-6.234749,35,40,OPEN
8,18:15:02,GRANGEGORMAN LOWER (CENTRAL),53.355173,-6.278424,32,40,OPEN
2,18:11:36,KING STREET NORTH,53.350291,-6.273507,28,30,OPEN
23,18:18:10,KILLARNEY STREET,53.354845,-6.247579,7,30,OPEN
1,18:13:04,HERBERT STREET,53.335742,-6.24551,39,40,OPEN
2,18:16:13,HANOVER QUAY EAST,53.343653,-6.231755,38,40,OPEN
26,18:15:18,CUSTOM HOUSE QUAY,53.347884,-6.248048,4,30,OPEN
12,18:18:53,MOLESWORTH STREET,53.341288,-6.258117,8,20,OPEN
20,18:11:18,GEORGES QUAY,53.347508,-6.252192,0,20,OPEN
16,18:16:48,KILMAINHAM LANE,53.341805,-6.305085,14,30,OPEN
16,18:13:25,MOUNT BROWN,53.341645,-6.29719,6,22,OPEN
20,18:20:10,MARKET STREET SOUTH,53.342296,-6.287661,18,38,OPEN
11,18:16:04,KEVIN STREET,53.337757,-6.267699,29,40,OPEN
0,18:15:06,ECCLES STREET EAST,53.358115,-6.265601,27,27,OPEN
19,18:20:46,GRAND CANAL DOCK,53.342638,-6.238695,21,40,OPEN
7,18:16:38,MERRION SQUARE EAST,53.339434,-6.246548,23,30,OPEN
18,18:12:17,YORK STREET WEST,53.339334,-6.264699,22,40,OPEN
8,18:20:51,ST. STEPHEN'S GREEN SOUTH,53.337494,-6.26199,22,30,OPEN
1,18:15:39,DENMARK STREET GREAT,53.35561,-6.261397,19,20,OPEN
22,18:17:33,ROYAL HOSPITAL,53.343897,-6.29706,18,40,OPEN
19,18:15:07,HEUSTON STATION (CAR PARK),53.346985,-6.297804,21,40,OPEN
1,18:16:24,GRANGEGORMAN LOWER (NORTH),53.355954,-6.278378,35,36,OPEN
15,18:17:29,ST. STEPHEN'S GREEN EAST,53.337824,-6.256035,25,40,OPEN
34,18:14:10,HEUSTON STATION (CENTRAL),53.346603,-6.296924,6,40,OPEN
15,18:15:35,TOWNSEND STREET,53.345922,-6.254614,5,20,OPEN
1,18:17:58,GEORGES LANE,53.35023,-6.279696,39,40,OPEN
9,18:15:42,PHIBSBOROUGH ROAD,53.356307,-6.273717,31,40,OPEN
1,18:13:41,ECCLES STREET,53.359246,-6.269779,19,20,OPEN
0,18:17:17,PORTOBELLO HARBOUR,53.330362,-6.265163,30,30,OPEN
14,18:14:24,MATER HOSPITAL,53.359967,-6.264828,26,40,OPEN
0,18:15:00,BLESSINGTON STREET,53.356769,-6.26814,20,20,OPEN
37,18:17:03,JAMES STREET,53.343456,-6.287409,3,40,OPEN
1,18:12:48,MOUNTJOY SQUARE EAST,53.356717,-6.256359,39,40,OPEN
18,18:16:10,MERRION SQUARE WEST,53.339764,-6.251988,2,20,OPEN
6,18:17:20,CONVENTION CENTRE,53.34744,-6.238523,34,40,OPEN
1,18:15:20,HARDWICKE STREET,53.355473,-6.264423,15,16,OPEN
32,18:19:59,PARKGATE STREET,53.347972,-6.291804,5,38,OPEN
6,18:19:27,SMITHFIELD,53.347692,-6.278214,24,30,OPEN
16,18:17:12,DAME STREET,53.344007,-6.266802,0,16,OPEN
16,18:19:06,HEUSTON BRIDGE (SOUTH),53.347106,-6.292041,9,25,OPEN
14,18:20:31,CATHAL BRUGHA STREET,53.352149,-6.260533,6,20,OPEN
3,18:14:56,SANDWITH STREET,53.345203,-6.247163,37,40,OPEN
23,18:19:35,BUCKINGHAM STREET LOWER,53.353331,-6.249319,6,29,OPEN
22,18:16:50,ROTHE ABBEY,53.338776,-6.30395,13,35,OPEN
3,18:15:19,CHARLEVILLE ROAD,53.359157,-6.281866,37,40,OPEN
23,18:17:05,PRINCES STREET / O'CONNELL STREET,53.349013,-6.260311,0,23,OPEN
1,18:14:55,UPPER SHERRARD STREET,53.358437,-6.260641,29,30,OPEN
0,18:15:16,FITZWILLIAM SQUARE EAST,53.335211,-6.2509,40,40,OPEN
2,18:13:54,GRATTAN STREET,53.339629,-6.243778,21,23,OPEN
26,18:20:37,ST JAMES HOSPITAL (LUAS),53.341359,-6.292951,14,40,OPEN
5,18:12:26,HARCOURT TERRACE,53.332763,-6.257942,15,20,OPEN
6,18:20:31,BOLTON STREET,53.351182,-6.269859,14,20,OPEN
21,18:19:33,JERVIS STREET,53.3483,-6.266651,0,21,OPEN
28,18:16:39,ORMOND QUAY UPPER,53.346057,-6.268001,1,29,OPEN
5,18:17:32,GRANGEGORMAN LOWER (SOUTH),53.354663,-6.278681,35,40,OPEN
4,18:17:01,MOUNTJOY SQUARE WEST,53.356299,-6.258586,26,30,OPEN
1,18:16:08,WILTON TERRACE,53.332383,-6.252717,18,20,OPEN
27,18:19:33,EMMET ROAD,53.340714,-6.308191,13,40,OPEN
40,18:14:02,HEUSTON BRIDGE (NORTH),53.347802,-6.292432,0,40,OPEN
25,18:13:13,LEINSTER STREET SOUTH,53.34218,-6.254485,5,30,OPEN
19,18:20:20,BLACKHALL PLACE,53.3488,-6.281637,11,30,OPEN
