available_bikes,last_update,name,position.lat,position.lng,available_bike_stands,bike_stands,status
10,04:02:57,LIDL BEŽIGRAD,46.063797,14.506854,10,20,OPEN
3,04:03:54,ŠMARTINSKI PARK,46.065206,14.529911,17,20,OPEN
11,04:03:54,SAVSKO NASELJE 1-ŠMARTINSKA CESTA,46.062475,14.524321,9,20,OPEN
12,04:02:54,ČRNUČE,46.102446,14.530213,8,20,OPEN
18,04:03:01,VILHARJEVA CESTA,46.06005,14.51302,2,20,OPEN
2,04:05:13,MASARYKOVA DDC,46.05763,14.514264,16,18,OPEN
0,04:02:56,POGAČARJEV TRG-TRŽNICA,46.051093,14.507186,18,18,OPEN
1,04:01:57,CANKARJEVA UL.-NAMA,46.052431,14.503257,24,26,OPEN
18,04:02:54,ANTONOV TRG,46.041753,14.477016,2,20,OPEN
19,04:01:54,PRUŠNIKOVA,46.090608,14.471637,1,20,OPEN
9,04:01:55,TEHNOLOŠKI PARK,46.04843,14.461086,11,20,OPEN
5,04:04:03,KOSEŠKI BAJER,46.068443,14.470913,15,20,OPEN
0,04:02:20,TIVOLI,46.05952,14.4982,20,20,OPEN
20,04:01:54,TRŽNICA MOSTE,46.055801,14.534156,0,21,OPEN
0,04:03:56,GRUDNOVO NABREŽJE-KARLOVŠKA C.,46.045748,14.506196,18,18,OPEN
10,04:03:55,LIDL-LITIJSKA CESTA,46.047689,14.547416,10,20,OPEN
2,04:01:52,ŠPORTNI CENTER STOŽICE,46.08259,14.52016,24,26,OPEN
9,04:01:56,ŠPICA,46.040213,14.512044,9,18,OPEN
6,04:02:53,ROŠKA - STRELIŠKA,46.045,14.51846,14,20,OPEN
0,04:02:56,BAVARSKI DVOR,46.05682,14.50551,20,20,OPEN
1,04:02:56,STARA CERKEV,46.06342,14.494588,13,14,OPEN
15,04:01:53,SITULA,46.059433,14.52051,5,20,OPEN
1,04:02:58,ILIRSKA ULICA,46.053144,14.513479,17,18,OPEN
10,04:03:54,LIDL - RUDNIK,46.020012,14.532479,10,20,OPEN
3,04:02:25,KOPALIŠČE KOLEZIJA,46.042867,14.495239,17,20,OPEN
15,04:02:54,POVŠETOVA - KAJUHOVA,46.051512,14.539272,5,20,OPEN
12,04:03:01,DUNAJSKA C.-PS MERCATOR,46.074193,14.511134,5,18,OPEN
2,04:01:53,CITYPARK,46.068805,14.546257,18,20,OPEN
1,04:02:55,KOPRSKA ULICA,46.033408,14.482468,7,8,OPEN
10,04:05:46,LIDL - VOJKOVA CESTA,46.07589,14.52011,10,20,OPEN
15,04:01:55,POLJANSKA-POTOČNIKOVA,46.048982,14.522709,5,20,OPEN
13,04:03:54,POVŠETOVA-GRABLOVIČEVA,46.051863,14.530349,6,19,OPEN
16,04:03:53,PARK NAVJE-ŽELEZNA CESTA,46.06361,14.51315,3,20,OPEN
10,04:02:54,ZALOG,46.06043,14.613797,10,20,OPEN
2,04:02:53,CESTA NA ROŽNIK,46.053241,14.486206,18,20,OPEN
13,04:03:56,HOFER-KAJUHOVA,46.056405,14.540901,7,20,OPEN
1,04:03:55,DUNAJSKA C.-PS PETROL,46.065136,14.509112,19,20,OPEN
20,04:03:51,STUDENEC,46.054615,14.576031,0,20,OPEN
2,04:02:56,PARKIRIŠČE NUK 2-FF,46.046377,14.501256,18,20,OPEN
20,04:03:55,BRATOVŠEVA PLOŠČAD,46.08929,14.513751,0,20,OPEN
0,04:03:54,KONGRESNI TRG-ŠUBIČEVA ULICA,46.050388,14.504623,20,20,OPEN
12,04:01:55,BS4-STOŽICE,46.086761,14.514151,8,20,OPEN
8,04:03:55,GERBIČEVA - ŠPORTNI PARK SVOBODA,46.039384,14.485458,12,20,OPEN
1,04:01:54,ŽIVALSKI VRT,46.052454,14.472149,19,20,OPEN
15,04:01:54,VOKA - SLOVENČEVA,46.075207,14.504734,5,20,OPEN
1,04:02:52,BTC CITY/DVORANA A,46.065297,14.543996,19,20,OPEN
4,04:01:52,TRNOVO,46.03784,14.50001,16,20,OPEN
14,04:02:53,P+R BARJE,46.02749,14.49958,6,20,OPEN
2,04:04:00,ROŽNA DOLINA-ŠKRABČEVA UL.,46.051439,14.49273,16,18,OPEN
20,04:03:58,KINO ŠIŠKA,46.06928,14.48971,5,26,OPEN
16,04:03:55,ZALOŠKA C.-GRABLOVIČEVA C.,46.05441,14.52978,0,16,OPEN
16,04:01:53,BRODARJEV TRG,46.054398,14.553319,4,20,OPEN
15,04:01:55,DOLENJSKA C. - STRELIŠČE,46.038866,14.517605,5,20,OPEN
19,04:02:53,ŠTEPANJSKO NASELJE 1-JAKČEVA ULICA,46.053047,14.545125,0,19,OPEN
5,04:03:52,SOSESKA NOVO BRDO,46.045617,14.462281,15,20,OPEN
18,04:01:53,TRŽNICA KOSEZE,46.074315,14.475483,0,18,OPEN
19,04:02:54,ALEJA - CELOVŠKA CESTA,46.077302,14.482581,1,20,OPEN
3,04:04:56,MERCATOR CENTER ŠIŠKA,46.087079,14.475439,19,22,OPEN
17,04:01:56,GH ŠENTPETER-NJEGOŠEVA C.,46.05257,14.51928,7,24,OPEN
20,04:03:53,HOFER - POLJE,46.053718,14.589284,0,20,OPEN
1,04:02:55,VIŠKO POLJE,46.046189,14.469037,19,20,OPEN
11,04:01:53,BONIFACIJA,46.039641,14.472664,10,21,OPEN
16,04:03:52,P + R DOLGI MOST,46.037003,14.465229,4,20,OPEN
9,04:01:56,DRAVLJE,46.07984,14.479952,11,20,OPEN
10,04:01:57,POLJE,46.05722,14.583537,10,20,OPEN
0,04:03:19,SUPERNOVA LJUBLJANA - RUDNIK,46.021586,14.536745,20,20,OPEN
4,04:02:53,SREDNJA FRIZERSKA ŠOLA,46.080522,14.491439,16,20,OPEN
5,04:05:03,TRG OF-KOLODVORSKA UL.,46.057421,14.510265,21,26,OPEN
0,04:01:55,TRG MDB,46.047565,14.495687,20,20,OPEN
9,04:03:55,TRŽAŠKA C.-ILIRIJA,46.044629,14.486699,11,20,OPEN
0,04:01:54,PREŠERNOV TRG-PETKOVŠKOVO NABREŽJE,46.051367,14.506542,20,20,OPEN
9,04:03:52,MERCATOR MARKET - CELOVŠKA C. 163,46.073264,14.485942,10,20,OPEN
11,04:02:57,SAVSKO NASELJE 2-LINHARTOVA CESTA,46.064546,14.518013,9,20,OPEN
1,04:02:56,BREG,46.046498,14.505148,18,20,OPEN
6,04:03:52,BTC CITY ATLANTIS,46.063081,14.547851,14,20,OPEN
3,04:03:53,IKEA,46.065175,14.539537,17,20,OPEN
0,04:01:55,MIKLOŠIČEV PARK,46.054168,14.50706,18,18,OPEN
10,04:02:56,BARJANSKA C.-CENTER STAREJŠIH TRNOVO,46.04081,14.49951,10,20,OPEN
2,04:03:53,LEK - VEROVŠKOVA,46.076856,14.500222,18,20,OPEN
13,04:04:11,AMBROŽEV TRG,46.049877,14.516308,5,18,OPEN
3,04:02:54,VOJKOVA - GASILSKA BRIGADA,46.068727,14.516858,17,20,OPEN
5,04:01:54,RAKOVNIK,46.036284,14.522948,15,20,OPEN
20,04:02:54,PREGLOV TRG,46.054554,14.55908,0,20,OPEN
14,04:01:56,PLEČNIKOV STADION,46.06942,14.51052,4,18,OPEN
