available_bikes,last_update,name,position.lat,position.lng,available_bike_stands,bike_stands,status
29,02:40:58,SMITHFIELD NORTH,53.349562,-6.278198,1,30,OPEN
5,02:47:05,PARNELL SQUARE NORTH,53.3537415547453,-6.26530144781526,15,20,OPEN
11,02:48:06,CLONMEL STREET,53.336021,-6.26298,22,33,OPEN
9,02:40:52,AVONDALE ROAD,53.359405,-6.276142,26,35,OPEN
3,02:40:49,JAMES STREET EAST,53.336597,-6.248109,27,30,OPEN
4,02:39:29,MOUNT STREET LOWER,53.33796,-6.24153,36,40,OPEN
6,02:40:53,CHRISTCHURCH PLACE,53.343368,-6.27012,14,20,OPEN
14,02:45:28,GRANTHAM STREET,53.334123,-6.265436,16,30,OPEN
14,02:46:34,PEARSE STREET,53.344304,-6.250427,16,30,OPEN
20,02:38:42,YORK STREET EAST,53.338755,-6.262003,12,32,OPEN
14,02:39:28,EXCISE WALK,53.347777,-6.244239,26,40,OPEN
7,02:40:48,FITZWILLIAM SQUARE WEST,53.336074,-6.252825,23,30,OPEN
16,02:40:51,PORTOBELLO ROAD,53.330091,-6.268044,14,30,OPEN
9,02:40:52,PARNELL STREET,53.350929,-6.265125,11,20,OPEN
10,02:44:36,FREDERICK STREET SOUTH,53.341515,-6.256853,30,40,OPEN
24,02:40:53,FOWNES STREET UPPER,53.344603,-6.263371,6,30,OPEN
8,02:46:58,CLARENDON ROW,53.340927,-6.262501,23,31,OPEN
16,02:45:06,CUSTOM HOUSE,53.348279,-6.254662,14,30,OPEN
18,02:40:44,RATHDOWN ROAD,53.35893,-6.280337,22,40,OPEN
19,02:40:51,NORTH CIRCULAR ROAD (O'CONNELL'S),53.357841,-6.251557,11,30,OPEN
0,02:40:48,HANOVER QUAY,53.344115,-6.237153,40,40,OPEN
5,02:40:52,OLIVER BOND STREET,53.343893,-6.280531,25,30,OPEN
8,02:41:50,COLLINS BARRACKS MUSEUM,53.347477,-6.28525,30,38,OPEN
22,02:41:33,BROOKFIELD ROAD,53.339005,-6.300217,8,30,OPEN
0,02:40:54,BENSON STREET,53.344153,-6.233451,40,40,OPEN
22,02:43:45,EARLSFORT TERRACE,53.334295,-6.258503,8,30,OPEN
7,02:40:50,GOLDEN LANE,53.340803,-6.267732,13,20,OPEN
8,02:44:47,DEVERELL PLACE,53.351464,-6.255265,22,30,OPEN
5,02:40:49,WILTON TERRACE (PARK),53.333653,-6.248345,35,40,OPEN
15,02:40:48,JOHN STREET WEST,53.343105,-6.277167,16,31,OPEN
16,02:40:53,FENIAN STREET,53.341428,-6.24672,19,35,OPEN
4,02:40:56,MERRION SQUARE SOUTH,53.338614,-6.248606,36,40,OPEN
25,02:40:54,SOUTH DOCK ROAD,53.341833,-6.231291,5,30,OPEN
2,02:40:53,CITY QUAY,53.346637,-6.246154,28,30,OPEN
2,02:40:54,EXCHEQUER STREET,53.343034,-6.263578,22,24,OPEN
13,02:40:49,THE POINT,53.346867,-6.230852,27,40,OPEN
4,02:40:54,BROADSTONE,53.3547,-6.272314,26,30,OPEN
4,02:40:51,HATCH STREET,53.33403,-6.260714,30,36,OPEN
14,02:44:41,LIME STREET,53.346026,-6.243576,6,40,OPEN
10,02:44:45,CHARLEMONT PLACE,53.330662,-6.260177,30,40,OPEN
26,02:40:51,KILMAINHAM GAOL,53.342113,-6.310015,14,40,OPEN
4,02:40:52,HARDWICKE PLACE,53.357043,-6.263232,21,25,OPEN
12,02:42:59,WOLFE TONE STREET,53.348875,-6.267459,17,29,OPEN
16,02:39:20,FRANCIS STREET,53.342081,-6.275233,14,30,OPEN
10,02:40:52,GREEK STREET,53.346874,-6.272976,10,20,OPEN
13,02:40:51,GUILD STREET,53.347932,-6.240928,27,40,OPEN
2,02:40:50,HERBERT PLACE,53.334432,-6.245575,28,30,OPEN
17,02:46:06,HIGH STREET,53.343565,-6.275071,12,29,OPEN
30,02:40:13,NORTH CIRCULAR ROAD,53.359624,-6.260348,0,30,OPEN
14,02:40:52,WESTERN WAY,53.354929,-6.269425,26,40,OPEN
30,02:42:38,TALBOT STREET,53.350974,-6.25294,10,40,OPEN
11,02:40:51,NEWMAN HOUSE,53.337132,-6.26059,29,40,OPEN
17,02:40:47,SIR PATRICK DUN'S,53.339218,-6.240642,23,40,OPEN
2,02:40:53,NEW CENTRAL BANK,53.347122,-6.234749,38,40,OPEN
11,02:40:57,GRANGEGORMAN LOWER (CENTRAL),53.355173,-6.278424,29,40,OPEN
17,02:40:52,KING STREET NORTH,53.350291,-6.273507,13,30,OPEN
24,02:42:07,KILLARNEY STREET,53.354845,-6.247579,6,30,OPEN
2,02:41:12,HERBERT STREET,53.335742,-6.24551,38,40,OPEN
0,02:40:52,HANOVER QUAY EAST,53.343653,-6.231755,40,40,OPEN
12,02:46:04,CUSTOM HOUSE QUAY,53.347884,-6.248048,18,30,OPEN
12,02:40:51,MOLESWORTH STREET,53.341288,-6.258117,8,20,OPEN
12,02:42:36,GEORGES QUAY,53.347508,-6.252192,8,20,OPEN
5,02:40:47,KILMAINHAM LANE,53.341805,-6.305085,25,30,OPEN
6,02:40:52,MOUNT BROWN,53.341645,-6.29719,2,22,OPEN
10,02:40:54,MARKET STREET SOUTH,53.342296,-6.287661,28,38,OPEN
5,02:43:55,KEVIN STREET,53.337757,-6.267699,35,40,OPEN
4,02:40:51,ECCLES STREET EAST,53.358115,-6.265601,23,27,OPEN
11,02:43:09,GRAND CANAL DOCK,53.342638,-6.238695,29,40,OPEN
7,02:40:52,MERRION SQUARE EAST,53.339434,-6.246548,23,30,OPEN
10,02:40:53,YORK STREET WEST,53.339334,-6.264699,30,40,OPEN
3,02:40:54,ST. STEPHEN'S GREEN SOUTH,53.337494,-6.26199,27,30,OPEN
9,02:44:57,DENMARK STREET GREAT,53.35561,-6.261397,11,20,OPEN
23,02:40:52,ROYAL HOSPITAL,53.343897,-6.29706,17,40,OPEN
5,02:40:59,HEUSTON STATION (CAR PARK),53.346985,-6.297804,35,40,OPEN
20,02:43:07,GRANGEGORMAN LOWER (NORTH),53.355954,-6.278378,16,36,OPEN
0,02:40:51,ST. STEPHEN'S GREEN EAST,53.337824,-6.256035,40,40,OPEN
35,02:47:07,HEUSTON STATION (CENTRAL),53.346603,-6.296924,5,40,OPEN
0,02:40:50,TOWNSEND STREET,53.345922,-6.254614,19,20,OPEN
11,02:44:49,GEORGES LANE,53.35023,-6.279696,29,40,OPEN
11,02:40:52,PHIBSBOROUGH ROAD,53.356307,-6.273717,29,40,OPEN
20,02:42:21,ECCLES STREET,53.359246,-6.269779,0,20,OPEN
29,02:40:49,PORTOBELLO HARBOUR,53.330362,-6.265163,1,30,OPEN
4,02:40:51,MATER HOSPITAL,53.359967,-6.264828,36,40,OPEN
11,02:40:54,BLESSINGTON STREET,53.356769,-6.26814,9,20,OPEN
9,02:40:50,JAMES STREET,53.343456,-6.287409,31,40,OPEN
5,02:40:55,MOUNTJOY SQUARE EAST,53.356717,-6.256359,35,40,OPEN
5,02:40:51,MERRION SQUARE WEST,53.339764,-6.251988,15,20,OPEN
15,02:40:53,CONVENTION CENTRE,53.34744,-6.238523,25,40,OPEN
2,02:40:53,HARDWICKE STREET,53.355473,-6.264423,11,16,OPEN
25,02:47:20,PARKGATE STREET,53.347972,-6.291804,13,38,OPEN
29,02:44:18,SMITHFIELD,53.347692,-6.278214,0,30,OPEN
10,02:40:49,DAME STREET,53.344007,-6.266802,6,16,OPEN
24,02:40:51,HEUSTON BRIDGE (SOUTH),53.347106,-6.292041,1,25,OPEN
3,02:40:53,CATHAL BRUGHA STREET,53.352149,-6.260533,17,20,OPEN
12,02:40:55,SANDWITH STREET,53.345203,-6.247163,28,40,OPEN
13,02:40:12,BUCKINGHAM STREET LOWER,53.353331,-6.249319,16,29,OPEN
22,02:40:50,ROTHE ABBEY,53.338776,-6.30395,13,35,OPEN
20,02:48:31,CHARLEVILLE ROAD,53.359157,-6.281866,20,40,OPEN
11,02:40:37,PRINCES STREET / O'CONNELL STREET,53.349013,-6.260311,12,23,OPEN
23,02:48:00,UPPER SHERRARD STREET,53.358437,-6.260641,7,30,OPEN
8,02:39:26,FITZWILLIAM SQUARE EAST,53.335211,-6.2509,32,40,OPEN
6,02:41:23,GRATTAN STREET,53.339629,-6.243778,17,23,OPEN
13,02:40:48,ST JAMES HOSPITAL (LUAS),53.341359,-6.292951,27,40,OPEN
9,02:40:51,HARCOURT TERRACE,53.332763,-6.257942,11,20,OPEN
5,02:40:49,BOLTON STREET,53.351182,-6.269859,15,20,OPEN
0,02:40:52,JERVIS STREET,53.3483,-6.266651,21,21,OPEN
8,02:40:52,ORMOND QUAY UPPER,53.346057,-6.268001,21,29,OPEN
0,02:40:54,GRANGEGORMAN LOWER (SOUTH),53.354663,-6.278681,40,40,OPEN
22,02:43:40,MOUNTJOY SQUARE WEST,53.356299,-6.258586,8,30,OPEN
4,02:40:49,WILTON TERRACE,53.332383,-6.252717,16,20,OPEN
21,02:40:50,EMMET ROAD,53.340714,-6.308191,19,40,OPEN
40,02:42:39,HEUSTON BRIDGE (NORTH),53.347802,-6.292432,0,40,OPEN
1,02:40:49,LEINSTER STREET SOUTH,53.34218,-6.254485,29,30,OPEN
10,02:46:57,BLACKHALL PLACE,53.3488,-6.281637,20,30,OPEN
