available_bikes,last_update,name,position.lat,position.lng,available_bike_stands,bike_stands,status
24,08:41:28,SMITHFIELD NORTH,53.349562,-6.278198,5,30,OPEN
4,08:38:16,PARNELL SQUARE NORTH,53.3537415547453,-6.26530144781526,16,20,OPEN
9,08:37:59,CLONMEL STREET,53.336021,-6.26298,23,33,OPEN
17,08:42:51,AVONDALE ROAD,53.359405,-6.276142,18,35,OPEN
5,08:44:02,JAMES STREET EAST,53.336597,-6.248109,25,30,OPEN
4,08:45:13,MOUNT STREET LOWER,53.33796,-6.24153,35,40,OPEN
1,08:46:25,CHRISTCHURCH PLACE,53.343368,-6.27012,19,20,OPEN
8,08:45:09,GRANTHAM STREET,53.334123,-6.265436,22,30,OPEN
12,08:44:49,PEARSE STREET,53.344304,-6.250427,17,30,OPEN
14,08:46:35,YORK STREET EAST,53.338755,-6.262003,18,32,OPEN
16,08:46:33,EXCISE WALK,53.347777,-6.244239,23,40,OPEN
3,08:42:43,FITZWILLIAM SQUARE WEST,53.336074,-6.252825,27,30,OPEN
14,08:46:51,PORTOBELLO ROAD,53.330091,-6.268044,16,30,OPEN
0,08:43:30,PARNELL STREET,53.350929,-6.265125,20,20,OPEN
11,08:39:08,FREDERICK STREET SOUTH,53.341515,-6.256853,28,40,OPEN
4,08:42:04,FOWNES STREET UPPER,53.344603,-6.263371,26,30,OPEN
6,08:38:57,CLARENDON ROW,53.340927,-6.262501,25,31,OPEN
10,08:44:54,CUSTOM HOUSE,53.348279,-6.254662,20,30,OPEN
4,08:41:07,RATHDOWN ROAD,53.35893,-6.280337,36,40,OPEN
25,08:46:13,NORTH CIRCULAR ROAD (O'CONNELL'S),53.357841,-6.251557,5,30,OPEN
12,08:46:40,HANOVER QUAY,53.344115,-6.237153,28,40,OPEN
6,08:42:15,OLIVER BOND STREET,53.343893,-6.280531,24,30,OPEN
23,08:42:43,COLLINS BARRACKS MUSEUM,53.347477,-6.28525,15,38,OPEN
14,08:37:22,BROOKFIELD ROAD,53.339005,-6.300217,16,30,OPEN
31,08:44:58,BENSON STREET,53.344153,-6.233451,9,40,OPEN
5,08:45:57,EARLSFORT TERRACE,53.334295,-6.258503,24,30,OPEN
2,08:39:07,GOLDEN LANE,53.340803,-6.267732,18,20,OPEN
9,08:38:22,DEVERELL PLACE,53.351464,-6.255265,21,30,OPEN
35,08:45:42,WILTON TERRACE (PARK),53.333653,-6.248345,5,40,OPEN
4,08:45:05,JOHN STREET WEST,53.343105,-6.277167,27,31,OPEN
19,08:43:01,FENIAN STREET,53.341428,-6.24672,14,35,OPEN
2,08:46:06,MERRION SQUARE SOUTH,53.338614,-6.248606,37,40,OPEN
26,08:42:55,SOUTH DOCK ROAD,53.341833,-6.231291,4,30,OPEN
2,08:42:14,CITY QUAY,53.346637,-6.246154,28,30,OPEN
13,08:42:17,EXCHEQUER STREET,53.343034,-6.263578,11,24,OPEN
0,08:41:50,THE POINT,53.346867,-6.230852,0,40,OPEN
5,08:46:13,BROADSTONE,53.3547,-6.272314,25,30,OPEN
5,08:46:26,HATCH STREET,53.33403,-6.260714,31,36,OPEN
17,08:46:09,LIME STREET,53.346026,-6.243576,22,40,OPEN
22,08:44:46,CHARLEMONT PLACE,53.330662,-6.260177,18,40,OPEN
7,08:38:57,KILMAINHAM GAOL,53.342113,-6.310015,33,40,OPEN
6,08:45:20,HARDWICKE PLACE,53.357043,-6.263232,19,25,OPEN
9,08:45:57,WOLFE TONE STREET,53.348875,-6.267459,20,29,OPEN
1,08:46:37,GREEK STREET,53.346874,-6.272976,19,20,OPEN
19,08:43:58,GUILD STREET,53.347932,-6.240928,21,40,OPEN
10,08:42:17,HERBERT PLACE,53.334432,-6.245575,20,30,OPEN
23,08:40:44,HIGH STREET,53.343565,-6.275071,6,29,OPEN
9,08:39:47,NORTH CIRCULAR ROAD,53.359624,-6.260348,21,30,OPEN
4,08:45:38,WESTERN WAY,53.354929,-6.269425,36,40,OPEN
19,08:42:00,TALBOT STREET,53.350974,-6.25294,20,40,OPEN
4,08:42:56,NEWMAN HOUSE,53.337132,-6.26059,36,40,OPEN
22,08:44:15,SIR PATRICK DUN'S,53.339218,-6.240642,17,40,OPEN
0,08:41:50,NEW CENTRAL BANK,53.347122,-6.234749,0,40,OPEN
11,08:41:48,GRANGEGORMAN LOWER (CENTRAL),53.355173,-6.278424,29,40,OPEN
12,08:44:39,KING STREET NORTH,53.350291,-6.273507,18,30,OPEN
22,08:43:05,KILLARNEY STREET,53.354845,-6.247579,8,30,OPEN
8,08:37:15,HERBERT STREET,53.335742,-6.24551,32,40,OPEN
30,08:41:52,HANOVER QUAY EAST,53.343653,-6.231755,8,40,OPEN
7,08:46:53,CUSTOM HOUSE QUAY,53.347884,-6.248048,23,30,OPEN
3,08:41:53,MOLESWORTH STREET,53.341288,-6.258117,17,20,OPEN
6,08:41:36,GEORGES QUAY,53.347508,-6.252192,14,20,OPEN
15,08:39:38,KILMAINHAM LANE,53.341805,-6.305085,15,30,OPEN
3,08:44:51,MOUNT BROWN,53.341645,-6.29719,19,22,OPEN
11,08:42:10,MARKET STREET SOUTH,53.342296,-6.287661,27,38,OPEN
1,08:46:48,KEVIN STREET,53.337757,-6.267699,39,40,OPEN
7,08:40:58,ECCLES STREET EAST,53.358115,-6.265601,20,27,OPEN
24,08:46:06,GRAND CANAL DOCK,53.342638,-6.238695,15,40,OPEN
14,08:46:11,MERRION SQUARE EAST,53.339434,-6.246548,16,30,OPEN
4,08:46:05,YORK STREET WEST,53.339334,-6.264699,36,40,OPEN
4,08:46:31,ST. STEPHEN'S GREEN SOUTH,53.337494,-6.26199,26,30,OPEN
7,08:39:45,DENMARK STREET GREAT,53.35561,-6.261397,13,20,OPEN
1,08:45:48,ROYAL HOSPITAL,53.343897,-6.29706,39,40,OPEN
8,08:41:51,HEUSTON STATION (CAR PARK),53.346985,-6.297804,32,40,OPEN
4,08:46:41,GRANGEGORMAN LOWER (NORTH),53.355954,-6.278378,32,36,OPEN
24,08:41:21,ST. STEPHEN'S GREEN EAST,53.337824,-6.256035,16,40,OPEN
17,08:38:33,HEUSTON STATION (CENTRAL),53.346603,-6.296924,22,40,OPEN
13,08:40:50,TOWNSEND STREET,53.345922,-6.254614,6,20,OPEN
33,08:44:23,GEORGES LANE,53.35023,-6.279696,6,40,OPEN
19,08:37:45,PHIBSBOROUGH ROAD,53.356307,-6.273717,21,40,OPEN
3,08:45:16,ECCLES STREET,53.359246,-6.269779,17,20,OPEN
11,08:46:37,PORTOBELLO HARBOUR,53.330362,-6.265163,19,30,OPEN
8,08:42:36,MATER HOSPITAL,53.359967,-6.264828,32,40,OPEN
10,08:39:08,BLESSINGTON STREET,53.356769,-6.26814,10,20,OPEN
21,08:46:03,JAMES STREET,53.343456,-6.287409,19,40,OPEN
2,08:44:34,MOUNTJOY SQUARE EAST,53.356717,-6.256359,38,40,OPEN
13,08:46:54,MERRION SQUARE WEST,53.339764,-6.251988,6,20,OPEN
0,08:41:47,CONVENTION CENTRE,53.34744,-6.238523,0,40,OPEN
2,08:43:17,HARDWICKE STREET,53.355473,-6.264423,14,16,OPEN
29,08:41:36,PARKGATE STREET,53.347972,-6.291804,9,38,OPEN
16,08:39:02,SMITHFIELD,53.347692,-6.278214,13,30,OPEN
12,08:46:17,DAME STREET,53.344007,-6.266802,3,16,OPEN
17,08:44:22,HEUSTON BRIDGE (SOUTH),53.347106,-6.292041,7,25,OPEN
0,08:44:43,CATHAL BRUGHA STREET,53.352149,-6.260533,20,20,OPEN
7,08:44:00,SANDWITH STREET,53.345203,-6.247163,33,40,OPEN
23,08:44:35,BUCKINGHAM STREET LOWER,53.353331,-6.249319,6,29,OPEN
17,08:44:28,ROTHE ABBEY,53.338776,-6.30395,18,35,OPEN
0,08:37:37,CHARLEVILLE ROAD,53.359157,-6.281866,40,40,OPEN
9,08:44:39,PRINCES STREET / O'CONNELL STREET,53.349013,-6.260311,14,23,OPEN
1,08:38:30,UPPER SHERRARD STREET,53.358437,-6.260641,29,30,OPEN
0,08:41:47,FITZWILLIAM SQUARE EAST,53.335211,-6.2509,40,40,OPEN
15,08:46:46,GRATTAN STREET,53.339629,-6.243778,8,23,OPEN
20,08:43:48,ST JAMES HOSPITAL (LUAS),53.341359,-6.292951,20,40,OPEN
6,08:44:56,HARCOURT TERRACE,53.332763,-6.257942,14,20,OPEN
4,08:37:23,BOLTON STREET,53.351182,-6.269859,16,20,OPEN
16,08:42:32,JERVIS STREET,53.3483,-6.266651,5,21,OPEN
17,08:38:05,ORMOND QUAY UPPER,53.346057,-6.268001,12,29,OPEN
33,08:44:32,GRANGEGORMAN LOWER (SOUTH),53.354663,-6.278681,7,40,OPEN
10,08:44:05,MOUNTJOY SQUARE WEST,53.356299,-6.258586,20,30,OPEN
14,08:46:39,WILTON TERRACE,53.332383,-6.252717,6,20,OPEN
29,08:45:57,EMMET ROAD,53.340714,-6.308191,11,40,OPEN
31,08:46:44,HEUSTON BRIDGE (NORTH),53.347802,-6.292432,9,40,OPEN
8,08:43:33,LEINSTER STREET SOUTH,53.34218,-6.254485,22,30,OPEN
7,08:41:55,BLACKHALL PLACE,53.3488,-6.281637,23,30,OPEN
