available_bikes,last_update,name,position.lat,position.lng,available_bike_stands,bike_stands,status
19,19:10:16,SMITHFIELD NORTH,53.349562,-6.278198,11,30,OPEN
7,19:10:48,PARNELL SQUARE NORTH,53.3537415547453,-6.26530144781526,13,20,OPEN
8,19:12:17,CLONMEL STREET,53.336021,-6.26298,25,33,OPEN
13,19:14:03,AVONDALE ROAD,53.359405,-6.276142,22,35,OPEN
4,19:08:21,JAMES STREET EAST,53.336597,-6.248109,26,30,OPEN
7,19:13:00,MOUNT STREET LOWER,53.33796,-6.24153,33,40,OPEN
0,19:15:00,CHRISTCHURCH PLACE,53.343368,-6.27012,20,20,OPEN
4,19:14:33,GRANTHAM STREET,53.334123,-6.265436,26,30,OPEN
17,19:15:22,PEARSE STREET,53.344304,-6.250427,13,30,OPEN
7,19:08:21,YORK STREET EAST,53.338755,-6.262003,25,32,OPEN
18,19:14:04,EXCISE WALK,53.347777,-6.244239,22,40,OPEN
0,19:10:07,FITZWILLIAM SQUARE WEST,53.336074,-6.252825,30,30,OPEN
13,19:15:32,PORTOBELLO ROAD,53.330091,-6.268044,17,30,OPEN
5,19:11:37,PARNELL STREET,53.350929,-6.265125,15,20,OPEN
12,19:15:26,FREDERICK STREET SOUTH,53.341515,-6.256853,28,40,OPEN
29,19:15:51,FOWNES STREET UPPER,53.344603,-6.263371,1,30,OPEN
9,19:13:38,CLARENDON ROW,53.340927,-6.262501,22,31,OPEN
27,19:12:37,CUSTOM HOUSE,53.348279,-6.254662,3,30,OPEN
19,19:07:02,RATHDOWN ROAD,53.35893,-6.280337,21,40,OPEN
13,19:13:38,NORTH CIRCULAR ROAD (O'CONNELL'S),53.357841,-6.251557,17,30,OPEN
15,19:14:53,HANOVER QUAY,53.344115,-6.237153,25,40,OPEN
11,19:15:42,OLIVER BOND STREET,53.343893,-6.280531,19,30,OPEN
15,19:10:49,COLLINS BARRACKS MUSEUM,53.347477,-6.28525,23,38,OPEN
16,19:06:19,BROOKFIELD ROAD,53.339005,-6.300217,14,30,OPEN
2,19:15:39,BENSON STREET,53.344153,-6.233451,38,40,OPEN
6,19:15:04,EARLSFORT TERRACE,53.334295,-6.258503,24,30,OPEN
5,19:13:09,GOLDEN LANE,53.340803,-6.267732,15,20,OPEN
5,19:09:30,DEVERELL PLACE,53.351464,-6.255265,25,30,OPEN
1,19:12:06,WILTON TERRACE (PARK),53.333653,-6.248345,39,40,OPEN
12,19:14:10,JOHN STREET WEST,53.343105,-6.277167,19,31,OPEN
9,19:15:37,FENIAN STREET,53.341428,-6.24672,26,35,OPEN
17,19:09:07,MERRION SQUARE SOUTH,53.338614,-6.248606,23,40,OPEN
5,19:11:37,SOUTH DOCK ROAD,53.341833,-6.231291,25,30,OPEN
9,19:07:40,CITY QUAY,53.346637,-6.246154,21,30,OPEN
22,19:11:19,EXCHEQUER STREET,53.343034,-6.263578,1,24,OPEN
21,19:06:55,THE POINT,53.346867,-6.230852,19,40,OPEN
3,19:14:39,BROADSTONE,53.3547,-6.272314,27,30,OPEN
10,19:14:11,HATCH STREET,53.33403,-6.260714,26,36,OPEN
6,19:15:18,LIME STREET,53.346026,-6.243576,34,40,OPEN
9,19:06:35,CHARLEMONT PLACE,53.330662,-6.260177,31,40,OPEN
34,19:12:44,KILMAINHAM GAOL,53.342113,-6.310015,6,40,OPEN
5,19:10:07,HARDWICKE PLACE,53.357043,-6.263232,20,25,OPEN
11,19:14:35,WOLFE TONE STREET,53.348875,-6.267459,18,29,OPEN
6,19:15:01,GREEK STREET,53.346874,-6.272976,14,20,OPEN
18,19:15:54,GUILD STREET,53.347932,-6.240928,22,40,OPEN
17,19:10:36,HERBERT PLACE,53.334432,-6.245575,13,30,OPEN
8,19:14:10,HIGH STREET,53.343565,-6.275071,21,29,OPEN
15,19:15:26,NORTH CIRCULAR ROAD,53.359624,-6.260348,15,30,OPEN
13,19:12:52,WESTERN WAY,53.354929,-6.269425,27,40,OPEN
13,19:10:53,TALBOT STREET,53.350974,-6.25294,27,40,OPEN
12,19:10:15,NEWMAN HOUSE,53.337132,-6.26059,28,40,OPEN
11,19:12:59,SIR PATRICK DUN'S,53.339218,-6.240642,29,40,OPEN
3,19:15:32,NEW CENTRAL BANK,53.347122,-6.234749,37,40,OPEN
7,19:08:27,GRANGEGORMAN LOWER (CENTRAL),53.355173,-6.278424,33,40,OPEN
4,19:12:11,KING STREET NORTH,53.350291,-6.273507,26,30,OPEN
6,19:11:20,KILLARNEY STREET,53.354845,-6.247579,24,30,OPEN
11,19:14:29,HERBERT STREET,53.335742,-6.24551,29,40,OPEN
28,19:14:26,HANOVER QUAY EAST,53.343653,-6.231755,12,40,OPEN
7,19:12:03,CUSTOM HOUSE QUAY,53.347884,-6.248048,23,30,OPEN
20,19:10:25,MOLESWORTH STREET,53.341288,-6.258117,0,20,OPEN
6,19:13:42,GEORGES QUAY,53.347508,-6.252192,14,20,OPEN
0,19:06:49,KILMAINHAM LANE,53.341805,-6.305085,30,30,OPEN
5,19:13:56,MOUNT BROWN,53.341645,-6.29719,17,22,OPEN
8,19:12:58,MARKET STREET SOUTH,53.342296,-6.287661,30,38,OPEN
0,19:15:34,KEVIN STREET,53.337757,-6.267699,40,40,OPEN
8,19:08:33,ECCLES STREET EAST,53.358115,-6.265601,19,27,OPEN
16,19:13:32,GRAND CANAL DOCK,53.342638,-6.238695,24,40,OPEN
15,19:06:30,MERRION SQUARE EAST,53.339434,-6.246548,15,30,OPEN
16,19:15:05,YORK STREET WEST,53.339334,-6.264699,24,40,OPEN
7,19:15:22,ST. STEPHEN'S GREEN SOUTH,53.337494,-6.26199,23,30,OPEN
7,19:12:19,DENMARK STREET GREAT,53.35561,-6.261397,13,20,OPEN
12,19:15:40,ROYAL HOSPITAL,53.343897,-6.29706,28,40,OPEN
9,19:07:23,HEUSTON STATION (CAR PARK),53.346985,-6.297804,31,40,OPEN
15,19:12:24,GRANGEGORMAN LOWER (NORTH),53.355954,-6.278378,21,36,OPEN
25,19:13:05,ST. STEPHEN'S GREEN EAST,53.337824,-6.256035,15,40,OPEN
14,19:08:03,HEUSTON STATION (CENTRAL),53.346603,-6.296924,26,40,OPEN
8,19:14:01,TOWNSEND STREET,53.345922,-6.254614,11,20,OPEN
4,19:12:55,GEORGES LANE,53.35023,-6.279696,36,40,OPEN
33,19:15:37,PHIBSBOROUGH ROAD,53.356307,-6.273717,7,40,OPEN
12,19:15:17,ECCLES STREET,53.359246,-6.269779,8,20,OPEN
8,19:08:45,PORTOBELLO HARBOUR,53.330362,-6.265163,22,30,OPEN
18,19:15:09,MATER HOSPITAL,53.359967,-6.264828,22,40,OPEN
4,19:13:12,BLESSINGTON STREET,53.356769,-6.26814,16,20,OPEN
13,19:08:55,JAMES STREET,53.343456,-6.287409,27,40,OPEN
4,19:06:54,MOUNTJOY SQUARE EAST,53.356717,-6.256359,36,40,OPEN
12,19:15:37,MERRION SQUARE WEST,53.339764,-6.251988,8,20,OPEN
14,19:14:42,CONVENTION CENTRE,53.34744,-6.238523,26,40,OPEN
2,19:11:05,HARDWICKE STREET,53.355473,-6.264423,14,16,OPEN
5,19:14:08,PARKGATE STREET,53.347972,-6.291804,33,38,OPEN
6,19:14:46,SMITHFIELD,53.347692,-6.278214,23,30,OPEN
15,19:14:49,DAME STREET,53.344007,-6.266802,1,16,OPEN
24,19:08:19,HEUSTON BRIDGE (SOUTH),53.347106,-6.292041,1,25,OPEN
12,19:09:28,CATHAL BRUGHA STREET,53.352149,-6.260533,8,20,OPEN
11,19:09:30,SANDWITH STREET,53.345203,-6.247163,29,40,OPEN
16,19:15:48,BUCKINGHAM STREET LOWER,53.353331,-6.249319,13,29,OPEN
12,19:09:03,ROTHE ABBEY,53.338776,-6.30395,23,35,OPEN
9,19:14:23,CHARLEVILLE ROAD,53.359157,-6.281866,31,40,OPEN
18,19:13:36,PRINCES STREET / O'CONNELL STREET,53.349013,-6.260311,5,23,OPEN
6,19:12:37,UPPER SHERRARD STREET,53.358437,-6.260641,24,30,OPEN
1,19:09:50,FITZWILLIAM SQUARE EAST,53.335211,-6.2509,39,40,OPEN
11,19:05:53,GRATTAN STREET,53.339629,-6.243778,12,23,OPEN
19,19:13:31,ST JAMES HOSPITAL (LUAS),53.341359,-6.292951,21,40,OPEN
0,19:10:00,HARCOURT TERRACE,53.332763,-6.257942,20,20,OPEN
15,19:15:21,BOLTON STREET,53.351182,-6.269859,5,20,OPEN
13,19:09:20,JERVIS STREET,53.3483,-6.266651,8,21,OPEN
19,19:15:02,ORMOND QUAY UPPER,53.346057,-6.268001,10,29,OPEN
12,19:14:06,GRANGEGORMAN LOWER (SOUTH),53.354663,-6.278681,28,40,OPEN
11,19:11:08,MOUNTJOY SQUARE WEST,53.356299,-6.258586,19,30,OPEN
3,19:15:53,WILTON TERRACE,53.332383,-6.252717,17,20,OPEN
24,19:13:34,EMMET ROAD,53.340714,-6.308191,16,40,OPEN
19,19:10:24,HEUSTON BRIDGE (NORTH),53.347802,-6.292432,21,40,OPEN
23,19:15:03,LEINSTER STREET SOUTH,53.34218,-6.254485,7,30,OPEN
7,19:10:48,BLACKHALL PLACE,53.3488,-6.281637,23,30,OPEN
