available_bikes,last_update,name,position.lat,position.lng,available_bike_stands,bike_stands,status
4,16:50:45,SMITHFIELD NORTH,53.349562,-6.278198,26,30,OPEN
3,16:46:17,PARNELL SQUARE NORTH,53.3537415547453,-6.26530144781526,17,20,OPEN
8,16:44:38,CLONMEL STREET,53.336021,-6.26298,25,33,OPEN
18,16:44:09,AVONDALE ROAD,53.359405,-6.276142,17,35,OPEN
25,16:45:53,JAMES STREET EAST,53.336597,-6.248109,5,30,OPEN
23,16:44:06,MOUNT STREET LOWER,53.33796,-6.24153,17,40,OPEN
6,16:41:35,CHRISTCHURCH PLACE,53.343368,-6.27012,14,20,OPEN
19,16:50:21,GRANTHAM STREET,53.334123,-6.265436,11,30,OPEN
7,16:47:56,PEARSE STREET,53.344304,-6.250427,23,30,OPEN
13,16:43:56,YORK STREET EAST,53.338755,-6.262003,19,32,OPEN
2,16:48:42,EXCISE WALK,53.347777,-6.244239,38,40,OPEN
15,16:50:02,FITZWILLIAM SQUARE WEST,53.336074,-6.252825,15,30,OPEN
1,16:46:23,PORTOBELLO ROAD,53.330091,-6.268044,29,30,OPEN
0,16:45:07,PARNELL STREET,53.350929,-6.265125,0,20,OPEN
24,16:45:55,FREDERICK STREET SOUTH,53.341515,-6.256853,16,40,OPEN
8,16:49:45,FOWNES STREET UPPER,53.344603,-6.263371,22,30,OPEN
9,16:49:33,CLARENDON ROW,53.340927,-6.262501,22,31,OPEN
13,16:43:51,CUSTOM HOUSE,53.348279,-6.254662,17,30,OPEN
11,16:42:25,RATHDOWN ROAD,53.35893,-6.280337,29,40,OPEN
2,16:49:57,NORTH CIRCULAR ROAD (O'CONNELL'S),53.357841,-6.251557,28,30,OPEN
23,16:46:13,HANOVER QUAY,53.344115,-6.237153,17,40,OPEN
4,16:49:36,OLIVER BOND STREET,53.343893,-6.280531,26,30,OPEN
15,16:42:20,COLLINS BARRACKS MUSEUM,53.347477,-6.28525,23,38,OPEN
18,16:46:15,BROOKFIELD ROAD,53.339005,-6.300217,12,30,OPEN
17,16:48:39,BENSON STREET,53.344153,-6.233451,23,40,OPEN
15,16:49:55,EARLSFORT TERRACE,53.334295,-6.258503,15,30,OPEN
19,16:41:50,GOLDEN LANE,53.340803,-6.267732,1,20,OPEN
4,16:46:11,DEVERELL PLACE,53.351464,-6.255265,26,30,OPEN
26,16:46:20,WILTON TERRACE (PARK),53.333653,-6.248345,14,40,OPEN
0,16:43:49,JOHN STREET WEST,53.343105,-6.277167,31,31,OPEN
13,16:44:27,FENIAN STREET,53.341428,-6.24672,22,35,OPEN
18,16:44:31,MERRION SQUARE SOUTH,53.338614,-6.248606,22,40,OPEN
12,16:50:39,SOUTH DOCK ROAD,53.341833,-6.231291,18,30,OPEN
3,16:45:18,CITY QUAY,53.346637,-6.246154,27,30,OPEN
5,16:50:47,EXCHEQUER STREET,53.343034,-6.263578,18,24,OPEN
18,16:45:40,THE POINT,53.346867,-6.230852,22,40,OPEN
0,16:41:10,BROADSTONE,53.3547,-6.272314,30,30,OPEN
19,16:42:14,HATCH STREET,53.33403,-6.260714,17,36,OPEN
2,16:42:47,LIME STREET,53.346026,-6.243576,38,40,OPEN
10,16:47:25,CHARLEMONT PLACE,53.330662,-6.260177,30,40,OPEN
13,16:47:30,KILMAINHAM GAOL,53.342113,-6.310015,27,40,OPEN
0,16:42:17,HARDWICKE PLACE,53.357043,-6.263232,25,25,OPEN
11,16:43:47,WOLFE TONE STREET,53.348875,-6.267459,18,29,OPEN
0,16:44:00,FRANCIS STREET,53.342081,-6.275233,30,30,OPEN
1,16:49:58,GREEK STREET,53.346874,-6.272976,19,20,OPEN
6,16:46:14,GUILD STREET,53.347932,-6.240928,34,40,OPEN
26,16:48:07,HERBERT PLACE,53.334432,-6.245575,4,30,OPEN
11,16:42:34,HIGH STREET,53.343565,-6.275071,18,29,OPEN
2,16:47:28,NORTH CIRCULAR ROAD,53.359624,-6.260348,28,30,OPEN
11,16:43:48,WESTERN WAY,53.354929,-6.269425,29,40,OPEN
23,16:45:10,TALBOT STREET,53.350974,-6.25294,16,40,OPEN
13,16:44:11,NEWMAN HOUSE,53.337132,-6.26059,27,40,OPEN
14,16:48:52,SIR PATRICK DUN'S,53.339218,-6.240642,26,40,OPEN
30,16:43:33,NEW CENTRAL BANK,53.347122,-6.234749,10,40,OPEN
8,16:43:15,GRANGEGORMAN LOWER (CENTRAL),53.355173,-6.278424,32,40,OPEN
1,16:42:05,KING STREET NORTH,53.350291,-6.273507,29,30,OPEN
3,16:47:46,KILLARNEY STREET,53.354845,-6.247579,27,30,OPEN
20,16:42:45,HERBERT STREET,53.335742,-6.24551,20,40,OPEN
13,16:46:13,HANOVER QUAY EAST,53.343653,-6.231755,27,40,OPEN
4,16:50:32,CUSTOM HOUSE QUAY,53.347884,-6.248048,26,30,OPEN
4,16:49:58,MOLESWORTH STREET,53.341288,-6.258117,16,20,OPEN
0,16:44:34,GEORGES QUAY,53.347508,-6.252192,20,20,OPEN
2,16:41:26,KILMAINHAM LANE,53.341805,-6.305085,28,30,OPEN
6,16:43:29,MOUNT BROWN,53.341645,-6.29719,16,22,OPEN
16,16:43:02,MARKET STREET SOUTH,53.342296,-6.287661,22,38,OPEN
11,16:48:37,KEVIN STREET,53.337757,-6.267699,29,40,OPEN
6,16:44:38,ECCLES STREET EAST,53.358115,-6.265601,21,27,OPEN
15,16:48:22,GRAND CANAL DOCK,53.342638,-6.238695,25,40,OPEN
26,16:46:02,MERRION SQUARE EAST,53.339434,-6.246548,4,30,OPEN
16,16:49:23,YORK STREET WEST,53.339334,-6.264699,24,40,OPEN
22,16:43:23,ST. STEPHEN'S GREEN SOUTH,53.337494,-6.26199,8,30,OPEN
8,16:45:16,DENMARK STREET GREAT,53.35561,-6.261397,12,20,OPEN
12,16:46:10,ROYAL HOSPITAL,53.343897,-6.29706,28,40,OPEN
6,16:44:20,HEUSTON STATION (CAR PARK),53.346985,-6.297804,34,40,OPEN
19,16:45:37,GRANGEGORMAN LOWER (NORTH),53.355954,-6.278378,17,36,OPEN
19,16:49:30,ST. STEPHEN'S GREEN EAST,53.337824,-6.256035,21,40,OPEN
1,16:43:39,HEUSTON STATION (CENTRAL),53.346603,-6.296924,39,40,OPEN
7,16:47:59,TOWNSEND STREET,53.345922,-6.254614,13,20,OPEN
3,16:50:03,GEORGES LANE,53.35023,-6.279696,37,40,OPEN
17,16:45:42,PHIBSBOROUGH ROAD,53.356307,-6.273717,23,40,OPEN
10,16:46:39,ECCLES STREET,53.359246,-6.269779,10,20,OPEN
18,16:47:40,PORTOBELLO HARBOUR,53.330362,-6.265163,12,30,OPEN
16,16:45:04,MATER HOSPITAL,53.359967,-6.264828,24,40,OPEN
4,16:43:54,BLESSINGTON STREET,53.356769,-6.26814,16,20,OPEN
24,16:46:02,JAMES STREET,53.343456,-6.287409,16,40,OPEN
0,16:41:18,MOUNTJOY SQUARE EAST,53.356717,-6.256359,40,40,OPEN
17,16:50:47,MERRION SQUARE WEST,53.339764,-6.251988,3,20,OPEN
34,16:49:45,CONVENTION CENTRE,53.34744,-6.238523,6,40,OPEN
6,16:44:54,HARDWICKE STREET,53.355473,-6.264423,10,16,OPEN
4,16:42:16,PARKGATE STREET,53.347972,-6.291804,34,38,OPEN
5,16:45:30,SMITHFIELD,53.347692,-6.278214,25,30,OPEN
16,16:48:42,DAME STREET,53.344007,-6.266802,0,16,OPEN
18,16:50:50,HEUSTON BRIDGE (SOUTH),53.347106,-6.292041,7,25,OPEN
3,16:49:03,CATHAL BRUGHA STREET,53.352149,-6.260533,17,20,OPEN
4,16:45:30,SANDWITH STREET,53.345203,-6.247163,36,40,OPEN
12,16:45:44,BUCKINGHAM STREET LOWER,53.353331,-6.249319,17,29,OPEN
7,16:49:14,ROTHE ABBEY,53.338776,-6.30395,28,35,OPEN
15,16:43:25,CHARLEVILLE ROAD,53.359157,-6.281866,25,40,OPEN
18,16:47:09,PRINCES STREET / O'CONNELL STREET,53.349013,-6.260311,5,23,OPEN
2,16:44:50,UPPER SHERRARD STREET,53.358437,-6.260641,28,30,OPEN
19,16:43:23,FITZWILLIAM SQUARE EAST,53.335211,-6.2509,21,40,OPEN
4,16:41:53,GRATTAN STREET,53.339629,-6.243778,19,23,OPEN
32,16:46:34,ST JAMES HOSPITAL (LUAS),53.341359,-6.292951,8,40,OPEN
16,16:42:16,HARCOURT TERRACE,53.332763,-6.257942,4,20,OPEN
17,16:43:13,BOLTON STREET,53.351182,-6.269859,3,20,OPEN
2,16:46:40,JERVIS STREET,53.3483,-6.266651,18,21,OPEN
17,16:48:39,ORMOND QUAY UPPER,53.346057,-6.268001,12,29,OPEN
7,16:47:07,GRANGEGORMAN LOWER (SOUTH),53.354663,-6.278681,33,40,OPEN
6,16:47:15,MOUNTJOY SQUARE WEST,53.356299,-6.258586,24,30,OPEN
12,16:46:27,WILTON TERRACE,53.332383,-6.252717,8,20,OPEN
3,16:48:11,EMMET ROAD,53.340714,-6.308191,37,40,OPEN
4,16:50:36,HEUSTON BRIDGE (NORTH),53.347802,-6.292432,36,40,OPEN
29,16:47:40,LEINSTER STREET SOUTH,53.34218,-6.254485,1,30,OPEN
9,16:44:37,BLACKHALL PLACE,53.3488,-6.281637,21,30,OPEN
