available_bikes,last_update,name,position.lat,position.lng,available_bike_stands,bike_stands,status
8,04:31:59,LIDL BEŽIGRAD,46.063797,14.506854,12,20,OPEN
10,04:29:56,ŠMARTINSKI PARK,46.065206,14.529911,10,20,OPEN
11,04:30:35,SAVSKO NASELJE 1-ŠMARTINSKA CESTA,46.062475,14.524321,9,20,OPEN
13,04:25:16,ČRNUČE,46.102446,14.530213,7,20,OPEN
10,04:30:18,VILHARJEVA CESTA,46.06005,14.51302,10,20,OPEN
13,04:24:22,MASARYKOVA DDC,46.05763,14.514264,5,18,OPEN
0,04:26:39,POGAČARJEV TRG-TRŽNICA,46.051093,14.507186,18,18,OPEN
0,04:29:33,CANKARJEVA UL.-NAMA,46.052431,14.503257,26,26,OPEN
13,04:27:33,ANTONOV TRG,46.041753,14.477016,7,20,OPEN
10,04:27:03,PRUŠNIKOVA,46.090608,14.471637,10,20,OPEN
1,04:25:35,TEHNOLOŠKI PARK,46.04843,14.461086,19,20,OPEN
2,04:25:17,KOSEŠKI BAJER,46.068443,14.470913,18,20,OPEN
0,04:24:25,TIVOLI,46.05952,14.4982,20,20,OPEN
11,04:33:04,TRŽNICA MOSTE,46.055801,14.534156,10,21,OPEN
2,04:29:11,GRUDNOVO NABREŽJE-KARLOVŠKA C.,46.045748,14.506196,16,18,OPEN
14,04:24:32,LIDL-LITIJSKA CESTA,46.047689,14.547416,6,20,OPEN
2,04:30:04,ŠPORTNI CENTER STOŽICE,46.08259,14.52016,24,26,OPEN
17,04:28:48,ŠPICA,46.040213,14.512044,1,18,OPEN
4,04:29:03,ROŠKA - STRELIŠKA,46.045,14.51846,16,20,OPEN
0,04:27:25,BAVARSKI DVOR,46.05682,14.50551,20,20,OPEN
0,04:26:44,STARA CERKEV,46.06342,14.494588,14,14,OPEN
6,04:30:16,SITULA,46.059433,14.52051,14,20,OPEN
11,04:33:08,ILIRSKA ULICA,46.053144,14.513479,7,18,OPEN
4,04:26:43,LIDL - RUDNIK,46.020012,14.532479,16,20,OPEN
1,04:28:11,KOPALIŠČE KOLEZIJA,46.042867,14.495239,19,20,OPEN
19,04:25:26,POVŠETOVA - KAJUHOVA,46.051512,14.539272,1,20,OPEN
9,04:24:26,DUNAJSKA C.-PS MERCATOR,46.074193,14.511134,8,18,OPEN
1,04:32:21,CITYPARK,46.068805,14.546257,19,20,OPEN
2,04:27:00,KOPRSKA ULICA,46.033408,14.482468,6,8,OPEN
3,04:32:55,LIDL - VOJKOVA CESTA,46.07589,14.52011,17,20,OPEN
20,04:23:58,POLJANSKA-POTOČNIKOVA,46.048982,14.522709,0,20,OPEN
10,04:33:09,POVŠETOVA-GRABLOVIČEVA,46.051863,14.530349,9,19,OPEN
6,04:28:47,PARK NAVJE-ŽELEZNA CESTA,46.06361,14.51315,14,20,OPEN
7,04:25:01,ZALOG,46.06043,14.613797,13,20,OPEN
0,04:24:34,CESTA NA ROŽNIK,46.053241,14.486206,20,20,OPEN
11,04:24:38,HOFER-KAJUHOVA,46.056405,14.540901,9,20,OPEN
10,04:28:53,DUNAJSKA C.-PS PETROL,46.065136,14.509112,10,20,OPEN
15,04:27:07,STUDENEC,46.054615,14.576031,5,20,OPEN
1,04:32:59,PARKIRIŠČE NUK 2-FF,46.046377,14.501256,19,20,OPEN
19,04:24:55,BRATOVŠEVA PLOŠČAD,46.08929,14.513751,1,20,OPEN
0,04:23:57,KONGRESNI TRG-ŠUBIČEVA ULICA,46.050388,14.504623,20,20,OPEN
15,04:30:48,BS4-STOŽICE,46.086761,14.514151,5,20,OPEN
18,04:28:25,GERBIČEVA - ŠPORTNI PARK SVOBODA,46.039384,14.485458,2,20,OPEN
0,04:26:09,ŽIVALSKI VRT,46.052454,14.472149,20,20,OPEN
9,04:27:13,VOKA - SLOVENČEVA,46.075207,14.504734,11,20,OPEN
2,04:33:38,BTC CITY/DVORANA A,46.065297,14.543996,18,20,OPEN
8,04:28:12,TRNOVO,46.03784,14.50001,12,20,OPEN
9,04:28:58,P+R BARJE,46.02749,14.49958,10,20,OPEN
0,04:24:01,ROŽNA DOLINA-ŠKRABČEVA UL.,46.051439,14.49273,18,18,OPEN
0,04:30:40,KINO ŠIŠKA,46.06928,14.48971,26,26,OPEN
9,04:31:15,ZALOŠKA C.-GRABLOVIČEVA C.,46.05441,14.52978,7,16,OPEN
20,04:24:05,BRODARJEV TRG,46.054398,14.553319,0,20,OPEN
12,04:23:39,DOLENJSKA C. - STRELIŠČE,46.038866,14.517605,8,20,OPEN
19,04:30:27,ŠTEPANJSKO NASELJE 1-JAKČEVA ULICA,46.053047,14.545125,0,19,OPEN
12,04:29:34,SOSESKA NOVO BRDO,46.045617,14.462281,8,20,OPEN
17,04:25:41,TRŽNICA KOSEZE,46.074315,14.475483,1,18,OPEN
10,04:28:56,ALEJA - CELOVŠKA CESTA,46.077302,14.482581,10,20,OPEN
9,04:30:44,MERCATOR CENTER ŠIŠKA,46.087079,14.475439,13,22,OPEN
0,04:26:16,GH ŠENTPETER-NJEGOŠEVA C.,46.05257,14.51928,24,24,OPEN
13,04:25:49,HOFER - POLJE,46.053718,14.589284,7,20,OPEN
20,04:28:07,VIŠKO POLJE,46.046189,14.469037,0,20,OPEN
8,04:29:31,BONIFACIJA,46.039641,14.472664,13,21,OPEN
7,04:27:59,P + R DOLGI MOST,46.037003,14.465229,13,20,OPEN
1,04:29:17,DRAVLJE,46.07984,14.479952,19,20,OPEN
7,04:27:37,POLJE,46.05722,14.583537,13,20,OPEN
4,04:26:14,SUPERNOVA LJUBLJANA - RUDNIK,46.021586,14.536745,16,20,OPEN
12,04:29:32,SREDNJA FRIZERSKA ŠOLA,46.080522,14.491439,8,20,OPEN
13,04:26:48,TRG OF-KOLODVORSKA UL.,46.057421,14.510265,13,26,OPEN
4,04:27:06,TRG MDB,46.047565,14.495687,16,20,OPEN
6,04:31:38,TRŽAŠKA C.-ILIRIJA,46.044629,14.486699,14,20,OPEN
0,04:25:57,PREŠERNOV TRG-PETKOVŠKOVO NABREŽJE,46.051367,14.506542,20,20,OPEN
13,04:26:57,MERCATOR MARKET - CELOVŠKA C. 163,46.073264,14.485942,7,20,OPEN
3,04:26:46,SAVSKO NASELJE 2-LINHARTOVA CESTA,46.064546,14.518013,17,20,OPEN
10,04:26:16,BREG,46.046498,14.505148,9,20,OPEN
12,04:25:36,BTC CITY ATLANTIS,46.063081,14.547851,8,20,OPEN
2,04:25:46,IKEA,46.065175,14.539537,18,20,OPEN
0,04:31:42,MIKLOŠIČEV PARK,46.054168,14.50706,18,18,OPEN
18,04:29:06,BARJANSKA C.-CENTER STAREJŠIH TRNOVO,46.04081,14.49951,2,20,OPEN
4,04:32:30,LEK - VEROVŠKOVA,46.076856,14.500222,16,20,OPEN
15,04:32:14,AMBROŽEV TRG,46.049877,14.516308,3,18,OPEN
5,04:25:13,VOJKOVA - GASILSKA BRIGADA,46.068727,14.516858,15,20,OPEN
10,04:25:45,RAKOVNIK,46.036284,14.522948,10,20,OPEN
16,04:29:51,PREGLOV TRG,46.054554,14.55908,4,20,OPEN
17,04:30:41,PLEČNIKOV STADION,46.06942,14.51052,1,18,OPEN
