available_bikes,last_update,name,position.lat,position.lng,available_bike_stands,bike_stands,status
1,16:03:02,SMITHFIELD NORTH,53.349562,-6.278198,28,30,OPEN
0,15:58:46,PARNELL SQUARE NORTH,53.3537415547453,-6.26530144781526,20,20,OPEN
11,16:04:35,CLONMEL STREET,53.336021,-6.26298,22,33,OPEN
13,16:02:59,AVONDALE ROAD,53.359405,-6.276142,22,35,OPEN
25,16:00:29,JAMES STREET EAST,53.336597,-6.248109,5,30,OPEN
25,16:01:30,MOUNT STREET LOWER,53.33796,-6.24153,15,40,OPEN
6,16:01:38,CHRISTCHURCH PLACE,53.343368,-6.27012,14,20,OPEN
5,16:04:46,GRANTHAM STREET,53.334123,-6.265436,25,30,OPEN
16,16:03:16,PEARSE STREET,53.344304,-6.250427,14,30,OPEN
31,16:02:20,YORK STREET EAST,53.338755,-6.262003,1,32,OPEN
2,16:03:50,EXCISE WALK,53.347777,-6.244239,37,40,OPEN
19,16:03:21,FITZWILLIAM SQUARE WEST,53.336074,-6.252825,11,30,OPEN
3,16:04:01,PORTOBELLO ROAD,53.330091,-6.268044,27,30,OPEN
0,16:04:18,PARNELL STREET,53.350929,-6.265125,0,20,OPEN
24,16:04:48,FREDERICK STREET SOUTH,53.341515,-6.256853,16,40,OPEN
19,16:05:21,FOWNES STREET UPPER,53.344603,-6.263371,11,30,OPEN
3,16:01:47,CLARENDON ROW,53.340927,-6.262501,28,31,OPEN
16,16:05:17,CUSTOM HOUSE,53.348279,-6.254662,13,30,OPEN
5,16:01:32,RATHDOWN ROAD,53.35893,-6.280337,35,40,OPEN
8,16:02:43,NORTH CIRCULAR ROAD (O'CONNELL'S),53.357841,-6.251557,22,30,OPEN
20,16:04:36,HANOVER QUAY,53.344115,-6.237153,20,40,OPEN
22,16:04:47,OLIVER BOND STREET,53.343893,-6.280531,7,30,OPEN
5,16:03:15,COLLINS BARRACKS MUSEUM,53.347477,-6.28525,32,38,OPEN
1,16:05:09,BROOKFIELD ROAD,53.339005,-6.300217,29,30,OPEN
25,15:55:49,BENSON STREET,53.344153,-6.233451,15,40,OPEN
23,16:04:18,EARLSFORT TERRACE,53.334295,-6.258503,7,30,OPEN
6,16:02:24,GOLDEN LANE,53.340803,-6.267732,14,20,OPEN
11,16:04:16,DEVERELL PLACE,53.351464,-6.255265,17,30,OPEN
35,16:05:20,WILTON TERRACE (PARK),53.333653,-6.248345,5,40,OPEN
11,16:04:15,JOHN STREET WEST,53.343105,-6.277167,20,31,OPEN
22,16:03:45,FENIAN STREET,53.341428,-6.24672,13,35,OPEN
27,16:03:25,MERRION SQUARE SOUTH,53.338614,-6.248606,13,40,OPEN
14,16:05:08,SOUTH DOCK ROAD,53.341833,-6.231291,16,30,OPEN
10,16:04:26,CITY QUAY,53.346637,-6.246154,20,30,OPEN
8,16:01:29,EXCHEQUER STREET,53.343034,-6.263578,13,24,OPEN
22,16:00:20,THE POINT,53.346867,-6.230852,17,40,OPEN
1,16:01:18,BROADSTONE,53.3547,-6.272314,29,30,OPEN
17,16:05:38,HATCH STREET,53.33403,-6.260714,19,36,OPEN
5,16:02:57,LIME STREET,53.346026,-6.243576,35,40,OPEN
7,16:05:24,CHARLEMONT PLACE,53.330662,-6.260177,33,40,OPEN
11,16:03:33,KILMAINHAM GAOL,53.342113,-6.310015,29,40,OPEN
18,16:02:30,HARDWICKE PLACE,53.357043,-6.263232,7,25,OPEN
28,16:02:56,WOLFE TONE STREET,53.348875,-6.267459,0,29,OPEN
13,16:03:49,FRANCIS STREET,53.342081,-6.275233,17,30,OPEN
13,16:04:46,GREEK STREET,53.346874,-6.272976,7,20,OPEN
4,16:05:37,GUILD STREET,53.347932,-6.240928,36,40,OPEN
23,16:05:22,HERBERT PLACE,53.334432,-6.245575,7,30,OPEN
13,16:01:34,HIGH STREET,53.343565,-6.275071,15,29,OPEN
8,16:05:41,NORTH CIRCULAR ROAD,53.359624,-6.260348,22,30,OPEN
6,16:01:08,WESTERN WAY,53.354929,-6.269425,34,40,OPEN
3,16:04:43,TALBOT STREET,53.350974,-6.25294,36,40,OPEN
24,16:03:02,NEWMAN HOUSE,53.337132,-6.26059,16,40,OPEN
18,16:04:43,SIR PATRICK DUN'S,53.339218,-6.240642,22,40,OPEN
11,16:02:42,NEW CENTRAL BANK,53.347122,-6.234749,28,40,OPEN
1,16:03:47,GRANGEGORMAN LOWER (CENTRAL),53.355173,-6.278424,39,40,OPEN
16,16:01:52,KING STREET NORTH,53.350291,-6.273507,14,30,OPEN
2,16:05:40,KILLARNEY STREET,53.354845,-6.247579,28,30,OPEN
39,16:02:40,HERBERT STREET,53.335742,-6.24551,1,40,OPEN
18,16:01:17,HANOVER QUAY EAST,53.343653,-6.231755,22,40,OPEN
2,16:04:22,CUSTOM HOUSE QUAY,53.347884,-6.248048,28,30,OPEN
10,16:02:46,MOLESWORTH STREET,53.341288,-6.258117,10,20,OPEN
9,16:01:52,GEORGES QUAY,53.347508,-6.252192,11,20,OPEN
11,16:01:08,KILMAINHAM LANE,53.341805,-6.305085,19,30,OPEN
0,16:02:09,MOUNT BROWN,53.341645,-6.29719,22,22,OPEN
2,16:00:43,MARKET STREET SOUTH,53.342296,-6.287661,36,38,OPEN
4,16:02:16,KEVIN STREET,53.337757,-6.267699,36,40,OPEN
5,16:05:19,ECCLES STREET EAST,53.358115,-6.265601,22,27,OPEN
23,16:05:41,GRAND CANAL DOCK,53.342638,-6.238695,17,40,OPEN
20,16:04:19,MERRION SQUARE EAST,53.339434,-6.246548,10,30,OPEN
15,16:01:15,YORK STREET WEST,53.339334,-6.264699,25,40,OPEN
18,16:02:23,ST. STEPHEN'S GREEN SOUTH,53.337494,-6.26199,12,30,OPEN
13,15:57:34,DENMARK STREET GREAT,53.35561,-6.261397,7,20,OPEN
17,16:05:51,ROYAL HOSPITAL,53.343897,-6.29706,22,40,OPEN
11,16:04:13,HEUSTON STATION (CAR PARK),53.346985,-6.297804,29,40,OPEN
2,16:03:45,GRANGEGORMAN LOWER (NORTH),53.355954,-6.278378,34,36,OPEN
23,16:01:42,ST. STEPHEN'S GREEN EAST,53.337824,-6.256035,16,40,OPEN
0,16:02:22,HEUSTON STATION (CENTRAL),53.346603,-6.296924,40,40,OPEN
9,16:02:09,TOWNSEND STREET,53.345922,-6.254614,11,20,OPEN
2,16:03:30,GEORGES LANE,53.35023,-6.279696,38,40,OPEN
16,16:05:34,PHIBSBOROUGH ROAD,53.356307,-6.273717,24,40,OPEN
2,16:04:27,ECCLES STREET,53.359246,-6.269779,18,20,OPEN
8,15:57:47,PORTOBELLO HARBOUR,53.330362,-6.265163,22,30,OPEN
15,16:05:46,MATER HOSPITAL,53.359967,-6.264828,25,40,OPEN
0,16:02:57,BLESSINGTON STREET,53.356769,-6.26814,20,20,OPEN
10,16:05:43,JAMES STREET,53.343456,-6.287409,30,40,OPEN
0,16:01:28,MOUNTJOY SQUARE EAST,53.356717,-6.256359,40,40,OPEN
15,16:00:26,MERRION SQUARE WEST,53.339764,-6.251988,5,20,OPEN
18,15:56:08,CONVENTION CENTRE,53.34744,-6.238523,21,40,OPEN
3,16:05:28,HARDWICKE STREET,53.355473,-6.264423,13,16,OPEN
1,16:05:41,PARKGATE STREET,53.347972,-6.291804,37,38,OPEN
25,15:56:03,SMITHFIELD,53.347692,-6.278214,5,30,OPEN
9,16:02:14,DAME STREET,53.344007,-6.266802,7,16,OPEN
3,16:05:31,HEUSTON BRIDGE (SOUTH),53.347106,-6.292041,22,25,OPEN
11,15:56:11,CATHAL BRUGHA STREET,53.352149,-6.260533,8,20,OPEN
14,16:04:47,SANDWITH STREET,53.345203,-6.247163,26,40,OPEN
1,16:05:47,BUCKINGHAM STREET LOWER,53.353331,-6.249319,28,29,OPEN
4,16:05:52,ROTHE ABBEY,53.338776,-6.30395,31,35,OPEN
16,16:01:30,CHARLEVILLE ROAD,53.359157,-6.281866,24,40,OPEN
20,16:05:46,PRINCES STREET / O'CONNELL STREET,53.349013,-6.260311,3,23,OPEN
4,16:05:12,UPPER SHERRARD STREET,53.358437,-6.260641,26,30,OPEN
9,16:04:04,FITZWILLIAM SQUARE EAST,53.335211,-6.2509,31,40,OPEN
2,16:02:22,GRATTAN STREET,53.339629,-6.243778,21,23,OPEN
16,16:05:36,ST JAMES HOSPITAL (LUAS),53.341359,-6.292951,24,40,OPEN
4,16:03:01,HARCOURT TERRACE,53.332763,-6.257942,16,20,OPEN
18,16:04:09,BOLTON STREET,53.351182,-6.269859,2,20,OPEN
14,16:04:52,JERVIS STREET,53.3483,-6.266651,7,21,OPEN
16,16:05:46,ORMOND QUAY UPPER,53.346057,-6.268001,13,29,OPEN
4,16:03:36,GRANGEGORMAN LOWER (SOUTH),53.354663,-6.278681,35,40,OPEN
7,16:05:48,MOUNTJOY SQUARE WEST,53.356299,-6.258586,23,30,OPEN
14,16:04:30,WILTON TERRACE,53.332383,-6.252717,6,20,OPEN
10,16:03:06,EMMET ROAD,53.340714,-6.308191,30,40,OPEN
10,16:03:15,HEUSTON BRIDGE (NORTH),53.347802,-6.292432,30,40,OPEN
26,16:03:06,LEINSTER STREET SOUTH,53.34218,-6.254485,4,30,OPEN
0,16:03:47,BLACKHALL PLACE,53.3488,-6.281637,30,30,OPEN
