available_bikes,last_update,name,position.lat,position.lng,available_bike_stands,bike_stands,status
5,17:44:03,SMITHFIELD NORTH,53.349562,-6.278198,25,30,OPEN
0,17:46:14,PARNELL SQUARE NORTH,53.3537415547453,-6.26530144781526,20,20,OPEN
5,17:47:38,CLONMEL STREET,53.336021,-6.26298,28,33,OPEN
4,17:49:28,AVONDALE ROAD,53.359405,-6.276142,31,35,OPEN
14,17:50:41,JAMES STREET EAST,53.336597,-6.248109,16,30,OPEN
29,17:50:27,MOUNT STREET LOWER,53.33796,-6.24153,11,40,OPEN
3,17:43:18,CHRISTCHURCH PLACE,53.343368,-6.27012,17,20,OPEN
15,17:51:17,GRANTHAM STREET,53.334123,-6.265436,14,30,OPEN
29,17:51:16,PEARSE STREET,53.344304,-6.250427,1,30,OPEN
10,17:46:25,YORK STREET EAST,53.338755,-6.262003,22,32,OPEN
23,17:46:48,EXCISE WALK,53.347777,-6.244239,17,40,OPEN
13,17:46:13,FITZWILLIAM SQUARE WEST,53.336074,-6.252825,17,30,OPEN
0,17:45:14,PORTOBELLO ROAD,53.330091,-6.268044,30,30,OPEN
3,17:49:33,PARNELL STREET,53.350929,-6.265125,17,20,OPEN
27,17:44:55,FREDERICK STREET SOUTH,53.341515,-6.256853,13,40,OPEN
9,17:48:16,FOWNES STREET UPPER,53.344603,-6.263371,21,30,OPEN
0,17:49:32,CLARENDON ROW,53.340927,-6.262501,31,31,OPEN
30,17:50:22,CUSTOM HOUSE,53.348279,-6.254662,0,30,OPEN
5,17:48:27,RATHDOWN ROAD,53.35893,-6.280337,35,40,OPEN
3,17:44:41,NORTH CIRCULAR ROAD (O'CONNELL'S),53.357841,-6.251557,27,30,OPEN
37,17:50:47,HANOVER QUAY,53.344115,-6.237153,3,40,OPEN
1,17:51:04,OLIVER BOND STREET,53.343893,-6.280531,29,30,OPEN
6,17:47:09,COLLINS BARRACKS MUSEUM,53.347477,-6.28525,32,38,OPEN
11,17:51:17,BROOKFIELD ROAD,53.339005,-6.300217,19,30,OPEN
18,17:51:17,BENSON STREET,53.344153,-6.233451,22,40,OPEN
14,17:47:25,EARLSFORT TERRACE,53.334295,-6.258503,16,30,OPEN
1,17:46:07,GOLDEN LANE,53.340803,-6.267732,19,20,OPEN
11,17:47:31,DEVERELL PLACE,53.351464,-6.255265,19,30,OPEN
1,17:50:18,WILTON TERRACE (PARK),53.333653,-6.248345,39,40,OPEN
0,17:47:02,JOHN STREET WEST,53.343105,-6.277167,31,31,OPEN
15,17:50:07,FENIAN STREET,53.341428,-6.24672,20,35,OPEN
9,17:44:27,MERRION SQUARE SOUTH,53.338614,-6.248606,29,40,OPEN
21,17:48:06,SOUTH DOCK ROAD,53.341833,-6.231291,9,30,OPEN
28,17:50:24,CITY QUAY,53.346637,-6.246154,2,30,OPEN
7,17:47:52,EXCHEQUER STREET,53.343034,-6.263578,17,24,OPEN
7,17:51:05,THE POINT,53.346867,-6.230852,33,40,OPEN
1,17:42:15,BROADSTONE,53.3547,-6.272314,29,30,OPEN
11,17:48:57,HATCH STREET,53.33403,-6.260714,25,36,OPEN
20,17:47:43,LIME STREET,53.346026,-6.243576,20,40,OPEN
8,17:51:11,CHARLEMONT PLACE,53.330662,-6.260177,32,40,OPEN
16,17:50:54,KILMAINHAM GAOL,53.342113,-6.310015,24,40,OPEN
1,17:50:35,HARDWICKE PLACE,53.357043,-6.263232,24,25,OPEN
8,17:48:02,WOLFE TONE STREET,53.348875,-6.267459,21,29,OPEN
3,17:46:11,FRANCIS STREET,53.342081,-6.275233,27,30,OPEN
9,17:49:50,GREEK STREET,53.346874,-6.272976,11,20,OPEN
29,17:49:32,GUILD STREET,53.347932,-6.240928,11,40,OPEN
8,17:50:22,HERBERT PLACE,53.334432,-6.245575,22,30,OPEN
0,17:43:16,HIGH STREET,53.343565,-6.275071,29,29,OPEN
0,17:47:43,NORTH CIRCULAR ROAD,53.359624,-6.260348,30,30,OPEN
6,17:49:48,WESTERN WAY,53.354929,-6.269425,34,40,OPEN
36,17:45:44,TALBOT STREET,53.350974,-6.25294,4,40,OPEN
17,17:44:43,NEWMAN HOUSE,53.337132,-6.26059,23,40,OPEN
21,17:51:12,SIR PATRICK DUN'S,53.339218,-6.240642,19,40,OPEN
13,17:51:25,NEW CENTRAL BANK,53.347122,-6.234749,27,40,OPEN
3,17:44:32,GRANGEGORMAN LOWER (CENTRAL),53.355173,-6.278424,37,40,OPEN
3,17:51:00,KING STREET NORTH,53.350291,-6.273507,27,30,OPEN
10,17:48:30,KILLARNEY STREET,53.354845,-6.247579,20,30,OPEN
24,17:47:57,HERBERT STREET,53.335742,-6.24551,16,40,OPEN
14,17:46:31,HANOVER QUAY EAST,53.343653,-6.231755,26,40,OPEN
0,17:43:47,CUSTOM HOUSE QUAY,53.347884,-6.248048,0,30,OPEN
8,17:48:28,MOLESWORTH STREET,53.341288,-6.258117,12,20,OPEN
11,17:42:29,GEORGES QUAY,53.347508,-6.252192,9,20,OPEN
5,17:42:30,KILMAINHAM LANE,53.341805,-6.305085,25,30,OPEN
4,17:48:27,MOUNT BROWN,53.341645,-6.29719,18,22,OPEN
5,17:49:08,MARKET STREET SOUTH,53.342296,-6.287661,33,38,OPEN
7,17:49:47,KEVIN STREET,53.337757,-6.267699,33,40,OPEN
0,17:45:29,ECCLES STREET EAST,53.358115,-6.265601,27,27,OPEN
40,17:50:13,GRAND CANAL DOCK,53.342638,-6.238695,0,40,OPEN
0,17:49:17,MERRION SQUARE EAST,53.339434,-6.246548,29,30,OPEN
11,17:51:25,YORK STREET WEST,53.339334,-6.264699,29,40,OPEN
5,17:43:44,ST. STEPHEN'S GREEN SOUTH,53.337494,-6.26199,25,30,OPEN
0,17:45:56,DENMARK STREET GREAT,53.35561,-6.261397,20,20,OPEN
25,17:46:44,ROYAL HOSPITAL,53.343897,-6.29706,15,40,OPEN
7,17:44:57,HEUSTON STATION (CAR PARK),53.346985,-6.297804,33,40,OPEN
2,17:47:39,GRANGEGORMAN LOWER (NORTH),53.355954,-6.278378,34,36,OPEN
26,17:44:28,ST. STEPHEN'S GREEN EAST,53.337824,-6.256035,14,40,OPEN
9,17:50:24,HEUSTON STATION (CENTRAL),53.346603,-6.296924,31,40,OPEN
17,17:50:22,TOWNSEND STREET,53.345922,-6.254614,3,20,OPEN
4,17:51:23,GEORGES LANE,53.35023,-6.279696,36,40,OPEN
17,17:46:48,PHIBSBOROUGH ROAD,53.356307,-6.273717,23,40,OPEN
0,17:51:28,ECCLES STREET,53.359246,-6.269779,20,20,OPEN
0,17:48:35,PORTOBELLO HARBOUR,53.330362,-6.265163,30,30,OPEN
0,17:44:44,MATER HOSPITAL,53.359967,-6.264828,40,40,OPEN
0,17:43:56,BLESSINGTON STREET,53.356769,-6.26814,20,20,OPEN
38,17:47:41,JAMES STREET,53.343456,-6.287409,2,40,OPEN
0,17:42:45,MOUNTJOY SQUARE EAST,53.356717,-6.256359,40,40,OPEN
12,17:47:22,MERRION SQUARE WEST,53.339764,-6.251988,8,20,OPEN
20,17:50:40,CONVENTION CENTRE,53.34744,-6.238523,20,40,OPEN
1,17:46:54,HARDWICKE STREET,53.355473,-6.264423,15,16,OPEN
17,17:50:49,PARKGATE STREET,53.347972,-6.291804,21,38,OPEN
8,17:47:32,SMITHFIELD,53.347692,-6.278214,21,30,OPEN
9,17:51:24,DAME STREET,53.344007,-6.266802,7,16,OPEN
25,17:46:44,HEUSTON BRIDGE (SOUTH),53.347106,-6.292041,0,25,OPEN
0,17:51:10,CATHAL BRUGHA STREET,53.352149,-6.260533,20,20,OPEN
21,17:50:12,SANDWITH STREET,53.345203,-6.247163,19,40,OPEN
7,17:46:17,BUCKINGHAM STREET LOWER,53.353331,-6.249319,22,29,OPEN
21,17:46:40,ROTHE ABBEY,53.338776,-6.30395,13,35,OPEN
9,17:43:49,CHARLEVILLE ROAD,53.359157,-6.281866,31,40,OPEN
15,17:51:10,PRINCES STREET / O'CONNELL STREET,53.349013,-6.260311,7,23,OPEN
1,17:45:29,UPPER SHERRARD STREET,53.358437,-6.260641,29,30,OPEN
9,17:45:50,FITZWILLIAM SQUARE EAST,53.335211,-6.2509,31,40,OPEN
18,17:47:06,GRATTAN STREET,53.339629,-6.243778,5,23,OPEN
25,17:50:53,ST JAMES HOSPITAL (LUAS),53.341359,-6.292951,15,40,OPEN
1,17:42:47,HARCOURT TERRACE,53.332763,-6.257942,19,20,OPEN
7,17:47:35,BOLTON STREET,53.351182,-6.269859,13,20,OPEN
15,17:47:18,JERVIS STREET,53.3483,-6.266651,6,21,OPEN
16,17:46:34,ORMOND QUAY UPPER,53.346057,-6.268001,13,29,OPEN
12,17:49:26,GRANGEGORMAN LOWER (SOUTH),53.354663,-6.278681,28,40,OPEN
1,17:45:27,MOUNTJOY SQUARE WEST,53.356299,-6.258586,29,30,OPEN
11,17:48:58,WILTON TERRACE,53.332383,-6.252717,9,20,OPEN
24,17:49:31,EMMET ROAD,53.340714,-6.308191,16,40,OPEN
12,17:51:19,HEUSTON BRIDGE (NORTH),53.347802,-6.292432,28,40,OPEN
12,17:46:06,LEINSTER STREET SOUTH,53.34218,-6.254485,18,30,OPEN
1,17:46:48,BLACKHALL PLACE,53.3488,-6.281637,29,30,OPEN
