available_bikes,last_update,name,position.lat,position.lng,available_bike_stands,bike_stands,status
26,03:03:48,SMITHFIELD NORTH,53.349562,-6.278198,3,30,OPEN
10,03:02:28,PARNELL SQUARE NORTH,53.3537415547453,-6.26530144781526,10,20,OPEN
0,03:01:07,CLONMEL STREET,53.336021,-6.26298,33,33,OPEN
21,02:57:32,AVONDALE ROAD,53.359405,-6.276142,14,35,OPEN
0,03:02:39,JAMES STREET EAST,53.336597,-6.248109,30,30,OPEN
0,02:59:55,MOUNT STREET LOWER,53.33796,-6.24153,40,40,OPEN
3,02:58:29,CHRISTCHURCH PLACE,53.343368,-6.27012,16,20,OPEN
28,03:05:50,GRANTHAM STREET,53.334123,-6.265436,1,30,OPEN
0,03:00:43,PEARSE STREET,53.344304,-6.250427,30,30,OPEN
0,02:58:46,YORK STREET EAST,53.338755,-6.262003,32,32,OPEN
2,02:57:53,EXCISE WALK,53.347777,-6.244239,38,40,OPEN
0,02:59:07,FITZWILLIAM SQUARE WEST,53.336074,-6.252825,30,30,OPEN
30,03:00:56,PORTOBELLO ROAD,53.330091,-6.268044,0,30,OPEN
4,03:04:21,PARNELL STREET,53.350929,-6.265125,16,20,OPEN
0,02:59:50,FREDERICK STREET SOUTH,53.341515,-6.256853,40,40,OPEN
0,03:03:42,FOWNES STREET UPPER,53.344603,-6.263371,30,30,OPEN
0,02:57:46,CLARENDON ROW,53.340927,-6.262501,31,31,OPEN
9,03:02:41,CUSTOM HOUSE,53.348279,-6.254662,21,30,OPEN
19,03:04:43,RATHDOWN ROAD,53.35893,-6.280337,21,40,OPEN
30,03:01:27,NORTH CIRCULAR ROAD (O'CONNELL'S),53.357841,-6.251557,0,30,OPEN
3,02:57:33,HANOVER QUAY,53.344115,-6.237153,37,40,OPEN
15,03:01:15,OLIVER BOND STREET,53.343893,-6.280531,15,30,OPEN
24,03:05:06,COLLINS BARRACKS MUSEUM,53.347477,-6.28525,14,38,OPEN
30,03:01:49,BROOKFIELD ROAD,53.339005,-6.300217,0,30,OPEN
3,02:57:35,BENSON STREET,53.344153,-6.233451,37,40,OPEN
0,02:57:23,EARLSFORT TERRACE,53.334295,-6.258503,29,30,OPEN
0,03:05:45,GOLDEN LANE,53.340803,-6.267732,20,20,OPEN
5,03:01:58,DEVERELL PLACE,53.351464,-6.255265,25,30,OPEN
0,03:04:41,WILTON TERRACE (PARK),53.333653,-6.248345,40,40,OPEN
26,03:01:53,JOHN STREET WEST,53.343105,-6.277167,5,31,OPEN
0,03:01:41,FENIAN STREET,53.341428,-6.24672,35,35,OPEN
0,02:59:40,MERRION SQUARE SOUTH,53.338614,-6.248606,38,40,OPEN
30,02:57:25,SOUTH DOCK ROAD,53.341833,-6.231291,0,30,OPEN
0,03:01:09,CITY QUAY,53.346637,-6.246154,30,30,OPEN
0,03:03:32,EXCHEQUER STREET,53.343034,-6.263578,24,24,OPEN
10,03:00:52,THE POINT,53.346867,-6.230852,30,40,OPEN
8,02:57:31,BROADSTONE,53.3547,-6.272314,22,30,OPEN
0,03:02:20,HATCH STREET,53.33403,-6.260714,36,36,OPEN
2,03:00:20,LIME STREET,53.346026,-6.243576,38,40,OPEN
40,03:05:47,CHARLEMONT PLACE,53.330662,-6.260177,0,40,OPEN
27,02:59:25,KILMAINHAM GAOL,53.342113,-6.310015,13,40,OPEN
1,02:57:40,HARDWICKE PLACE,53.357043,-6.263232,24,25,OPEN
2,03:05:34,WOLFE TONE STREET,53.348875,-6.267459,27,29,OPEN
29,03:00:47,FRANCIS STREET,53.342081,-6.275233,1,30,OPEN
13,03:04:41,GREEK STREET,53.346874,-6.272976,7,20,OPEN
5,02:57:52,GUILD STREET,53.347932,-6.240928,35,40,OPEN
2,03:04:44,HERBERT PLACE,53.334432,-6.245575,28,30,OPEN
20,02:57:25,HIGH STREET,53.343565,-6.275071,9,29,OPEN
30,03:04:43,NORTH CIRCULAR ROAD,53.359624,-6.260348,0,30,OPEN
22,02:57:32,WESTERN WAY,53.354929,-6.269425,18,40,OPEN
9,03:03:08,TALBOT STREET,53.350974,-6.25294,31,40,OPEN
0,02:59:19,NEWMAN HOUSE,53.337132,-6.26059,40,40,OPEN
4,03:02:58,SIR PATRICK DUN'S,53.339218,-6.240642,36,40,OPEN
13,03:00:58,NEW CENTRAL BANK,53.347122,-6.234749,27,40,OPEN
20,02:59:38,GRANGEGORMAN LOWER (CENTRAL),53.355173,-6.278424,20,40,OPEN
16,02:57:55,KING STREET NORTH,53.350291,-6.273507,14,30,OPEN
29,03:02:33,KILLARNEY STREET,53.354845,-6.247579,1,30,OPEN
0,02:57:57,HERBERT STREET,53.335742,-6.24551,40,40,OPEN
1,02:58:22,HANOVER QUAY EAST,53.343653,-6.231755,39,40,OPEN
0,02:59:04,CUSTOM HOUSE QUAY,53.347884,-6.248048,0,30,OPEN
0,03:02:29,MOLESWORTH STREET,53.341288,-6.258117,20,20,OPEN
0,03:02:24,GEORGES QUAY,53.347508,-6.252192,20,20,OPEN
26,02:57:58,KILMAINHAM LANE,53.341805,-6.305085,4,30,OPEN
22,02:59:41,MOUNT BROWN,53.341645,-6.29719,0,22,OPEN
34,02:58:39,MARKET STREET SOUTH,53.342296,-6.287661,4,38,OPEN
4,02:58:48,KEVIN STREET,53.337757,-6.267699,36,40,OPEN
2,03:05:56,ECCLES STREET EAST,53.358115,-6.265601,24,27,OPEN
2,02:56:07,GRAND CANAL DOCK,53.342638,-6.238695,38,40,OPEN
0,03:02:12,MERRION SQUARE EAST,53.339434,-6.246548,30,30,OPEN
7,02:57:52,YORK STREET WEST,53.339334,-6.264699,33,40,OPEN
0,02:59:01,ST. STEPHEN'S GREEN SOUTH,53.337494,-6.26199,30,30,OPEN
8,03:03:45,DENMARK STREET GREAT,53.35561,-6.261397,12,20,OPEN
34,03:05:33,ROYAL HOSPITAL,53.343897,-6.29706,6,40,OPEN
29,03:00:27,HEUSTON STATION (CAR PARK),53.346985,-6.297804,11,40,OPEN
9,03:01:24,GRANGEGORMAN LOWER (NORTH),53.355954,-6.278378,27,36,OPEN
0,02:57:26,ST. STEPHEN'S GREEN EAST,53.337824,-6.256035,40,40,OPEN
40,03:01:16,HEUSTON STATION (CENTRAL),53.346603,-6.296924,0,40,OPEN
0,03:00:28,TOWNSEND STREET,53.345922,-6.254614,20,20,OPEN
9,03:03:06,GEORGES LANE,53.35023,-6.279696,31,40,OPEN
25,03:02:04,PHIBSBOROUGH ROAD,53.356307,-6.273717,15,40,OPEN
15,02:59:53,ECCLES STREET,53.359246,-6.269779,5,20,OPEN
30,03:03:23,PORTOBELLO HARBOUR,53.330362,-6.265163,0,30,OPEN
10,03:04:21,MATER HOSPITAL,53.359967,-6.264828,30,40,OPEN
19,03:00:14,BLESSINGTON STREET,53.356769,-6.26814,1,20,OPEN
27,03:05:35,JAMES STREET,53.343456,-6.287409,13,40,OPEN
10,02:59:14,MOUNTJOY SQUARE EAST,53.356717,-6.256359,30,40,OPEN
0,03:00:34,MERRION SQUARE WEST,53.339764,-6.251988,20,20,OPEN
2,03:03:21,CONVENTION CENTRE,53.34744,-6.238523,38,40,OPEN
3,02:57:54,HARDWICKE STREET,53.355473,-6.264423,13,16,OPEN
38,02:58:50,PARKGATE STREET,53.347972,-6.291804,0,38,OPEN
27,03:03:49,SMITHFIELD,53.347692,-6.278214,3,30,OPEN
2,03:03:27,DAME STREET,53.344007,-6.266802,14,16,OPEN
25,03:03:17,HEUSTON BRIDGE (SOUTH),53.347106,-6.292041,0,25,OPEN
8,03:03:07,CATHAL BRUGHA STREET,53.352149,-6.260533,12,20,OPEN
1,03:00:54,SANDWITH STREET,53.345203,-6.247163,39,40,OPEN
18,03:01:01,BUCKINGHAM STREET LOWER,53.353331,-6.249319,11,29,OPEN
35,03:02:50,ROTHE ABBEY,53.338776,-6.30395,0,35,OPEN
38,02:59:39,CHARLEVILLE ROAD,53.359157,-6.281866,2,40,OPEN
1,02:57:46,PRINCES STREET / O'CONNELL STREET,53.349013,-6.260311,21,23,OPEN
28,03:04:37,UPPER SHERRARD STREET,53.358437,-6.260641,2,30,OPEN
0,02:57:58,FITZWILLIAM SQUARE EAST,53.335211,-6.2509,40,40,OPEN
1,02:58:49,GRATTAN STREET,53.339629,-6.243778,22,23,OPEN
19,03:03:00,ST JAMES HOSPITAL (LUAS),53.341359,-6.292951,21,40,OPEN
8,02:58:16,HARCOURT TERRACE,53.332763,-6.257942,12,20,OPEN
10,03:00:50,BOLTON STREET,53.351182,-6.269859,10,20,OPEN
6,02:57:40,JERVIS STREET,53.3483,-6.266651,15,21,OPEN
1,03:03:05,ORMOND QUAY UPPER,53.346057,-6.268001,28,29,OPEN
1,02:59:52,GRANGEGORMAN LOWER (SOUTH),53.354663,-6.278681,39,40,OPEN
27,03:02:36,MOUNTJOY SQUARE WEST,53.356299,-6.258586,3,30,OPEN
2,03:02:43,WILTON TERRACE,53.332383,-6.252717,18,20,OPEN
39,03:04:28,EMMET ROAD,53.340714,-6.308191,1,40,OPEN
39,02:59:45,HEUSTON BRIDGE (NORTH),53.347802,-6.292432,1,40,OPEN
0,02:59:36,LEINSTER STREET SOUTH,53.34218,-6.254485,30,30,OPEN
22,02:58:09,BLACKHALL PLACE,53.3488,-6.281637,8,30,OPEN
