available_bikes,last_update,name,position.lat,position.lng,available_bike_stands,bike_stands,status
2,02:57:25,LIDL BEŽIGRAD,46.063797,14.506854,18,20,OPEN
2,03:00:05,ŠMARTINSKI PARK,46.065206,14.529911,18,20,OPEN
12,03:00:14,SAVSKO NASELJE 1-ŠMARTINSKA CESTA,46.062475,14.524321,8,20,OPEN
17,02:57:55,ČRNUČE,46.102446,14.530213,3,20,OPEN
12,02:58:48,VILHARJEVA CESTA,46.06005,14.51302,8,20,OPEN
1,03:01:59,MASARYKOVA DDC,46.05763,14.514264,17,18,OPEN
0,03:01:05,POGAČARJEV TRG-TRŽNICA,46.051093,14.507186,18,18,OPEN
0,02:53:52,CANKARJEVA UL.-NAMA,46.052431,14.503257,26,26,OPEN
14,02:58:56,ANTONOV TRG,46.041753,14.477016,6,20,OPEN
14,03:00:05,PRUŠNIKOVA,46.090608,14.471637,6,20,OPEN
4,03:00:31,TEHNOLOŠKI PARK,46.04843,14.461086,16,20,OPEN
4,02:53:42,KOSEŠKI BAJER,46.068443,14.470913,16,20,OPEN
2,02:59:38,TIVOLI,46.05952,14.4982,18,20,OPEN
19,03:03:03,TRŽNICA MOSTE,46.055801,14.534156,2,21,OPEN
1,03:01:38,GRUDNOVO NABREŽJE-KARLOVŠKA C.,46.045748,14.506196,17,18,OPEN
10,02:58:22,LIDL-LITIJSKA CESTA,46.047689,14.547416,10,20,OPEN
3,02:58:33,ŠPORTNI CENTER STOŽICE,46.08259,14.52016,23,26,OPEN
4,02:53:49,ŠPICA,46.040213,14.512044,14,18,OPEN
2,02:56:27,ROŠKA - STRELIŠKA,46.045,14.51846,18,20,OPEN
0,02:53:42,BAVARSKI DVOR,46.05682,14.50551,20,20,OPEN
7,03:00:15,STARA CERKEV,46.06342,14.494588,7,14,OPEN
8,03:00:13,SITULA,46.059433,14.52051,12,20,OPEN
11,03:02:46,ILIRSKA ULICA,46.053144,14.513479,7,18,OPEN
7,02:59:12,LIDL - RUDNIK,46.020012,14.532479,13,20,OPEN
4,02:58:13,KOPALIŠČE KOLEZIJA,46.042867,14.495239,16,20,OPEN
19,02:54:10,POVŠETOVA - KAJUHOVA,46.051512,14.539272,1,20,OPEN
4,02:58:42,DUNAJSKA C.-PS MERCATOR,46.074193,14.511134,14,18,OPEN
9,03:00:39,CITYPARK,46.068805,14.546257,11,20,OPEN
6,02:55:11,KOPRSKA ULICA,46.033408,14.482468,2,8,OPEN
10,02:54:32,LIDL - VOJKOVA CESTA,46.07589,14.52011,10,20,OPEN
14,02:55:32,POLJANSKA-POTOČNIKOVA,46.048982,14.522709,6,20,OPEN
9,02:55:35,POVŠETOVA-GRABLOVIČEVA,46.051863,14.530349,10,19,OPEN
2,02:57:55,PARK NAVJE-ŽELEZNA CESTA,46.06361,14.51315,18,20,OPEN
11,02:54:06,ZALOG,46.06043,14.613797,9,20,OPEN
1,02:54:31,CESTA NA ROŽNIK,46.053241,14.486206,19,20,OPEN
14,02:54:37,HOFER-KAJUHOVA,46.056405,14.540901,6,20,OPEN
1,03:00:01,DUNAJSKA C.-PS PETROL,46.065136,14.509112,19,20,OPEN
15,02:55:14,STUDENEC,46.054615,14.576031,5,20,OPEN
0,03:01:04,PARKIRIŠČE NUK 2-FF,46.046377,14.501256,20,20,OPEN
19,03:03:27,BRATOVŠEVA PLOŠČAD,46.08929,14.513751,1,20,OPEN
0,03:00:15,KONGRESNI TRG-ŠUBIČEVA ULICA,46.050388,14.504623,20,20,OPEN
20,02:58:19,BS4-STOŽICE,46.086761,14.514151,0,20,OPEN
9,03:02:07,GERBIČEVA - ŠPORTNI PARK SVOBODA,46.039384,14.485458,11,20,OPEN
0,02:54:09,ŽIVALSKI VRT,46.052454,14.472149,20,20,OPEN
5,03:02:44,VOKA - SLOVENČEVA,46.075207,14.504734,15,20,OPEN
9,02:55:38,BTC CITY/DVORANA A,46.065297,14.543996,11,20,OPEN
10,03:00:49,TRNOVO,46.03784,14.50001,10,20,OPEN
12,03:01:36,P+R BARJE,46.02749,14.49958,8,20,OPEN
9,02:56:14,ROŽNA DOLINA-ŠKRABČEVA UL.,46.051439,14.49273,9,18,OPEN
23,02:55:25,KINO ŠIŠKA,46.06928,14.48971,3,26,OPEN
11,02:55:18,ZALOŠKA C.-GRABLOVIČEVA C.,46.05441,14.52978,5,16,OPEN
19,03:02:55,BRODARJEV TRG,46.054398,14.553319,1,20,OPEN
9,02:59:46,DOLENJSKA C. - STRELIŠČE,46.038866,14.517605,11,20,OPEN
19,03:00:27,ŠTEPANJSKO NASELJE 1-JAKČEVA ULICA,46.053047,14.545125,0,19,OPEN
13,03:02:18,SOSESKA NOVO BRDO,46.045617,14.462281,7,20,OPEN
11,02:56:02,TRŽNICA KOSEZE,46.074315,14.475483,6,18,OPEN
11,03:00:52,ALEJA - CELOVŠKA CESTA,46.077302,14.482581,9,20,OPEN
13,02:56:22,MERCATOR CENTER ŠIŠKA,46.087079,14.475439,9,22,OPEN
0,03:00:16,GH ŠENTPETER-NJEGOŠEVA C.,46.05257,14.51928,24,24,OPEN
15,02:54:36,HOFER - POLJE,46.053718,14.589284,5,20,OPEN
1,03:03:27,VIŠKO POLJE,46.046189,14.469037,19,20,OPEN
6,02:57:35,BONIFACIJA,46.039641,14.472664,15,21,OPEN
16,03:03:20,P + R DOLGI MOST,46.037003,14.465229,4,20,OPEN
11,02:53:42,DRAVLJE,46.07984,14.479952,9,20,OPEN
15,02:57:01,POLJE,46.05722,14.583537,5,20,OPEN
13,02:54:21,SUPERNOVA LJUBLJANA - RUDNIK,46.021586,14.536745,7,20,OPEN
13,02:58:25,SREDNJA FRIZERSKA ŠOLA,46.080522,14.491439,7,20,OPEN
0,03:02:44,TRG OF-KOLODVORSKA UL.,46.057421,14.510265,26,26,OPEN
0,02:57:47,TRG MDB,46.047565,14.495687,20,20,OPEN
2,02:55:39,TRŽAŠKA C.-ILIRIJA,46.044629,14.486699,18,20,OPEN
0,03:00:30,PREŠERNOV TRG-PETKOVŠKOVO NABREŽJE,46.051367,14.506542,19,20,OPEN
8,03:00:10,MERCATOR MARKET - CELOVŠKA C. 163,46.073264,14.485942,12,20,OPEN
18,02:57:57,SAVSKO NASELJE 2-LINHARTOVA CESTA,46.064546,14.518013,2,20,OPEN
3,02:59:18,BREG,46.046498,14.505148,16,20,OPEN
2,03:03:36,BTC CITY ATLANTIS,46.063081,14.547851,18,20,OPEN
8,03:00:00,IKEA,46.065175,14.539537,12,20,OPEN
0,02:59:20,MIKLOŠIČEV PARK,46.054168,14.50706,18,18,OPEN
18,03:01:00,BARJANSKA C.-CENTER STAREJŠIH TRNOVO,46.04081,14.49951,2,20,OPEN
0,02:54:13,LEK - VEROVŠKOVA,46.076856,14.500222,20,20,OPEN
5,03:01:30,AMBROŽEV TRG,46.049877,14.516308,13,18,OPEN
7,03:01:07,VOJKOVA - GASILSKA BRIGADA,46.068727,14.516858,13,20,OPEN
20,03:02:35,RAKOVNIK,46.036284,14.522948,0,20,OPEN
15,03:01:12,PREGLOV TRG,46.054554,14.55908,5,20,OPEN
5,03:00:58,PLEČNIKOV STADION,46.06942,14.51052,13,18,OPEN
