available_bikes,last_update,name,position.lat,position.lng,available_bike_stands,bike_stands,status
2,00:46:18,LIDL BEŽIGRAD,46.063797,14.506854,18,20,OPEN
2,00:38:53,ŠMARTINSKI PARK,46.065206,14.529911,18,20,OPEN
11,00:40:06,SAVSKO NASELJE 1-ŠMARTINSKA CESTA,46.062475,14.524321,9,20,OPEN
16,00:43:27,ČRNUČE,46.102446,14.530213,4,20,OPEN
12,00:48:43,VILHARJEVA CESTA,46.06005,14.51302,8,20,OPEN
1,00:46:20,MASARYKOVA DDC,46.05763,14.514264,17,18,OPEN
0,00:41:24,POGAČARJEV TRG-TRŽNICA,46.051093,14.507186,18,18,OPEN
0,00:42:43,CANKARJEVA UL.-NAMA,46.052431,14.503257,26,26,OPEN
14,00:47:48,ANTONOV TRG,46.041753,14.477016,6,20,OPEN
14,00:38:51,PRUŠNIKOVA,46.090608,14.471637,6,20,OPEN
4,00:39:18,TEHNOLOŠKI PARK,46.04843,14.461086,16,20,OPEN
4,00:42:33,KOSEŠKI BAJER,46.068443,14.470913,16,20,OPEN
2,00:48:31,TIVOLI,46.05952,14.4982,18,20,OPEN
18,00:42:13,TRŽNICA MOSTE,46.055801,14.534156,3,21,OPEN
0,00:44:29,GRUDNOVO NABREŽJE-KARLOVŠKA C.,46.045748,14.506196,18,18,OPEN
10,00:47:09,LIDL-LITIJSKA CESTA,46.047689,14.547416,10,20,OPEN
3,00:47:18,ŠPORTNI CENTER STOŽICE,46.08259,14.52016,23,26,OPEN
3,00:40:24,ŠPICA,46.040213,14.512044,15,18,OPEN
2,00:45:13,ROŠKA - STRELIŠKA,46.045,14.51846,18,20,OPEN
1,00:41:00,BAVARSKI DVOR,46.05682,14.50551,19,20,OPEN
6,00:40:58,STARA CERKEV,46.06342,14.494588,8,14,OPEN
9,00:48:37,SITULA,46.059433,14.52051,11,20,OPEN
12,00:43:59,ILIRSKA ULICA,46.053144,14.513479,6,18,OPEN
7,00:48:04,LIDL - RUDNIK,46.020012,14.532479,13,20,OPEN
4,00:46:58,KOPALIŠČE KOLEZIJA,46.042867,14.495239,16,20,OPEN
19,00:43:02,POVŠETOVA - KAJUHOVA,46.051512,14.539272,1,20,OPEN
2,00:39:00,DUNAJSKA C.-PS MERCATOR,46.074193,14.511134,16,18,OPEN
9,00:39:26,CITYPARK,46.068805,14.546257,11,20,OPEN
6,00:43:58,KOPRSKA ULICA,46.033408,14.482468,2,8,OPEN
10,00:43:16,LIDL - VOJKOVA CESTA,46.07589,14.52011,10,20,OPEN
12,00:40:33,POLJANSKA-POTOČNIKOVA,46.048982,14.522709,8,20,OPEN
9,00:44:25,POVŠETOVA-GRABLOVIČEVA,46.051863,14.530349,10,19,OPEN
2,00:46:47,PARK NAVJE-ŽELEZNA CESTA,46.06361,14.51315,18,20,OPEN
11,00:42:51,ZALOG,46.06043,14.613797,9,20,OPEN
1,00:43:22,CESTA NA ROŽNIK,46.053241,14.486206,19,20,OPEN
14,00:39:49,HOFER-KAJUHOVA,46.056405,14.540901,6,20,OPEN
1,00:38:49,DUNAJSKA C.-PS PETROL,46.065136,14.509112,19,20,OPEN
15,00:44:07,STUDENEC,46.054615,14.576031,5,20,OPEN
0,00:39:52,PARKIRIŠČE NUK 2-FF,46.046377,14.501256,20,20,OPEN
18,00:44:28,BRATOVŠEVA PLOŠČAD,46.08929,14.513751,2,20,OPEN
0,00:39:01,KONGRESNI TRG-ŠUBIČEVA ULICA,46.050388,14.504623,20,20,OPEN
20,00:47:10,BS4-STOŽICE,46.086761,14.514151,0,20,OPEN
9,00:40:54,GERBIČEVA - ŠPORTNI PARK SVOBODA,46.039384,14.485458,11,20,OPEN
0,00:42:36,ŽIVALSKI VRT,46.052454,14.472149,20,20,OPEN
5,00:41:31,VOKA - SLOVENČEVA,46.075207,14.504734,15,20,OPEN
9,00:44:21,BTC CITY/DVORANA A,46.065297,14.543996,11,20,OPEN
10,00:29:31,TRNOVO,46.03784,14.50001,10,20,OPEN
12,00:40:17,P+R BARJE,46.02749,14.49958,8,20,OPEN
11,00:42:03,ROŽNA DOLINA-ŠKRABČEVA UL.,46.051439,14.49273,7,18,OPEN
24,00:42:38,KINO ŠIŠKA,46.06928,14.48971,2,26,OPEN
11,00:44:10,ZALOŠKA C.-GRABLOVIČEVA C.,46.05441,14.52978,5,16,OPEN
19,00:41:36,BRODARJEV TRG,46.054398,14.553319,1,20,OPEN
9,00:48:33,DOLENJSKA C. - STRELIŠČE,46.038866,14.517605,11,20,OPEN
19,00:39:09,ŠTEPANJSKO NASELJE 1-JAKČEVA ULICA,46.053047,14.545125,0,19,OPEN
13,00:41:00,SOSESKA NOVO BRDO,46.045617,14.462281,7,20,OPEN
11,00:44:47,TRŽNICA KOSEZE,46.074315,14.475483,6,18,OPEN
10,00:46:45,ALEJA - CELOVŠKA CESTA,46.077302,14.482581,10,20,OPEN
12,00:42:36,MERCATOR CENTER ŠIŠKA,46.087079,14.475439,10,22,OPEN
0,00:38:58,GH ŠENTPETER-NJEGOŠEVA C.,46.05257,14.51928,24,24,OPEN
15,00:43:26,HOFER - POLJE,46.053718,14.589284,5,20,OPEN
1,00:42:12,VIŠKO POLJE,46.046189,14.469037,19,20,OPEN
6,00:46:22,BONIFACIJA,46.039641,14.472664,15,21,OPEN
16,00:41:59,P + R DOLGI MOST,46.037003,14.465229,4,20,OPEN
11,00:42:35,DRAVLJE,46.07984,14.479952,9,20,OPEN
15,00:45:52,POLJE,46.05722,14.583537,5,20,OPEN
14,00:46:43,SUPERNOVA LJUBLJANA - RUDNIK,46.021586,14.536745,6,20,OPEN
13,00:47:12,SREDNJA FRIZERSKA ŠOLA,46.080522,14.491439,7,20,OPEN
0,00:45:14,TRG OF-KOLODVORSKA UL.,46.057421,14.510265,26,26,OPEN
0,00:46:40,TRG MDB,46.047565,14.495687,20,20,OPEN
1,00:47:44,TRŽAŠKA C.-ILIRIJA,46.044629,14.486699,19,20,OPEN
2,00:46:10,PREŠERNOV TRG-PETKOVŠKOVO NABREŽJE,46.051367,14.506542,17,20,OPEN
9,00:42:13,MERCATOR MARKET - CELOVŠKA C. 163,46.073264,14.485942,11,20,OPEN
20,00:48:04,SAVSKO NASELJE 2-LINHARTOVA CESTA,46.064546,14.518013,0,20,OPEN
0,00:44:49,BREG,46.046498,14.505148,19,20,OPEN
2,00:42:21,BTC CITY ATLANTIS,46.063081,14.547851,18,20,OPEN
8,00:38:46,IKEA,46.065175,14.539537,12,20,OPEN
0,00:48:04,MIKLOŠIČEV PARK,46.054168,14.50706,18,18,OPEN
16,00:47:05,BARJANSKA C.-CENTER STAREJŠIH TRNOVO,46.04081,14.49951,4,20,OPEN
0,00:42:58,LEK - VEROVŠKOVA,46.076856,14.500222,20,20,OPEN
5,00:40:17,AMBROŽEV TRG,46.049877,14.516308,13,18,OPEN
8,00:39:52,VOJKOVA - GASILSKA BRIGADA,46.068727,14.516858,12,20,OPEN
20,00:41:20,RAKOVNIK,46.036284,14.522948,0,20,OPEN
15,00:39:58,PREGLOV TRG,46.054554,14.55908,5,20,OPEN
4,00:42:21,PLEČNIKOV STADION,46.06942,14.51052,14,18,OPEN
