available_bikes,last_update,name,position.lat,position.lng,available_bike_stands,bike_stands,status
20,07:36:43,SMITHFIELD NORTH,53.349562,-6.278198,10,30,OPEN
2,07:40:56,PARNELL SQUARE NORTH,53.3537415547453,-6.26530144781526,18,20,OPEN
12,07:41:34,CLONMEL STREET,53.336021,-6.26298,21,33,OPEN
6,07:42:52,AVONDALE ROAD,53.359405,-6.276142,29,35,OPEN
3,07:45:12,JAMES STREET EAST,53.336597,-6.248109,27,30,OPEN
18,07:42:38,MOUNT STREET LOWER,53.33796,-6.24153,22,40,OPEN
6,07:44:38,CHRISTCHURCH PLACE,53.343368,-6.27012,14,20,OPEN
14,07:42:49,GRANTHAM STREET,53.334123,-6.265436,16,30,OPEN
20,07:41:08,PEARSE STREET,53.344304,-6.250427,10,30,OPEN
6,07:41:22,YORK STREET EAST,53.338755,-6.262003,26,32,OPEN
11,07:43:45,EXCISE WALK,53.347777,-6.244239,29,40,OPEN
3,07:41:23,FITZWILLIAM SQUARE WEST,53.336074,-6.252825,27,30,OPEN
14,07:45:23,PORTOBELLO ROAD,53.330091,-6.268044,16,30,OPEN
20,07:42:37,PARNELL STREET,53.350929,-6.265125,0,20,OPEN
9,07:40:16,FREDERICK STREET SOUTH,53.341515,-6.256853,31,40,OPEN
14,07:43:51,FOWNES STREET UPPER,53.344603,-6.263371,16,30,OPEN
6,07:39:12,CLARENDON ROW,53.340927,-6.262501,25,31,OPEN
7,07:42:14,CUSTOM HOUSE,53.348279,-6.254662,23,30,OPEN
22,07:38:41,RATHDOWN ROAD,53.35893,-6.280337,18,40,OPEN
13,07:44:46,NORTH CIRCULAR ROAD (O'CONNELL'S),53.357841,-6.251557,17,30,OPEN
2,07:45:04,HANOVER QUAY,53.344115,-6.237153,38,40,OPEN
9,07:38:52,OLIVER BOND STREET,53.343893,-6.280531,21,30,OPEN
8,07:41:07,COLLINS BARRACKS MUSEUM,53.347477,-6.28525,30,38,OPEN
18,07:36:17,BROOKFIELD ROAD,53.339005,-6.300217,12,30,OPEN
3,07:40:56,BENSON STREET,53.344153,-6.233451,37,40,OPEN
9,07:41:01,EARLSFORT TERRACE,53.334295,-6.258503,21,30,OPEN
0,07:42:54,GOLDEN LANE,53.340803,-6.267732,20,20,OPEN
19,07:40:34,DEVERELL PLACE,53.351464,-6.255265,11,30,OPEN
18,07:45:12,WILTON TERRACE (PARK),53.333653,-6.248345,22,40,OPEN
26,07:44:32,JOHN STREET WEST,53.343105,-6.277167,5,31,OPEN
20,07:41:18,FENIAN STREET,53.341428,-6.24672,15,35,OPEN
25,07:41:06,MERRION SQUARE SOUTH,53.338614,-6.248606,15,40,OPEN
10,07:42:58,SOUTH DOCK ROAD,53.341833,-6.231291,19,30,OPEN
0,07:41:06,CITY QUAY,53.346637,-6.246154,30,30,OPEN
3,07:36:37,EXCHEQUER STREET,53.343034,-6.263578,21,24,OPEN
31,07:45:19,THE POINT,53.346867,-6.230852,9,40,OPEN
1,07:41:06,BROADSTONE,53.3547,-6.272314,29,30,OPEN
5,07:45:26,HATCH STREET,53.33403,-6.260714,30,36,OPEN
13,07:43:21,LIME STREET,53.346026,-6.243576,27,40,OPEN
22,07:37:37,CHARLEMONT PLACE,53.330662,-6.260177,18,40,OPEN
25,07:43:18,KILMAINHAM GAOL,53.342113,-6.310015,15,40,OPEN
0,07:37:23,HARDWICKE PLACE,53.357043,-6.263232,25,25,OPEN
25,07:41:46,WOLFE TONE STREET,53.348875,-6.267459,4,29,OPEN
8,07:42:54,GREEK STREET,53.346874,-6.272976,12,20,OPEN
18,07:36:34,GUILD STREET,53.347932,-6.240928,22,40,OPEN
19,07:41:00,HERBERT PLACE,53.334432,-6.245575,11,30,OPEN
9,07:45:35,HIGH STREET,53.343565,-6.275071,20,29,OPEN
15,07:43:26,NORTH CIRCULAR ROAD,53.359624,-6.260348,15,30,OPEN
2,07:38:59,WESTERN WAY,53.354929,-6.269425,38,40,OPEN
9,07:40:04,TALBOT STREET,53.350974,-6.25294,31,40,OPEN
13,07:43:31,NEWMAN HOUSE,53.337132,-6.26059,27,40,OPEN
6,07:42:56,SIR PATRICK DUN'S,53.339218,-6.240642,34,40,OPEN
16,07:44:10,NEW CENTRAL BANK,53.347122,-6.234749,24,40,OPEN
4,07:40:58,GRANGEGORMAN LOWER (CENTRAL),53.355173,-6.278424,36,40,OPEN
13,07:37:08,KING STREET NORTH,53.350291,-6.273507,17,30,OPEN
22,07:44:31,KILLARNEY STREET,53.354845,-6.247579,8,30,OPEN
19,07:40:57,HERBERT STREET,53.335742,-6.24551,21,40,OPEN
10,07:41:08,HANOVER QUAY EAST,53.343653,-6.231755,30,40,OPEN
4,07:38:10,CUSTOM HOUSE QUAY,53.347884,-6.248048,26,30,OPEN
2,07:42:23,MOLESWORTH STREET,53.341288,-6.258117,18,20,OPEN
3,07:36:32,GEORGES QUAY,53.347508,-6.252192,17,20,OPEN
21,07:43:15,KILMAINHAM LANE,53.341805,-6.305085,9,30,OPEN
18,07:44:31,MOUNT BROWN,53.341645,-6.29719,4,22,OPEN
16,07:43:43,MARKET STREET SOUTH,53.342296,-6.287661,22,38,OPEN
11,07:45:53,KEVIN STREET,53.337757,-6.267699,29,40,OPEN
1,07:40:58,ECCLES STREET EAST,53.358115,-6.265601,26,27,OPEN
19,07:43:53,GRAND CANAL DOCK,53.342638,-6.238695,21,40,OPEN
10,07:37:18,MERRION SQUARE EAST,53.339434,-6.246548,20,30,OPEN
14,07:42:58,YORK STREET WEST,53.339334,-6.264699,26,40,OPEN
8,07:41:08,ST. STEPHEN'S GREEN SOUTH,53.337494,-6.26199,22,30,OPEN
9,07:39:10,DENMARK STREET GREAT,53.35561,-6.261397,11,20,OPEN
26,07:44:18,ROYAL HOSPITAL,53.343897,-6.29706,14,40,OPEN
1,07:40:56,HEUSTON STATION (CAR PARK),53.346985,-6.297804,39,40,OPEN
3,07:41:06,GRANGEGORMAN LOWER (NORTH),53.355954,-6.278378,33,36,OPEN
19,07:36:34,ST. STEPHEN'S GREEN EAST,53.337824,-6.256035,21,40,OPEN
21,07:43:27,HEUSTON STATION (CENTRAL),53.346603,-6.296924,19,40,OPEN
14,07:38:11,TOWNSEND STREET,53.345922,-6.254614,5,20,OPEN
31,07:41:55,GEORGES LANE,53.35023,-6.279696,9,40,OPEN
10,07:41:17,PHIBSBOROUGH ROAD,53.356307,-6.273717,30,40,OPEN
4,07:39:39,ECCLES STREET,53.359246,-6.269779,16,20,OPEN
24,07:45:30,PORTOBELLO HARBOUR,53.330362,-6.265163,6,30,OPEN
12,07:40:58,MATER HOSPITAL,53.359967,-6.264828,28,40,OPEN
4,07:42:44,BLESSINGTON STREET,53.356769,-6.26814,16,20,OPEN
15,07:39:01,JAMES STREET,53.343456,-6.287409,25,40,OPEN
6,07:41:34,MOUNTJOY SQUARE EAST,53.356717,-6.256359,34,40,OPEN
12,07:41:32,MERRION SQUARE WEST,53.339764,-6.251988,8,20,OPEN
9,07:44:25,CONVENTION CENTRE,53.34744,-6.238523,31,40,OPEN
2,07:45:52,HARDWICKE STREET,53.355473,-6.264423,14,16,OPEN
13,07:36:42,PARKGATE STREET,53.347972,-6.291804,25,38,OPEN
14,07:39:46,SMITHFIELD,53.347692,-6.278214,15,30,OPEN
11,07:45:31,DAME STREET,53.344007,-6.266802,5,16,OPEN
18,07:43:33,HEUSTON BRIDGE (SOUTH),53.347106,-6.292041,7,25,OPEN
15,07:44:37,CATHAL BRUGHA STREET,53.352149,-6.260533,5,20,OPEN
5,07:43:36,SANDWITH STREET,53.345203,-6.247163,35,40,OPEN
5,07:45:53,BUCKINGHAM STREET LOWER,53.353331,-6.249319,24,29,OPEN
22,07:44:10,ROTHE ABBEY,53.338776,-6.30395,13,35,OPEN
13,07:39:42,CHARLEVILLE ROAD,53.359157,-6.281866,27,40,OPEN
7,07:36:25,PRINCES STREET / O'CONNELL STREET,53.349013,-6.260311,16,23,OPEN
24,07:43:06,UPPER SHERRARD STREET,53.358437,-6.260641,6,30,OPEN
4,07:41:05,FITZWILLIAM SQUARE EAST,53.335211,-6.2509,36,40,OPEN
1,07:36:57,GRATTAN STREET,53.339629,-6.243778,22,23,OPEN
22,07:36:54,ST JAMES HOSPITAL (LUAS),53.341359,-6.292951,18,40,OPEN
0,07:40:56,HARCOURT TERRACE,53.332763,-6.257942,20,20,OPEN
17,07:45:12,BOLTON STREET,53.351182,-6.269859,3,20,OPEN
10,07:39:24,JERVIS STREET,53.3483,-6.266651,11,21,OPEN
16,07:38:39,ORMOND QUAY UPPER,53.346057,-6.268001,13,29,OPEN
5,07:41:08,GRANGEGORMAN LOWER (SOUTH),53.354663,-6.278681,35,40,OPEN
13,07:40:57,MOUNTJOY SQUARE WEST,53.356299,-6.258586,17,30,OPEN
15,07:42:01,WILTON TERRACE,53.332383,-6.252717,5,20,OPEN
32,07:40:14,EMMET ROAD,53.340714,-6.308191,8,40,OPEN
37,07:42:02,HEUSTON BRIDGE (NORTH),53.347802,-6.292432,3,40,OPEN
8,07:38:20,LEINSTER STREET SOUTH,53.34218,-6.254485,22,30,OPEN
9,07:41:52,BLACKHALL PLACE,53.3488,-6.281637,21,30,OPEN
