available_bikes,last_update,name,position.lat,position.lng,available_bike_stands,bike_stands,status
10,17:05:25,SMITHFIELD NORTH,53.349562,-6.278198,20,30,OPEN
0,17:10:26,PARNELL SQUARE NORTH,53.3537415547453,-6.26530144781526,20,20,OPEN
9,17:06:28,CLONMEL STREET,53.336021,-6.26298,24,33,OPEN
11,17:14:17,AVONDALE ROAD,53.359405,-6.276142,24,35,OPEN
10,17:12:07,JAMES STREET EAST,53.336597,-6.248109,20,30,OPEN
5,17:11:42,MOUNT STREET LOWER,53.33796,-6.24153,35,40,OPEN
17,17:06:32,CHRISTCHURCH PLACE,53.343368,-6.27012,3,20,OPEN
10,17:14:07,GRANTHAM STREET,53.334123,-6.265436,19,30,OPEN
17,17:13:17,PEARSE STREET,53.344304,-6.250427,13,30,OPEN
25,17:13:41,YORK STREET EAST,53.338755,-6.262003,7,32,OPEN
4,17:10:45,EXCISE WALK,53.347777,-6.244239,36,40,OPEN
16,17:12:25,FITZWILLIAM SQUARE WEST,53.336074,-6.252825,14,30,OPEN
9,17:14:51,PORTOBELLO ROAD,53.330091,-6.268044,21,30,OPEN
18,17:05:21,PARNELL STREET,53.350929,-6.265125,2,20,OPEN
31,17:07:00,FREDERICK STREET SOUTH,53.341515,-6.256853,9,40,OPEN
30,17:07:27,FOWNES STREET UPPER,53.344603,-6.263371,0,30,OPEN
28,17:13:50,CLARENDON ROW,53.340927,-6.262501,3,31,OPEN
18,17:14:04,CUSTOM HOUSE,53.348279,-6.254662,12,30,OPEN
8,17:14:48,RATHDOWN ROAD,53.35893,-6.280337,32,40,OPEN
1,17:13:39,NORTH CIRCULAR ROAD (O'CONNELL'S),53.357841,-6.251557,29,30,OPEN
2,17:10:34,HANOVER QUAY,53.344115,-6.237153,38,40,OPEN
8,17:08:43,OLIVER BOND STREET,53.343893,-6.280531,22,30,OPEN
3,17:11:56,COLLINS BARRACKS MUSEUM,53.347477,-6.28525,35,38,OPEN
21,17:10:44,BROOKFIELD ROAD,53.339005,-6.300217,9,30,OPEN
10,17:09:49,BENSON STREET,53.344153,-6.233451,30,40,OPEN
17,17:05:20,EARLSFORT TERRACE,53.334295,-6.258503,13,30,OPEN
10,17:11:24,GOLDEN LANE,53.340803,-6.267732,10,20,OPEN
8,17:08:31,DEVERELL PLACE,53.351464,-6.255265,22,30,OPEN
14,17:13:31,WILTON TERRACE (PARK),53.333653,-6.248345,26,40,OPEN
17,17:08:13,JOHN STREET WEST,53.343105,-6.277167,14,31,OPEN
20,17:09:27,FENIAN STREET,53.341428,-6.24672,15,35,OPEN
10,17:05:04,MERRION SQUARE SOUTH,53.338614,-6.248606,30,40,OPEN
11,17:13:48,SOUTH DOCK ROAD,53.341833,-6.231291,19,30,OPEN
0,17:09:31,CITY QUAY,53.346637,-6.246154,30,30,OPEN
23,17:10:30,EXCHEQUER STREET,53.343034,-6.263578,1,24,OPEN
11,17:12:28,THE POINT,53.346867,-6.230852,29,40,OPEN
1,17:13:02,BROADSTONE,53.3547,-6.272314,29,30,OPEN
1,17:12:28,HATCH STREET,53.33403,-6.260714,35,36,OPEN
0,17:06:56,LIME STREET,53.346026,-6.243576,40,40,OPEN
9,17:13:52,CHARLEMONT PLACE,53.330662,-6.260177,31,40,OPEN
24,17:14:39,KILMAINHAM GAOL,53.342113,-6.310015,16,40,OPEN
1,17:09:28,HARDWICKE PLACE,53.357043,-6.263232,24,25,OPEN
27,17:13:57,WOLFE TONE STREET,53.348875,-6.267459,2,29,OPEN
11,17:11:14,GREEK STREET,53.346874,-6.272976,9,20,OPEN
0,17:05:28,GUILD STREET,53.347932,-6.240928,40,40,OPEN
1,17:08:22,HERBERT PLACE,53.334432,-6.245575,29,30,OPEN
13,17:09:14,HIGH STREET,53.343565,-6.275071,16,29,OPEN
15,17:14:37,NORTH CIRCULAR ROAD,53.359624,-6.260348,15,30,OPEN
6,17:14:50,WESTERN WAY,53.354929,-6.269425,34,40,OPEN
23,17:08:46,TALBOT STREET,53.350974,-6.25294,17,40,OPEN
10,17:13:03,NEWMAN HOUSE,53.337132,-6.26059,30,40,OPEN
18,17:07:55,SIR PATRICK DUN'S,53.339218,-6.240642,22,40,OPEN
2,17:10:54,NEW CENTRAL BANK,53.347122,-6.234749,38,40,OPEN
0,17:05:00,GRANGEGORMAN LOWER (CENTRAL),53.355173,-6.278424,40,40,OPEN
3,17:08:44,KING STREET NORTH,53.350291,-6.273507,27,30,OPEN
21,17:10:24,KILLARNEY STREET,53.354845,-6.247579,9,30,OPEN
4,17:07:29,HERBERT STREET,53.335742,-6.24551,36,40,OPEN
2,17:13:41,HANOVER QUAY EAST,53.343653,-6.231755,38,40,OPEN
8,17:14:16,CUSTOM HOUSE QUAY,53.347884,-6.248048,22,30,OPEN
15,17:12:03,MOLESWORTH STREET,53.341288,-6.258117,5,20,OPEN
13,17:13:31,GEORGES QUAY,53.347508,-6.252192,7,20,OPEN
5,17:08:10,KILMAINHAM LANE,53.341805,-6.305085,25,30,OPEN
13,17:12:09,MOUNT BROWN,53.341645,-6.29719,9,22,OPEN
25,17:06:35,MARKET STREET SOUTH,53.342296,-6.287661,13,38,OPEN
14,17:05:16,KEVIN STREET,53.337757,-6.267699,26,40,OPEN
1,17:07:38,ECCLES STREET EAST,53.358115,-6.265601,26,27,OPEN
6,17:10:50,GRAND CANAL DOCK,53.342638,-6.238695,34,40,OPEN
4,17:08:49,MERRION SQUARE EAST,53.339434,-6.246548,26,30,OPEN
31,17:06:47,YORK STREET WEST,53.339334,-6.264699,9,40,OPEN
13,17:06:49,ST. STEPHEN'S GREEN SOUTH,53.337494,-6.26199,17,30,OPEN
7,17:14:42,DENMARK STREET GREAT,53.35561,-6.261397,13,20,OPEN
19,17:05:25,ROYAL HOSPITAL,53.343897,-6.29706,21,40,OPEN
18,17:05:48,HEUSTON STATION (CAR PARK),53.346985,-6.297804,22,40,OPEN
5,17:10:15,GRANGEGORMAN LOWER (NORTH),53.355954,-6.278378,31,36,OPEN
30,17:12:47,ST. STEPHEN'S GREEN EAST,53.337824,-6.256035,10,40,OPEN
26,17:06:50,HEUSTON STATION (CENTRAL),53.346603,-6.296924,14,40,OPEN
19,17:14:32,TOWNSEND STREET,53.345922,-6.254614,1,20,OPEN
5,17:07:22,GEORGES LANE,53.35023,-6.279696,35,40,OPEN
12,17:12:42,PHIBSBOROUGH ROAD,53.356307,-6.273717,28,40,OPEN
3,17:08:50,ECCLES STREET,53.359246,-6.269779,17,20,OPEN
1,17:11:48,PORTOBELLO HARBOUR,53.330362,-6.265163,29,30,OPEN
14,17:09:34,MATER HOSPITAL,53.359967,-6.264828,26,40,OPEN
5,17:14:28,BLESSINGTON STREET,53.356769,-6.26814,15,20,OPEN
11,17:05:15,JAMES STREET,53.343456,-6.287409,29,40,OPEN
2,17:13:19,MOUNTJOY SQUARE EAST,53.356717,-6.256359,38,40,OPEN
18,17:08:22,MERRION SQUARE WEST,53.339764,-6.251988,2,20,OPEN
0,17:04:53,CONVENTION CENTRE,53.34744,-6.238523,40,40,OPEN
11,17:13:43,HARDWICKE STREET,53.355473,-6.264423,5,16,OPEN
8,17:11:05,PARKGATE STREET,53.347972,-6.291804,30,38,OPEN
1,17:10:46,SMITHFIELD,53.347692,-6.278214,28,30,OPEN
16,17:05:10,DAME STREET,53.344007,-6.266802,0,16,OPEN
23,17:14:12,HEUSTON BRIDGE (SOUTH),53.347106,-6.292041,2,25,OPEN
20,17:12:11,CATHAL BRUGHA STREET,53.352149,-6.260533,0,20,OPEN
0,17:10:34,SANDWITH STREET,53.345203,-6.247163,40,40,OPEN
10,17:06:48,BUCKINGHAM STREET LOWER,53.353331,-6.249319,19,29,OPEN
25,17:09:11,ROTHE ABBEY,53.338776,-6.30395,10,35,OPEN
9,17:10:32,CHARLEVILLE ROAD,53.359157,-6.281866,31,40,OPEN
22,17:14:12,PRINCES STREET / O'CONNELL STREET,53.349013,-6.260311,1,23,OPEN
11,17:08:17,UPPER SHERRARD STREET,53.358437,-6.260641,19,30,OPEN
6,17:05:34,FITZWILLIAM SQUARE EAST,53.335211,-6.2509,34,40,OPEN
9,17:09:40,GRATTAN STREET,53.339629,-6.243778,14,23,OPEN
26,17:13:32,ST JAMES HOSPITAL (LUAS),53.341359,-6.292951,14,40,OPEN
2,17:08:40,HARCOURT TERRACE,53.332763,-6.257942,18,20,OPEN
13,17:14:06,BOLTON STREET,53.351182,-6.269859,7,20,OPEN
17,17:06:49,JERVIS STREET,53.3483,-6.266651,4,21,OPEN
18,17:10:16,ORMOND QUAY UPPER,53.346057,-6.268001,10,29,OPEN
3,17:08:48,GRANGEGORMAN LOWER (SOUTH),53.354663,-6.278681,37,40,OPEN
8,17:06:43,MOUNTJOY SQUARE WEST,53.356299,-6.258586,22,30,OPEN
1,17:10:06,WILTON TERRACE,53.332383,-6.252717,19,20,OPEN
28,17:07:56,EMMET ROAD,53.340714,-6.308191,12,40,OPEN
33,17:10:04,HEUSTON BRIDGE (NORTH),53.347802,-6.292432,7,40,OPEN
21,17:13:25,LEINSTER STREET SOUTH,53.34218,-6.254485,9,30,OPEN
8,17:09:30,BLACKHALL PLACE,53.3488,-6.281637,22,30,OPEN
