available_bikes,last_update,name,position.lat,position.lng,available_bike_stands,bike_stands,status
28,00:01:46,SMITHFIELD NORTH,53.349562,-6.278198,2,30,OPEN
3,00:01:17,PARNELL SQUARE NORTH,53.3537415547453,-6.26530144781526,17,20,OPEN
31,00:02:09,CLONMEL STREET,53.336021,-6.26298,2,33,OPEN
0,23:57:39,AVONDALE ROAD,53.359405,-6.276142,35,35,OPEN
0,23:58:47,JAMES STREET EAST,53.336597,-6.248109,30,30,OPEN
10,23:59:52,MOUNT STREET LOWER,53.33796,-6.24153,30,40,OPEN
20,00:00:50,CHRISTCHURCH PLACE,53.343368,-6.27012,0,20,OPEN
19,00:00:36,GRANTHAM STREET,53.334123,-6.265436,11,30,OPEN
26,00:01:40,PEARSE STREET,53.344304,-6.250427,3,30,OPEN
24,23:59:29,YORK STREET EAST,53.338755,-6.262003,8,32,OPEN
0,23:58:32,EXCISE WALK,53.347777,-6.244239,40,40,OPEN
9,23:59:15,FITZWILLIAM SQUARE WEST,53.336074,-6.252825,21,30,OPEN
11,23:59:27,PORTOBELLO ROAD,53.330091,-6.268044,19,30,OPEN
3,23:53:49,PARNELL STREET,53.350929,-6.265125,17,20,OPEN
38,23:56:20,FREDERICK STREET SOUTH,53.341515,-6.256853,2,40,OPEN
29,23:56:47,FOWNES STREET UPPER,53.344603,-6.263371,1,30,OPEN
26,00:01:58,CLARENDON ROW,53.340927,-6.262501,5,31,OPEN
28,23:56:22,CUSTOM HOUSE,53.348279,-6.254662,2,30,OPEN
6,00:01:35,RATHDOWN ROAD,53.35893,-6.280337,34,40,OPEN
11,23:56:04,NORTH CIRCULAR ROAD (O'CONNELL'S),53.357841,-6.251557,18,30,OPEN
5,23:56:27,HANOVER QUAY,53.344115,-6.237153,35,40,OPEN
6,23:53:51,OLIVER BOND STREET,53.343893,-6.280531,24,30,OPEN
5,23:58:55,COLLINS BARRACKS MUSEUM,53.347477,-6.28525,33,38,OPEN
7,23:57:03,BROOKFIELD ROAD,53.339005,-6.300217,23,30,OPEN
6,23:55:44,BENSON STREET,53.344153,-6.233451,34,40,OPEN
0,00:00:18,EARLSFORT TERRACE,53.334295,-6.258503,30,30,OPEN
17,23:54:11,GOLDEN LANE,53.340803,-6.267732,3,20,OPEN
9,23:57:10,DEVERELL PLACE,53.351464,-6.255265,21,30,OPEN
0,00:02:20,WILTON TERRACE (PARK),53.333653,-6.248345,40,40,OPEN
23,23:59:41,JOHN STREET WEST,53.343105,-6.277167,8,31,OPEN
31,23:55:31,FENIAN STREET,53.341428,-6.24672,4,35,OPEN
1,23:58:01,MERRION SQUARE SOUTH,53.338614,-6.248606,39,40,OPEN
24,23:54:16,SOUTH DOCK ROAD,53.341833,-6.231291,6,30,OPEN
5,00:02:10,CITY QUAY,53.346637,-6.246154,25,30,OPEN
22,00:02:16,EXCHEQUER STREET,53.343034,-6.263578,2,24,OPEN
16,00:00:34,THE POINT,53.346867,-6.230852,24,40,OPEN
1,23:58:54,BROADSTONE,53.3547,-6.272314,29,30,OPEN
1,23:59:21,HATCH STREET,53.33403,-6.260714,35,36,OPEN
3,23:56:58,LIME STREET,53.346026,-6.243576,37,40,OPEN
3,00:00:01,CHARLEMONT PLACE,53.330662,-6.260177,37,40,OPEN
6,23:59:26,KILMAINHAM GAOL,53.342113,-6.310015,34,40,OPEN
2,23:59:31,HARDWICKE PLACE,53.357043,-6.263232,23,25,OPEN
26,00:01:31,WOLFE TONE STREET,53.348875,-6.267459,3,29,OPEN
18,00:00:50,GREEK STREET,53.346874,-6.272976,2,20,OPEN
10,23:52:25,GUILD STREET,53.347932,-6.240928,30,40,OPEN
15,23:56:51,HERBERT PLACE,53.334432,-6.245575,15,30,OPEN
28,23:58:54,HIGH STREET,53.343565,-6.275071,1,29,OPEN
18,23:55:39,NORTH CIRCULAR ROAD,53.359624,-6.260348,12,30,OPEN
0,23:56:31,WESTERN WAY,53.354929,-6.269425,40,40,OPEN
12,23:54:05,TALBOT STREET,53.350974,-6.25294,27,40,OPEN
9,23:56:21,NEWMAN HOUSE,53.337132,-6.26059,31,40,OPEN
21,00:01:02,SIR PATRICK DUN'S,53.339218,-6.240642,19,40,OPEN
15,23:59:30,NEW CENTRAL BANK,53.347122,-6.234749,25,40,OPEN
0,23:55:47,GRANGEGORMAN LOWER (CENTRAL),53.355173,-6.278424,40,40,OPEN
7,23:57:07,KING STREET NORTH,53.350291,-6.273507,23,30,OPEN
11,23:52:46,KILLARNEY STREET,53.354845,-6.247579,19,30,OPEN
9,23:54:10,HERBERT STREET,53.335742,-6.24551,31,40,OPEN
4,00:01:26,HANOVER QUAY EAST,53.343653,-6.231755,36,40,OPEN
4,23:58:43,CUSTOM HOUSE QUAY,53.347884,-6.248048,26,30,OPEN
13,23:53:06,MOLESWORTH STREET,53.341288,-6.258117,7,20,OPEN
15,00:00:38,GEORGES QUAY,53.347508,-6.252192,5,20,OPEN
2,23:56:04,KILMAINHAM LANE,53.341805,-6.305085,28,30,OPEN
2,00:02:12,MOUNT BROWN,53.341645,-6.29719,19,22,OPEN
5,23:54:59,MARKET STREET SOUTH,53.342296,-6.287661,33,38,OPEN
19,23:54:49,KEVIN STREET,53.337757,-6.267699,21,40,OPEN
0,23:54:38,ECCLES STREET EAST,53.358115,-6.265601,27,27,OPEN
25,23:58:43,GRAND CANAL DOCK,53.342638,-6.238695,15,40,OPEN
1,23:58:41,MERRION SQUARE EAST,53.339434,-6.246548,29,30,OPEN
37,23:53:17,YORK STREET WEST,53.339334,-6.264699,3,40,OPEN
17,23:54:57,ST. STEPHEN'S GREEN SOUTH,53.337494,-6.26199,13,30,OPEN
5,23:58:15,DENMARK STREET GREAT,53.35561,-6.261397,15,20,OPEN
11,23:56:24,ROYAL HOSPITAL,53.343897,-6.29706,29,40,OPEN
2,23:54:09,HEUSTON STATION (CAR PARK),53.346985,-6.297804,38,40,OPEN
0,23:55:16,GRANGEGORMAN LOWER (NORTH),53.355954,-6.278378,36,36,OPEN
19,23:57:29,ST. STEPHEN'S GREEN EAST,53.337824,-6.256035,21,40,OPEN
16,23:55:46,HEUSTON STATION (CENTRAL),53.346603,-6.296924,24,40,OPEN
16,23:56:07,TOWNSEND STREET,53.345922,-6.254614,3,20,OPEN
31,00:02:23,GEORGES LANE,53.35023,-6.279696,9,40,OPEN
17,23:59:51,PHIBSBOROUGH ROAD,53.356307,-6.273717,23,40,OPEN
0,23:55:07,ECCLES STREET,53.359246,-6.269779,20,20,OPEN
15,23:54:52,PORTOBELLO HARBOUR,53.330362,-6.265163,15,30,OPEN
9,23:56:45,MATER HOSPITAL,53.359967,-6.264828,31,40,OPEN
0,23:56:41,BLESSINGTON STREET,53.356769,-6.26814,20,20,OPEN
18,00:02:20,JAMES STREET,53.343456,-6.287409,22,40,OPEN
5,23:57:38,MOUNTJOY SQUARE EAST,53.356717,-6.256359,35,40,OPEN
2,23:57:54,MERRION SQUARE WEST,53.339764,-6.251988,18,20,OPEN
16,00:00:06,CONVENTION CENTRE,53.34744,-6.238523,24,40,OPEN
1,23:52:35,HARDWICKE STREET,53.355473,-6.264423,12,16,OPEN
31,23:59:57,PARKGATE STREET,53.347972,-6.291804,7,38,OPEN
26,23:56:45,SMITHFIELD,53.347692,-6.278214,3,30,OPEN
16,00:01:08,DAME STREET,53.344007,-6.266802,0,16,OPEN
4,23:57:25,HEUSTON BRIDGE (SOUTH),53.347106,-6.292041,21,25,OPEN
13,23:58:16,CATHAL BRUGHA STREET,53.352149,-6.260533,7,20,OPEN
26,23:59:18,SANDWITH STREET,53.345203,-6.247163,14,40,OPEN
25,23:50:30,BUCKINGHAM STREET LOWER,53.353331,-6.249319,4,29,OPEN
7,00:02:15,ROTHE ABBEY,53.338776,-6.30395,28,35,OPEN
14,23:58:03,CHARLEVILLE ROAD,53.359157,-6.281866,26,40,OPEN
20,00:00:23,PRINCES STREET / O'CONNELL STREET,53.349013,-6.260311,3,23,OPEN
4,00:02:05,UPPER SHERRARD STREET,53.358437,-6.260641,26,30,OPEN
5,23:59:13,FITZWILLIAM SQUARE EAST,53.335211,-6.2509,35,40,OPEN
9,23:53:19,GRATTAN STREET,53.339629,-6.243778,14,23,OPEN
12,00:01:49,ST JAMES HOSPITAL (LUAS),53.341359,-6.292951,28,40,OPEN
1,23:57:32,HARCOURT TERRACE,53.332763,-6.257942,19,20,OPEN
7,00:00:33,BOLTON STREET,53.351182,-6.269859,13,20,OPEN
19,23:57:24,JERVIS STREET,53.3483,-6.266651,2,21,OPEN
25,23:53:45,ORMOND QUAY UPPER,53.346057,-6.268001,3,29,OPEN
0,23:54:25,GRANGEGORMAN LOWER (SOUTH),53.354663,-6.278681,40,40,OPEN
12,23:52:49,MOUNTJOY SQUARE WEST,53.356299,-6.258586,16,30,OPEN
0,23:54:46,WILTON TERRACE,53.332383,-6.252717,20,20,OPEN
17,23:56:36,EMMET ROAD,53.340714,-6.308191,23,40,OPEN
33,23:54:22,HEUSTON BRIDGE (NORTH),53.347802,-6.292432,7,40,OPEN
9,23:58:37,LEINSTER STREET SOUTH,53.34218,-6.254485,21,30,OPEN
17,23:54:19,BLACKHALL PLACE,53.3488,-6.281637,13,30,OPEN
