available_bikes,last_update,name,position.lat,position.lng,available_bike_stands,bike_stands,status
21,03:20:21,SMITHFIELD NORTH,53.349562,-6.278198,9,30,OPEN
1,03:12:45,PARNELL SQUARE NORTH,53.3537415547453,-6.26530144781526,19,20,OPEN
0,03:12:34,CLONMEL STREET,53.336021,-6.26298,33,33,OPEN
14,03:21:01,AVONDALE ROAD,53.359405,-6.276142,21,35,OPEN
0,03:12:08,JAMES STREET EAST,53.336597,-6.248109,30,30,OPEN
1,03:19:54,MOUNT STREET LOWER,53.33796,-6.24153,39,40,OPEN
1,03:17:34,CHRISTCHURCH PLACE,53.343368,-6.27012,19,20,OPEN
23,03:12:42,GRANTHAM STREET,53.334123,-6.265436,5,30,OPEN
16,03:20:52,PEARSE STREET,53.344304,-6.250427,14,30,OPEN
11,03:19:26,YORK STREET EAST,53.338755,-6.262003,21,32,OPEN
2,03:13:04,EXCISE WALK,53.347777,-6.244239,38,40,OPEN
0,03:20:03,FITZWILLIAM SQUARE WEST,53.336074,-6.252825,30,30,OPEN
30,03:20:42,PORTOBELLO ROAD,53.330091,-6.268044,0,30,OPEN
16,03:12:33,PARNELL STREET,53.350929,-6.265125,4,20,OPEN
0,03:19:36,FREDERICK STREET SOUTH,53.341515,-6.256853,40,40,OPEN
3,03:12:42,FOWNES STREET UPPER,53.344603,-6.263371,27,30,OPEN
0,03:17:09,CLARENDON ROW,53.340927,-6.262501,31,31,OPEN
15,03:12:30,CUSTOM HOUSE,53.348279,-6.254662,15,30,OPEN
34,03:18:41,RATHDOWN ROAD,53.35893,-6.280337,6,40,OPEN
30,03:21:18,NORTH CIRCULAR ROAD (O'CONNELL'S),53.357841,-6.251557,0,30,OPEN
6,03:13:12,HANOVER QUAY,53.344115,-6.237153,34,40,OPEN
6,03:21:34,OLIVER BOND STREET,53.343893,-6.280531,24,30,OPEN
26,03:13:46,COLLINS BARRACKS MUSEUM,53.347477,-6.28525,12,38,OPEN
15,03:21:07,BROOKFIELD ROAD,53.339005,-6.300217,15,30,OPEN
5,03:14:09,BENSON STREET,53.344153,-6.233451,35,40,OPEN
0,03:18:08,EARLSFORT TERRACE,53.334295,-6.258503,30,30,OPEN
1,03:21:03,GOLDEN LANE,53.340803,-6.267732,19,20,OPEN
28,03:12:24,DEVERELL PLACE,53.351464,-6.255265,2,30,OPEN
0,03:12:17,WILTON TERRACE (PARK),53.333653,-6.248345,40,40,OPEN
3,03:16:50,JOHN STREET WEST,53.343105,-6.277167,28,31,OPEN
2,03:21:29,FENIAN STREET,53.341428,-6.24672,33,35,OPEN
0,03:19:57,MERRION SQUARE SOUTH,53.338614,-6.248606,38,40,OPEN
26,03:19:53,SOUTH DOCK ROAD,53.341833,-6.231291,4,30,OPEN
3,03:12:48,CITY QUAY,53.346637,-6.246154,27,30,OPEN
0,03:12:45,EXCHEQUER STREET,53.343034,-6.263578,24,24,OPEN
6,03:21:18,THE POINT,53.346867,-6.230852,34,40,OPEN
2,03:17:37,BROADSTONE,53.3547,-6.272314,28,30,OPEN
0,03:12:36,HATCH STREET,53.33403,-6.260714,36,36,OPEN
0,03:19:51,LIME STREET,53.346026,-6.243576,40,40,OPEN
39,03:16:28,CHARLEMONT PLACE,53.330662,-6.260177,0,40,OPEN
39,03:12:00,KILMAINHAM GAOL,53.342113,-6.310015,1,40,OPEN
8,03:20:25,HARDWICKE PLACE,53.357043,-6.263232,17,25,OPEN
0,03:21:39,WOLFE TONE STREET,53.348875,-6.267459,29,29,OPEN
13,03:12:44,FRANCIS STREET,53.342081,-6.275233,17,30,OPEN
11,03:21:21,GREEK STREET,53.346874,-6.272976,8,20,OPEN
10,03:16:42,GUILD STREET,53.347932,-6.240928,30,40,OPEN
1,03:14:04,HERBERT PLACE,53.334432,-6.245575,29,30,OPEN
3,03:13:40,HIGH STREET,53.343565,-6.275071,26,29,OPEN
30,03:12:33,NORTH CIRCULAR ROAD,53.359624,-6.260348,0,30,OPEN
14,03:12:13,WESTERN WAY,53.354929,-6.269425,26,40,OPEN
37,03:12:27,TALBOT STREET,53.350974,-6.25294,3,40,OPEN
1,03:13:13,NEWMAN HOUSE,53.337132,-6.26059,39,40,OPEN
1,03:14:42,SIR PATRICK DUN'S,53.339218,-6.240642,39,40,OPEN
3,03:14:53,NEW CENTRAL BANK,53.347122,-6.234749,37,40,OPEN
4,03:11:57,GRANGEGORMAN LOWER (CENTRAL),53.355173,-6.278424,36,40,OPEN
20,03:18:21,KING STREET NORTH,53.350291,-6.273507,10,30,OPEN
30,03:12:41,KILLARNEY STREET,53.354845,-6.247579,0,30,OPEN
1,03:18:39,HERBERT STREET,53.335742,-6.24551,39,40,OPEN
20,03:21:26,HANOVER QUAY EAST,53.343653,-6.231755,20,40,OPEN
0,03:19:13,CUSTOM HOUSE QUAY,53.347884,-6.248048,0,30,OPEN
0,03:17:06,MOLESWORTH STREET,53.341288,-6.258117,20,20,OPEN
12,03:18:53,GEORGES QUAY,53.347508,-6.252192,8,20,OPEN
9,03:17:20,KILMAINHAM LANE,53.341805,-6.305085,21,30,OPEN
16,03:18:26,MOUNT BROWN,53.341645,-6.29719,6,22,OPEN
10,03:13:07,MARKET STREET SOUTH,53.342296,-6.287661,28,38,OPEN
2,03:21:10,KEVIN STREET,53.337757,-6.267699,38,40,OPEN
1,03:20:59,ECCLES STREET EAST,53.358115,-6.265601,26,27,OPEN
6,03:16:31,GRAND CANAL DOCK,53.342638,-6.238695,34,40,OPEN
0,03:12:07,MERRION SQUARE EAST,53.339434,-6.246548,30,30,OPEN
4,03:17:35,YORK STREET WEST,53.339334,-6.264699,36,40,OPEN
2,03:18:40,ST. STEPHEN'S GREEN SOUTH,53.337494,-6.26199,28,30,OPEN
2,03:13:03,DENMARK STREET GREAT,53.35561,-6.261397,18,20,OPEN
30,03:12:33,ROYAL HOSPITAL,53.343897,-6.29706,10,40,OPEN
37,03:20:32,HEUSTON STATION (CAR PARK),53.346985,-6.297804,3,40,OPEN
15,03:21:45,GRANGEGORMAN LOWER (NORTH),53.355954,-6.278378,21,36,OPEN
0,03:18:28,ST. STEPHEN'S GREEN EAST,53.337824,-6.256035,40,40,OPEN
39,03:19:46,HEUSTON STATION (CENTRAL),53.346603,-6.296924,1,40,OPEN
8,03:20:58,TOWNSEND STREET,53.345922,-6.254614,12,20,OPEN
19,03:16:12,GEORGES LANE,53.35023,-6.279696,20,40,OPEN
18,03:21:47,PHIBSBOROUGH ROAD,53.356307,-6.273717,22,40,OPEN
12,03:20:35,ECCLES STREET,53.359246,-6.269779,8,20,OPEN
30,03:13:44,PORTOBELLO HARBOUR,53.330362,-6.265163,0,30,OPEN
22,03:20:29,MATER HOSPITAL,53.359967,-6.264828,18,40,OPEN
10,03:19:33,BLESSINGTON STREET,53.356769,-6.26814,10,20,OPEN
20,03:12:48,JAMES STREET,53.343456,-6.287409,20,40,OPEN
17,03:18:14,MOUNTJOY SQUARE EAST,53.356717,-6.256359,23,40,OPEN
0,03:19:44,MERRION SQUARE WEST,53.339764,-6.251988,20,20,OPEN
4,03:12:30,CONVENTION CENTRE,53.34744,-6.238523,36,40,OPEN
9,03:12:34,HARDWICKE STREET,53.355473,-6.264423,7,16,OPEN
24,03:20:46,PARKGATE STREET,53.347972,-6.291804,14,38,OPEN
17,03:12:36,SMITHFIELD,53.347692,-6.278214,13,30,OPEN
6,03:13:09,DAME STREET,53.344007,-6.266802,10,16,OPEN
21,03:14:44,HEUSTON BRIDGE (SOUTH),53.347106,-6.292041,4,25,OPEN
11,03:18:36,CATHAL BRUGHA STREET,53.352149,-6.260533,9,20,OPEN
17,03:12:51,SANDWITH STREET,53.345203,-6.247163,23,40,OPEN
29,03:12:03,BUCKINGHAM STREET LOWER,53.353331,-6.249319,0,29,OPEN
16,03:21:47,ROTHE ABBEY,53.338776,-6.30395,19,35,OPEN
25,03:19:52,CHARLEVILLE ROAD,53.359157,-6.281866,15,40,OPEN
5,03:16:26,PRINCES STREET / O'CONNELL STREET,53.349013,-6.260311,18,23,OPEN
29,03:21:39,UPPER SHERRARD STREET,53.358437,-6.260641,1,30,OPEN
0,03:20:49,FITZWILLIAM SQUARE EAST,53.335211,-6.2509,40,40,OPEN
0,03:12:24,GRATTAN STREET,53.339629,-6.243778,23,23,OPEN
8,03:12:23,ST JAMES HOSPITAL (LUAS),53.341359,-6.292951,32,40,OPEN
14,03:17:54,HARCOURT TERRACE,53.332763,-6.257942,6,20,OPEN
10,03:21:16,BOLTON STREET,53.351182,-6.269859,10,20,OPEN
1,03:14:55,JERVIS STREET,53.3483,-6.266651,20,21,OPEN
1,03:14:25,ORMOND QUAY UPPER,53.346057,-6.268001,28,29,OPEN
5,03:12:32,GRANGEGORMAN LOWER (SOUTH),53.354663,-6.278681,35,40,OPEN
21,03:13:05,MOUNTJOY SQUARE WEST,53.356299,-6.258586,9,30,OPEN
2,03:12:04,WILTON TERRACE,53.332383,-6.252717,18,20,OPEN
24,03:12:35,EMMET ROAD,53.340714,-6.308191,16,40,OPEN
39,03:20:04,HEUSTON BRIDGE (NORTH),53.347802,-6.292432,1,40,OPEN
7,03:19:57,LEINSTER STREET SOUTH,53.34218,-6.254485,23,30,OPEN
14,03:15:41,BLACKHALL PLACE,53.3488,-6.281637,16,30,OPEN
