available_bikes,last_update,name,position.lat,position.lng,available_bike_stands,bike_stands,status
9,05:03:27,LIDL BEŽIGRAD,46.063797,14.506854,11,20,OPEN
10,05:04:28,ŠMARTINSKI PARK,46.065206,14.529911,10,20,OPEN
7,05:04:28,SAVSKO NASELJE 1-ŠMARTINSKA CESTA,46.062475,14.524321,13,20,OPEN
3,05:03:27,ČRNUČE,46.102446,14.530213,17,20,OPEN
16,05:03:23,VILHARJEVA CESTA,46.06005,14.51302,4,20,OPEN
1,05:02:25,MASARYKOVA DDC,46.05763,14.514264,17,18,OPEN
0,05:03:27,POGAČARJEV TRG-TRŽNICA,46.051093,14.507186,18,18,OPEN
0,05:02:57,CANKARJEVA UL.-NAMA,46.052431,14.503257,26,26,OPEN
10,05:03:24,ANTONOV TRG,46.041753,14.477016,10,20,OPEN
5,05:02:29,PRUŠNIKOVA,46.090608,14.471637,14,20,OPEN
2,05:02:27,TEHNOLOŠKI PARK,46.04843,14.461086,18,20,OPEN
2,05:04:23,KOSEŠKI BAJER,46.068443,14.470913,18,20,OPEN
0,05:02:27,TIVOLI,46.05952,14.4982,20,20,OPEN
17,05:02:26,TRŽNICA MOSTE,46.055801,14.534156,4,21,OPEN
2,05:04:28,GRUDNOVO NABREŽJE-KARLOVŠKA C.,46.045748,14.506196,15,18,OPEN
20,05:04:58,LIDL-LITIJSKA CESTA,46.047689,14.547416,0,20,OPEN
16,05:02:28,ŠPORTNI CENTER STOŽICE,46.08259,14.52016,10,26,OPEN
18,05:02:27,ŠPICA,46.040213,14.512044,0,18,OPEN
4,05:03:52,ROŠKA - STRELIŠKA,46.045,14.51846,16,20,OPEN
0,05:03:27,BAVARSKI DVOR,46.05682,14.50551,20,20,OPEN
4,05:03:58,STARA CERKEV,46.06342,14.494588,9,14,OPEN
14,05:02:23,SITULA,46.059433,14.52051,6,20,OPEN
1,05:03:32,ILIRSKA ULICA,46.053144,14.513479,17,18,OPEN
6,05:04:26,LIDL - RUDNIK,46.020012,14.532479,14,20,OPEN
2,05:02:29,KOPALIŠČE KOLEZIJA,46.042867,14.495239,18,20,OPEN
20,05:03:25,POVŠETOVA - KAJUHOVA,46.051512,14.539272,0,20,OPEN
7,05:03:33,DUNAJSKA C.-PS MERCATOR,46.074193,14.511134,11,18,OPEN
3,05:02:29,CITYPARK,46.068805,14.546257,17,20,OPEN
1,05:03:27,KOPRSKA ULICA,46.033408,14.482468,7,8,OPEN
18,05:04:26,LIDL - VOJKOVA CESTA,46.07589,14.52011,2,20,OPEN
7,05:02:26,POLJANSKA-POTOČNIKOVA,46.048982,14.522709,13,20,OPEN
16,05:04:29,POVŠETOVA-GRABLOVIČEVA,46.051863,14.530349,3,19,OPEN
1,05:04:24,PARK NAVJE-ŽELEZNA CESTA,46.06361,14.51315,19,20,OPEN
9,05:03:52,ZALOG,46.06043,14.613797,11,20,OPEN
6,05:03:26,CESTA NA ROŽNIK,46.053241,14.486206,14,20,OPEN
12,05:04:25,HOFER-KAJUHOVA,46.056405,14.540901,8,20,OPEN
7,05:04:31,DUNAJSKA C.-PS PETROL,46.065136,14.509112,13,20,OPEN
10,05:04:26,STUDENEC,46.054615,14.576031,10,20,OPEN
0,05:03:26,PARKIRIŠČE NUK 2-FF,46.046377,14.501256,20,20,OPEN
19,05:04:26,BRATOVŠEVA PLOŠČAD,46.08929,14.513751,1,20,OPEN
0,05:05:28,KONGRESNI TRG-ŠUBIČEVA ULICA,46.050388,14.504623,20,20,OPEN
13,05:03:29,BS4-STOŽICE,46.086761,14.514151,7,20,OPEN
19,05:04:24,GERBIČEVA - ŠPORTNI PARK SVOBODA,46.039384,14.485458,1,20,OPEN
0,05:02:27,ŽIVALSKI VRT,46.052454,14.472149,20,20,OPEN
11,05:02:25,VOKA - SLOVENČEVA,46.075207,14.504734,9,20,OPEN
2,05:03:28,BTC CITY/DVORANA A,46.065297,14.543996,18,20,OPEN
7,05:02:25,TRNOVO,46.03784,14.50001,13,20,OPEN
16,05:03:21,P+R BARJE,46.02749,14.49958,4,20,OPEN
6,05:04:01,ROŽNA DOLINA-ŠKRABČEVA UL.,46.051439,14.49273,12,18,OPEN
17,05:04:27,KINO ŠIŠKA,46.06928,14.48971,9,26,OPEN
16,05:04:28,ZALOŠKA C.-GRABLOVIČEVA C.,46.05441,14.52978,0,16,OPEN
13,05:02:27,BRODARJEV TRG,46.054398,14.553319,7,20,OPEN
13,05:02:31,DOLENJSKA C. - STRELIŠČE,46.038866,14.517605,7,20,OPEN
19,05:03:27,ŠTEPANJSKO NASELJE 1-JAKČEVA ULICA,46.053047,14.545125,0,19,OPEN
20,05:04:24,SOSESKA NOVO BRDO,46.045617,14.462281,0,20,OPEN
10,05:02:25,TRŽNICA KOSEZE,46.074315,14.475483,8,18,OPEN
9,05:03:28,ALEJA - CELOVŠKA CESTA,46.077302,14.482581,11,20,OPEN
17,05:04:27,MERCATOR CENTER ŠIŠKA,46.087079,14.475439,5,22,OPEN
5,05:02:27,GH ŠENTPETER-NJEGOŠEVA C.,46.05257,14.51928,19,24,OPEN
6,05:04:24,HOFER - POLJE,46.053718,14.589284,14,20,OPEN
8,05:03:53,VIŠKO POLJE,46.046189,14.469037,12,20,OPEN
13,05:02:27,BONIFACIJA,46.039641,14.472664,8,21,OPEN
14,05:04:27,P + R DOLGI MOST,46.037003,14.465229,6,20,OPEN
5,05:02:57,DRAVLJE,46.07984,14.479952,15,20,OPEN
8,05:02:56,POLJE,46.05722,14.583537,12,20,OPEN
9,05:03:25,SUPERNOVA LJUBLJANA - RUDNIK,46.021586,14.536745,11,20,OPEN
18,05:03:25,SREDNJA FRIZERSKA ŠOLA,46.080522,14.491439,1,20,OPEN
1,05:04:56,TRG OF-KOLODVORSKA UL.,46.057421,14.510265,25,26,OPEN
0,05:02:23,TRG MDB,46.047565,14.495687,20,20,OPEN
20,05:04:26,TRŽAŠKA C.-ILIRIJA,46.044629,14.486699,0,20,OPEN
0,05:02:26,PREŠERNOV TRG-PETKOVŠKOVO NABREŽJE,46.051367,14.506542,20,20,OPEN
6,05:04:25,MERCATOR MARKET - CELOVŠKA C. 163,46.073264,14.485942,14,20,OPEN
16,05:03:27,SAVSKO NASELJE 2-LINHARTOVA CESTA,46.064546,14.518013,4,20,OPEN
0,05:03:53,BREG,46.046498,14.505148,20,20,OPEN
7,05:04:26,BTC CITY ATLANTIS,46.063081,14.547851,13,20,OPEN
2,05:04:27,IKEA,46.065175,14.539537,18,20,OPEN
0,05:02:25,MIKLOŠIČEV PARK,46.054168,14.50706,18,18,OPEN
13,05:03:25,BARJANSKA C.-CENTER STAREJŠIH TRNOVO,46.04081,14.49951,7,20,OPEN
0,05:04:28,LEK - VEROVŠKOVA,46.076856,14.500222,20,20,OPEN
0,05:04:25,AMBROŽEV TRG,46.049877,14.516308,18,18,OPEN
3,05:03:28,VOJKOVA - GASILSKA BRIGADA,46.068727,14.516858,17,20,OPEN
20,05:02:26,RAKOVNIK,46.036284,14.522948,0,20,OPEN
17,05:03:26,PREGLOV TRG,46.054554,14.55908,3,20,OPEN
16,05:02:58,PLEČNIKOV STADION,46.06942,14.51052,1,18,OPEN
