available_bikes,last_update,name,position.lat,position.lng,available_bike_stands,bike_stands,status
12,22:17:10,SMITHFIELD NORTH,53.349562,-6.278198,18,30,OPEN
9,22:18:44,PARNELL SQUARE NORTH,53.3537415547453,-6.26530144781526,11,20,OPEN
12,22:18:05,CLONMEL STREET,53.336021,-6.26298,21,33,OPEN
12,22:19:03,AVONDALE ROAD,53.359405,-6.276142,23,35,OPEN
2,22:18:40,JAMES STREET EAST,53.336597,-6.248109,28,30,OPEN
5,22:19:17,MOUNT STREET LOWER,53.33796,-6.24153,35,40,OPEN
16,22:20:42,CHRISTCHURCH PLACE,53.343368,-6.27012,4,20,OPEN
8,22:19:35,GRANTHAM STREET,53.334123,-6.265436,21,30,OPEN
7,22:16:22,PEARSE STREET,53.344304,-6.250427,23,30,OPEN
20,22:16:16,YORK STREET EAST,53.338755,-6.262003,12,32,OPEN
8,22:18:19,EXCISE WALK,53.347777,-6.244239,32,40,OPEN
1,22:16:19,FITZWILLIAM SQUARE WEST,53.336074,-6.252825,29,30,OPEN
13,22:17:43,PORTOBELLO ROAD,53.330091,-6.268044,17,30,OPEN
5,22:20:16,PARNELL STREET,53.350929,-6.265125,15,20,OPEN
21,22:16:43,FREDERICK STREET SOUTH,53.341515,-6.256853,19,40,OPEN
29,22:19:31,FOWNES STREET UPPER,53.344603,-6.263371,1,30,OPEN
29,22:16:29,CLARENDON ROW,53.340927,-6.262501,2,31,OPEN
14,22:18:08,CUSTOM HOUSE,53.348279,-6.254662,16,30,OPEN
11,22:14:43,RATHDOWN ROAD,53.35893,-6.280337,29,40,OPEN
7,22:19:34,NORTH CIRCULAR ROAD (O'CONNELL'S),53.357841,-6.251557,23,30,OPEN
2,22:17:37,HANOVER QUAY,53.344115,-6.237153,38,40,OPEN
17,22:18:24,OLIVER BOND STREET,53.343893,-6.280531,13,30,OPEN
25,22:18:22,COLLINS BARRACKS MUSEUM,53.347477,-6.28525,13,38,OPEN
20,22:17:52,BROOKFIELD ROAD,53.339005,-6.300217,10,30,OPEN
8,22:12:09,BENSON STREET,53.344153,-6.233451,32,40,OPEN
1,22:14:24,EARLSFORT TERRACE,53.334295,-6.258503,29,30,OPEN
10,22:16:14,GOLDEN LANE,53.340803,-6.267732,10,20,OPEN
13,22:19:42,DEVERELL PLACE,53.351464,-6.255265,17,30,OPEN
18,22:12:21,WILTON TERRACE (PARK),53.333653,-6.248345,21,40,OPEN
13,22:16:28,JOHN STREET WEST,53.343105,-6.277167,18,31,OPEN
1,22:17:17,FENIAN STREET,53.341428,-6.24672,34,35,OPEN
2,22:16:36,MERRION SQUARE SOUTH,53.338614,-6.248606,36,40,OPEN
12,22:21:43,SOUTH DOCK ROAD,53.341833,-6.231291,18,30,OPEN
1,22:17:56,CITY QUAY,53.346637,-6.246154,29,30,OPEN
23,22:19:47,EXCHEQUER STREET,53.343034,-6.263578,0,24,OPEN
16,22:20:46,THE POINT,53.346867,-6.230852,24,40,OPEN
5,22:14:47,BROADSTONE,53.3547,-6.272314,25,30,OPEN
2,22:18:10,HATCH STREET,53.33403,-6.260714,34,36,OPEN
6,22:14:26,LIME STREET,53.346026,-6.243576,34,40,OPEN
29,22:20:15,CHARLEMONT PLACE,53.330662,-6.260177,11,40,OPEN
1,22:16:22,KILMAINHAM GAOL,53.342113,-6.310015,39,40,OPEN
4,22:18:57,HARDWICKE PLACE,53.357043,-6.263232,21,25,OPEN
4,22:17:44,WOLFE TONE STREET,53.348875,-6.267459,25,29,OPEN
13,22:17:36,FRANCIS STREET,53.342081,-6.275233,17,30,OPEN
8,22:18:17,GREEK STREET,53.346874,-6.272976,12,20,OPEN
6,22:18:14,GUILD STREET,53.347932,-6.240928,34,40,OPEN
18,22:19:08,HERBERT PLACE,53.334432,-6.245575,12,30,OPEN
16,22:16:12,HIGH STREET,53.343565,-6.275071,13,29,OPEN
8,22:21:45,NORTH CIRCULAR ROAD,53.359624,-6.260348,22,30,OPEN
16,22:15:35,WESTERN WAY,53.354929,-6.269425,24,40,OPEN
18,22:18:40,TALBOT STREET,53.350974,-6.25294,22,40,OPEN
9,22:16:04,NEWMAN HOUSE,53.337132,-6.26059,31,40,OPEN
2,22:17:44,SIR PATRICK DUN'S,53.339218,-6.240642,38,40,OPEN
12,22:19:12,NEW CENTRAL BANK,53.347122,-6.234749,28,40,OPEN
30,22:17:10,GRANGEGORMAN LOWER (CENTRAL),53.355173,-6.278424,10,40,OPEN
9,22:15:30,KING STREET NORTH,53.350291,-6.273507,21,30,OPEN
14,22:20:03,KILLARNEY STREET,53.354845,-6.247579,16,30,OPEN
8,22:15:37,HERBERT STREET,53.335742,-6.24551,32,40,OPEN
3,22:15:14,HANOVER QUAY EAST,53.343653,-6.231755,37,40,OPEN
0,22:16:28,CUSTOM HOUSE QUAY,53.347884,-6.248048,0,30,OPEN
19,22:17:09,MOLESWORTH STREET,53.341288,-6.258117,1,20,OPEN
12,22:19:33,GEORGES QUAY,53.347508,-6.252192,8,20,OPEN
3,22:20:08,KILMAINHAM LANE,53.341805,-6.305085,27,30,OPEN
6,22:15:28,MOUNT BROWN,53.341645,-6.29719,16,22,OPEN
15,22:15:37,MARKET STREET SOUTH,53.342296,-6.287661,22,38,OPEN
23,22:15:39,KEVIN STREET,53.337757,-6.267699,17,40,OPEN
1,22:18:20,ECCLES STREET EAST,53.358115,-6.265601,26,27,OPEN
4,22:20:07,GRAND CANAL DOCK,53.342638,-6.238695,36,40,OPEN
3,22:18:53,MERRION SQUARE EAST,53.339434,-6.246548,27,30,OPEN
18,22:14:29,YORK STREET WEST,53.339334,-6.264699,22,40,OPEN
7,22:15:55,ST. STEPHEN'S GREEN SOUTH,53.337494,-6.26199,23,30,OPEN
2,22:18:04,DENMARK STREET GREAT,53.35561,-6.261397,18,20,OPEN
13,22:21:43,ROYAL HOSPITAL,53.343897,-6.29706,27,40,OPEN
17,22:17:06,HEUSTON STATION (CAR PARK),53.346985,-6.297804,23,40,OPEN
22,22:19:12,GRANGEGORMAN LOWER (NORTH),53.355954,-6.278378,13,36,OPEN
19,22:15:07,ST. STEPHEN'S GREEN EAST,53.337824,-6.256035,21,40,OPEN
27,22:16:49,HEUSTON STATION (CENTRAL),53.346603,-6.296924,13,40,OPEN
9,22:20:31,TOWNSEND STREET,53.345922,-6.254614,11,20,OPEN
11,22:19:54,GEORGES LANE,53.35023,-6.279696,29,40,OPEN
5,22:18:58,PHIBSBOROUGH ROAD,53.356307,-6.273717,34,40,OPEN
2,22:17:12,ECCLES STREET,53.359246,-6.269779,18,20,OPEN
14,22:20:11,PORTOBELLO HARBOUR,53.330362,-6.265163,16,30,OPEN
12,22:21:16,MATER HOSPITAL,53.359967,-6.264828,28,40,OPEN
11,22:16:28,BLESSINGTON STREET,53.356769,-6.26814,9,20,OPEN
27,22:19:33,JAMES STREET,53.343456,-6.287409,13,40,OPEN
1,22:15:01,MOUNTJOY SQUARE EAST,53.356717,-6.256359,39,40,OPEN
14,22:14:59,MERRION SQUARE WEST,53.339764,-6.251988,6,20,OPEN
4,22:18:07,CONVENTION CENTRE,53.34744,-6.238523,36,40,OPEN
2,22:18:39,HARDWICKE STREET,53.355473,-6.264423,14,16,OPEN
11,22:21:43,PARKGATE STREET,53.347972,-6.291804,27,38,OPEN
24,22:20:17,SMITHFIELD,53.347692,-6.278214,6,30,OPEN
16,22:19:42,DAME STREET,53.344007,-6.266802,0,16,OPEN
4,22:21:35,HEUSTON BRIDGE (SOUTH),53.347106,-6.292041,21,25,OPEN
15,22:20:30,CATHAL BRUGHA STREET,53.352149,-6.260533,5,20,OPEN
7,22:18:05,SANDWITH STREET,53.345203,-6.247163,33,40,OPEN
8,22:17:38,BUCKINGHAM STREET LOWER,53.353331,-6.249319,21,29,OPEN
10,22:20:15,ROTHE ABBEY,53.338776,-6.30395,25,35,OPEN
5,22:16:46,CHARLEVILLE ROAD,53.359157,-6.281866,35,40,OPEN
16,22:20:41,PRINCES STREET / O'CONNELL STREET,53.349013,-6.260311,7,23,OPEN
15,22:18:16,UPPER SHERRARD STREET,53.358437,-6.260641,15,30,OPEN
0,22:17:25,FITZWILLIAM SQUARE EAST,53.335211,-6.2509,40,40,OPEN
2,22:15:51,GRATTAN STREET,53.339629,-6.243778,21,23,OPEN
13,22:18:49,ST JAMES HOSPITAL (LUAS),53.341359,-6.292951,27,40,OPEN
0,22:15:46,HARCOURT TERRACE,53.332763,-6.257942,20,20,OPEN
11,22:20:03,BOLTON STREET,53.351182,-6.269859,9,20,OPEN
0,22:20:28,JERVIS STREET,53.3483,-6.266651,21,21,OPEN
29,22:19:35,ORMOND QUAY UPPER,53.346057,-6.268001,0,29,OPEN
14,22:16:35,GRANGEGORMAN LOWER (SOUTH),53.354663,-6.278681,26,40,OPEN
18,22:17:42,MOUNTJOY SQUARE WEST,53.356299,-6.258586,12,30,OPEN
6,22:21:24,WILTON TERRACE,53.332383,-6.252717,14,20,OPEN
8,22:17:28,EMMET ROAD,53.340714,-6.308191,32,40,OPEN
31,22:16:51,HEUSTON BRIDGE (NORTH),53.347802,-6.292432,9,40,OPEN
24,22:15:49,LEINSTER STREET SOUTH,53.34218,-6.254485,6,30,OPEN
12,22:13:19,BLACKHALL PLACE,53.3488,-6.281637,18,30,OPEN
