available_bikes,last_update,name,position.lat,position.lng,available_bike_stands,bike_stands,status
2,15:10:51,SMITHFIELD NORTH,53.349562,-6.278198,28,30,OPEN
2,15:17:41,PARNELL SQUARE NORTH,53.3537415547453,-6.26530144781526,18,20,OPEN
10,15:14:20,CLONMEL STREET,53.336021,-6.26298,23,33,OPEN
17,15:14:42,AVONDALE ROAD,53.359405,-6.276142,18,35,OPEN
12,15:19:43,JAMES STREET EAST,53.336597,-6.248109,18,30,OPEN
3,15:18:43,MOUNT STREET LOWER,53.33796,-6.24153,37,40,OPEN
0,15:17:36,CHRISTCHURCH PLACE,53.343368,-6.27012,20,20,OPEN
12,15:19:12,GRANTHAM STREET,53.334123,-6.265436,18,30,OPEN
25,15:15:22,PEARSE STREET,53.344304,-6.250427,5,30,OPEN
22,15:13:12,YORK STREET EAST,53.338755,-6.262003,10,32,OPEN
27,15:11:03,EXCISE WALK,53.347777,-6.244239,13,40,OPEN
11,15:11:31,FITZWILLIAM SQUARE WEST,53.336074,-6.252825,19,30,OPEN
1,15:16:06,PORTOBELLO ROAD,53.330091,-6.268044,29,30,OPEN
7,15:13:33,PARNELL STREET,53.350929,-6.265125,13,20,OPEN
40,15:14:44,FREDERICK STREET SOUTH,53.341515,-6.256853,0,40,OPEN
20,15:19:34,FOWNES STREET UPPER,53.344603,-6.263371,10,30,OPEN
28,15:19:10,CLARENDON ROW,53.340927,-6.262501,3,31,OPEN
26,15:15:59,CUSTOM HOUSE,53.348279,-6.254662,4,30,OPEN
12,15:10:56,RATHDOWN ROAD,53.35893,-6.280337,28,40,OPEN
10,15:19:49,NORTH CIRCULAR ROAD (O'CONNELL'S),53.357841,-6.251557,20,30,OPEN
26,15:13:00,HANOVER QUAY,53.344115,-6.237153,14,40,OPEN
0,15:14:53,OLIVER BOND STREET,53.343893,-6.280531,30,30,OPEN
12,15:15:45,COLLINS BARRACKS MUSEUM,53.347477,-6.28525,26,38,OPEN
16,15:19:08,BROOKFIELD ROAD,53.339005,-6.300217,14,30,OPEN
37,15:17:15,BENSON STREET,53.344153,-6.233451,3,40,OPEN
18,15:16:39,EARLSFORT TERRACE,53.334295,-6.258503,12,30,OPEN
6,15:16:43,GOLDEN LANE,53.340803,-6.267732,14,20,OPEN
7,15:10:45,DEVERELL PLACE,53.351464,-6.255265,23,30,OPEN
33,15:17:55,WILTON TERRACE (PARK),53.333653,-6.248345,6,40,OPEN
18,15:13:57,JOHN STREET WEST,53.343105,-6.277167,13,31,OPEN
5,15:19:27,FENIAN STREET,53.341428,-6.24672,30,35,OPEN
6,15:10:22,MERRION SQUARE SOUTH,53.338614,-6.248606,34,40,OPEN
20,15:16:36,SOUTH DOCK ROAD,53.341833,-6.231291,10,30,OPEN
9,15:18:03,CITY QUAY,53.346637,-6.246154,21,30,OPEN
5,15:16:27,EXCHEQUER STREET,53.343034,-6.263578,19,24,OPEN
27,15:14:20,THE POINT,53.346867,-6.230852,13,40,OPEN
1,15:18:06,BROADSTONE,53.3547,-6.272314,29,30,OPEN
7,15:14:21,HATCH STREET,53.33403,-6.260714,27,36,OPEN
7,15:14:02,LIME STREET,53.346026,-6.243576,28,40,OPEN
3,15:17:05,CHARLEMONT PLACE,53.330662,-6.260177,37,40,OPEN
3,15:15:43,KILMAINHAM GAOL,53.342113,-6.310015,37,40,OPEN
1,15:19:17,HARDWICKE PLACE,53.357043,-6.263232,24,25,OPEN
2,15:18:47,WOLFE TONE STREET,53.348875,-6.267459,27,29,OPEN
0,15:10:57,FRANCIS STREET,53.342081,-6.275233,30,30,OPEN
4,15:15:29,GREEK STREET,53.346874,-6.272976,16,20,OPEN
18,15:11:47,GUILD STREET,53.347932,-6.240928,22,40,OPEN
24,15:17:59,HERBERT PLACE,53.334432,-6.245575,6,30,OPEN
4,15:18:40,HIGH STREET,53.343565,-6.275071,25,29,OPEN
4,15:17:14,NORTH CIRCULAR ROAD,53.359624,-6.260348,26,30,OPEN
12,15:14:10,WESTERN WAY,53.354929,-6.269425,28,40,OPEN
9,15:14:16,TALBOT STREET,53.350974,-6.25294,31,40,OPEN
6,15:17:14,NEWMAN HOUSE,53.337132,-6.26059,34,40,OPEN
37,15:18:50,SIR PATRICK DUN'S,53.339218,-6.240642,3,40,OPEN
16,15:18:09,NEW CENTRAL BANK,53.347122,-6.234749,24,40,OPEN
0,15:19:29,GRANGEGORMAN LOWER (CENTRAL),53.355173,-6.278424,40,40,OPEN
3,15:14:52,KING STREET NORTH,53.350291,-6.273507,27,30,OPEN
15,15:19:16,KILLARNEY STREET,53.354845,-6.247579,15,30,OPEN
5,15:18:12,HERBERT STREET,53.335742,-6.24551,34,40,OPEN
2,15:17:10,HANOVER QUAY EAST,53.343653,-6.231755,38,40,OPEN
18,15:16:52,CUSTOM HOUSE QUAY,53.347884,-6.248048,12,30,OPEN
16,15:15:10,MOLESWORTH STREET,53.341288,-6.258117,4,20,OPEN
1,15:14:22,GEORGES QUAY,53.347508,-6.252192,19,20,OPEN
3,15:17:51,KILMAINHAM LANE,53.341805,-6.305085,27,30,OPEN
5,15:15:08,MOUNT BROWN,53.341645,-6.29719,17,22,OPEN
19,15:13:40,MARKET STREET SOUTH,53.342296,-6.287661,19,38,OPEN
1,15:15:59,KEVIN STREET,53.337757,-6.267699,39,40,OPEN
1,15:13:13,ECCLES STREET EAST,53.358115,-6.265601,26,27,OPEN
29,15:19:48,GRAND CANAL DOCK,53.342638,-6.238695,11,40,OPEN
16,15:12:36,MERRION SQUARE EAST,53.339434,-6.246548,14,30,OPEN
5,15:16:45,YORK STREET WEST,53.339334,-6.264699,35,40,OPEN
2,15:19:04,ST. STEPHEN'S GREEN SOUTH,53.337494,-6.26199,28,30,OPEN
6,15:17:16,DENMARK STREET GREAT,53.35561,-6.261397,14,20,OPEN
5,15:17:26,ROYAL HOSPITAL,53.343897,-6.29706,35,40,OPEN
29,15:19:42,HEUSTON STATION (CAR PARK),53.346985,-6.297804,11,40,OPEN
0,15:10:29,GRANGEGORMAN LOWER (NORTH),53.355954,-6.278378,36,36,OPEN
21,15:16:27,ST. STEPHEN'S GREEN EAST,53.337824,-6.256035,18,40,OPEN
25,15:12:56,HEUSTON STATION (CENTRAL),53.346603,-6.296924,15,40,OPEN
6,15:16:12,TOWNSEND STREET,53.345922,-6.254614,13,20,OPEN
7,15:18:23,GEORGES LANE,53.35023,-6.279696,33,40,OPEN
13,15:17:15,PHIBSBOROUGH ROAD,53.356307,-6.273717,27,40,OPEN
0,15:18:27,ECCLES STREET,53.359246,-6.269779,20,20,OPEN
8,15:19:09,PORTOBELLO HARBOUR,53.330362,-6.265163,22,30,OPEN
3,15:15:19,MATER HOSPITAL,53.359967,-6.264828,37,40,OPEN
0,15:17:43,BLESSINGTON STREET,53.356769,-6.26814,20,20,OPEN
24,15:13:39,JAMES STREET,53.343456,-6.287409,16,40,OPEN
0,15:17:17,MOUNTJOY SQUARE EAST,53.356717,-6.256359,40,40,OPEN
20,15:13:57,MERRION SQUARE WEST,53.339764,-6.251988,0,20,OPEN
10,15:12:19,CONVENTION CENTRE,53.34744,-6.238523,30,40,OPEN
0,15:17:26,HARDWICKE STREET,53.355473,-6.264423,13,16,OPEN
12,15:12:15,PARKGATE STREET,53.347972,-6.291804,26,38,OPEN
14,15:18:52,SMITHFIELD,53.347692,-6.278214,15,30,OPEN
10,15:16:04,DAME STREET,53.344007,-6.266802,6,16,OPEN
10,15:15:33,HEUSTON BRIDGE (SOUTH),53.347106,-6.292041,15,25,OPEN
12,15:17:24,CATHAL BRUGHA STREET,53.352149,-6.260533,8,20,OPEN
20,15:15:58,SANDWITH STREET,53.345203,-6.247163,20,40,OPEN
13,15:12:56,BUCKINGHAM STREET LOWER,53.353331,-6.249319,16,29,OPEN
12,15:16:17,ROTHE ABBEY,53.338776,-6.30395,23,35,OPEN
17,15:18:13,CHARLEVILLE ROAD,53.359157,-6.281866,23,40,OPEN
7,15:19:31,PRINCES STREET / O'CONNELL STREET,53.349013,-6.260311,16,23,OPEN
1,15:18:47,UPPER SHERRARD STREET,53.358437,-6.260641,29,30,OPEN
4,15:17:49,FITZWILLIAM SQUARE EAST,53.335211,-6.2509,36,40,OPEN
4,15:14:23,GRATTAN STREET,53.339629,-6.243778,19,23,OPEN
13,15:16:59,ST JAMES HOSPITAL (LUAS),53.341359,-6.292951,27,40,OPEN
1,15:16:40,HARCOURT TERRACE,53.332763,-6.257942,19,20,OPEN
7,15:13:05,BOLTON STREET,53.351182,-6.269859,13,20,OPEN
15,15:16:29,JERVIS STREET,53.3483,-6.266651,6,21,OPEN
7,15:16:27,ORMOND QUAY UPPER,53.346057,-6.268001,22,29,OPEN
3,15:14:07,GRANGEGORMAN LOWER (SOUTH),53.354663,-6.278681,37,40,OPEN
2,15:17:07,MOUNTJOY SQUARE WEST,53.356299,-6.258586,28,30,OPEN
2,15:16:42,WILTON TERRACE,53.332383,-6.252717,18,20,OPEN
9,15:17:42,EMMET ROAD,53.340714,-6.308191,31,40,OPEN
19,15:16:34,HEUSTON BRIDGE (NORTH),53.347802,-6.292432,21,40,OPEN
27,15:18:20,LEINSTER STREET SOUTH,53.34218,-6.254485,3,30,OPEN
17,15:15:16,BLACKHALL PLACE,53.3488,-6.281637,13,30,OPEN
