available_bikes,last_update,name,position.lat,position.lng,available_bike_stands,bike_stands,status
8,15:02:44,SMITHFIELD NORTH,53.349562,-6.278198,22,30,OPEN
19,14:58:57,PARNELL SQUARE NORTH,53.3537415547453,-6.26530144781526,1,20,OPEN
21,15:04:34,CLONMEL STREET,53.336021,-6.26298,11,33,OPEN
0,15:03:08,AVONDALE ROAD,53.359405,-6.276142,35,35,OPEN
22,15:05:10,JAMES STREET EAST,53.336597,-6.248109,8,30,OPEN
18,15:02:24,MOUNT STREET LOWER,53.33796,-6.24153,22,40,OPEN
1,15:05:45,CHRISTCHURCH PLACE,53.343368,-6.27012,19,20,OPEN
2,15:04:37,GRANTHAM STREET,53.334123,-6.265436,28,30,OPEN
14,15:02:56,PEARSE STREET,53.344304,-6.250427,16,30,OPEN
0,15:03:09,YORK STREET EAST,53.338755,-6.262003,32,32,OPEN
3,15:03:42,EXCISE WALK,53.347777,-6.244239,37,40,OPEN
17,15:04:08,FITZWILLIAM SQUARE WEST,53.336074,-6.252825,13,30,OPEN
1,15:03:36,PORTOBELLO ROAD,53.330091,-6.268044,29,30,OPEN
5,15:04:53,PARNELL STREET,53.350929,-6.265125,15,20,OPEN
15,15:02:46,FREDERICK STREET SOUTH,53.341515,-6.256853,25,40,OPEN
16,15:05:00,FOWNES STREET UPPER,53.344603,-6.263371,14,30,OPEN
8,15:01:24,CLARENDON ROW,53.340927,-6.262501,22,31,OPEN
8,15:05:05,CUSTOM HOUSE,53.348279,-6.254662,22,30,OPEN
9,15:01:33,RATHDOWN ROAD,53.35893,-6.280337,30,40,OPEN
0,15:05:38,NORTH CIRCULAR ROAD (O'CONNELL'S),53.357841,-6.251557,30,30,OPEN
32,15:04:23,HANOVER QUAY,53.344115,-6.237153,8,40,OPEN
11,15:04:17,OLIVER BOND STREET,53.343893,-6.280531,19,30,OPEN
2,15:02:09,COLLINS BARRACKS MUSEUM,53.347477,-6.28525,36,38,OPEN
13,15:04:32,BROOKFIELD ROAD,53.339005,-6.300217,17,30,OPEN
35,15:02:40,BENSON STREET,53.344153,-6.233451,5,40,OPEN
20,15:01:15,EARLSFORT TERRACE,53.334295,-6.258503,10,30,OPEN
14,15:03:04,GOLDEN LANE,53.340803,-6.267732,6,20,OPEN
3,15:05:12,DEVERELL PLACE,53.351464,-6.255265,27,30,OPEN
31,15:03:27,WILTON TERRACE (PARK),53.333653,-6.248345,9,40,OPEN
3,15:03:25,JOHN STREET WEST,53.343105,-6.277167,28,31,OPEN
14,15:04:04,FENIAN STREET,53.341428,-6.24672,21,35,OPEN
9,15:03:13,MERRION SQUARE SOUTH,53.338614,-6.248606,31,40,OPEN
6,15:01:57,SOUTH DOCK ROAD,53.341833,-6.231291,24,30,OPEN
16,15:05:25,CITY QUAY,53.346637,-6.246154,14,30,OPEN
17,15:05:47,EXCHEQUER STREET,53.343034,-6.263578,7,24,OPEN
8,15:03:34,THE POINT,53.346867,-6.230852,32,40,OPEN
2,15:00:29,BROADSTONE,53.3547,-6.272314,28,30,OPEN
25,15:05:13,HATCH STREET,53.33403,-6.260714,11,36,OPEN
19,15:02:46,LIME STREET,53.346026,-6.243576,21,40,OPEN
1,14:56:40,CHARLEMONT PLACE,53.330662,-6.260177,39,40,OPEN
12,15:04:37,KILMAINHAM GAOL,53.342113,-6.310015,28,40,OPEN
1,15:00:54,HARDWICKE PLACE,53.357043,-6.263232,24,25,OPEN
15,15:02:59,WOLFE TONE STREET,53.348875,-6.267459,14,29,OPEN
2,15:04:57,FRANCIS STREET,53.342081,-6.275233,28,30,OPEN
2,15:03:28,GREEK STREET,53.346874,-6.272976,18,20,OPEN
16,15:05:27,GUILD STREET,53.347932,-6.240928,24,40,OPEN
25,15:05:23,HERBERT PLACE,53.334432,-6.245575,5,30,OPEN
18,15:05:29,HIGH STREET,53.343565,-6.275071,11,29,OPEN
4,15:00:31,NORTH CIRCULAR ROAD,53.359624,-6.260348,26,30,OPEN
17,15:01:52,WESTERN WAY,53.354929,-6.269425,23,40,OPEN
22,15:04:03,TALBOT STREET,53.350974,-6.25294,18,40,OPEN
24,15:05:37,NEWMAN HOUSE,53.337132,-6.26059,15,40,OPEN
39,15:05:14,SIR PATRICK DUN'S,53.339218,-6.240642,1,40,OPEN
22,15:03:05,NEW CENTRAL BANK,53.347122,-6.234749,18,40,OPEN
11,15:03:15,GRANGEGORMAN LOWER (CENTRAL),53.355173,-6.278424,29,40,OPEN
1,15:01:06,KING STREET NORTH,53.350291,-6.273507,29,30,OPEN
1,15:05:29,KILLARNEY STREET,53.354845,-6.247579,29,30,OPEN
32,15:02:59,HERBERT STREET,53.335742,-6.24551,8,40,OPEN
22,15:01:59,HANOVER QUAY EAST,53.343653,-6.231755,18,40,OPEN
1,15:04:31,CUSTOM HOUSE QUAY,53.347884,-6.248048,29,30,OPEN
7,14:58:26,MOLESWORTH STREET,53.341288,-6.258117,13,20,OPEN
1,15:01:06,GEORGES QUAY,53.347508,-6.252192,19,20,OPEN
15,15:00:41,KILMAINHAM LANE,53.341805,-6.305085,15,30,OPEN
7,15:01:44,MOUNT BROWN,53.341645,-6.29719,15,22,OPEN
18,15:01:09,MARKET STREET SOUTH,53.342296,-6.287661,20,38,OPEN
17,15:01:52,KEVIN STREET,53.337757,-6.267699,23,40,OPEN
3,15:03:50,ECCLES STREET EAST,53.358115,-6.265601,24,27,OPEN
33,15:01:50,GRAND CANAL DOCK,53.342638,-6.238695,7,40,OPEN
21,15:05:13,MERRION SQUARE EAST,53.339434,-6.246548,8,30,OPEN
6,15:01:01,YORK STREET WEST,53.339334,-6.264699,34,40,OPEN
10,15:01:43,ST. STEPHEN'S GREEN SOUTH,53.337494,-6.26199,20,30,OPEN
3,15:05:09,DENMARK STREET GREAT,53.35561,-6.261397,17,20,OPEN
12,14:56:09,ROYAL HOSPITAL,53.343897,-6.29706,27,40,OPEN
16,15:03:45,HEUSTON STATION (CAR PARK),53.346985,-6.297804,24,40,OPEN
1,15:04:39,GRANGEGORMAN LOWER (NORTH),53.355954,-6.278378,35,36,OPEN
23,15:03:09,ST. STEPHEN'S GREEN EAST,53.337824,-6.256035,17,40,OPEN
0,15:04:07,HEUSTON STATION (CENTRAL),53.346603,-6.296924,40,40,OPEN
4,15:05:32,TOWNSEND STREET,53.345922,-6.254614,16,20,OPEN
13,14:58:56,GEORGES LANE,53.35023,-6.279696,27,40,OPEN
19,15:05:03,PHIBSBOROUGH ROAD,53.356307,-6.273717,21,40,OPEN
4,15:02:11,ECCLES STREET,53.359246,-6.269779,16,20,OPEN
7,15:05:49,PORTOBELLO HARBOUR,53.330362,-6.265163,23,30,OPEN
6,15:03:17,MATER HOSPITAL,53.359967,-6.264828,34,40,OPEN
3,15:02:40,BLESSINGTON STREET,53.356769,-6.26814,17,20,OPEN
20,15:05:13,JAMES STREET,53.343456,-6.287409,20,40,OPEN
0,15:01:00,MOUNTJOY SQUARE EAST,53.356717,-6.256359,40,40,OPEN
5,15:03:41,MERRION SQUARE WEST,53.339764,-6.251988,15,20,OPEN
23,15:04:50,CONVENTION CENTRE,53.34744,-6.238523,17,40,OPEN
7,15:04:41,HARDWICKE STREET,53.355473,-6.264423,9,16,OPEN
3,15:04:46,PARKGATE STREET,53.347972,-6.291804,35,38,OPEN
14,15:05:16,SMITHFIELD,53.347692,-6.278214,16,30,OPEN
14,15:05:42,DAME STREET,53.344007,-6.266802,2,16,OPEN
4,15:05:14,HEUSTON BRIDGE (SOUTH),53.347106,-6.292041,21,25,OPEN
2,15:04:23,CATHAL BRUGHA STREET,53.352149,-6.260533,18,20,OPEN
12,15:04:53,SANDWITH STREET,53.345203,-6.247163,28,40,OPEN
0,15:04:02,BUCKINGHAM STREET LOWER,53.353331,-6.249319,29,29,OPEN
8,15:05:32,ROTHE ABBEY,53.338776,-6.30395,27,35,OPEN
17,15:02:12,CHARLEVILLE ROAD,53.359157,-6.281866,23,40,OPEN
13,15:05:00,PRINCES STREET / O'CONNELL STREET,53.349013,-6.260311,10,23,OPEN
4,15:05:44,UPPER SHERRARD STREET,53.358437,-6.260641,26,30,OPEN
16,15:03:02,FITZWILLIAM SQUARE EAST,53.335211,-6.2509,24,40,OPEN
15,15:02:05,GRATTAN STREET,53.339629,-6.243778,8,23,OPEN
17,15:05:40,ST JAMES HOSPITAL (LUAS),53.341359,-6.292951,23,40,OPEN
2,15:01:18,HARCOURT TERRACE,53.332763,-6.257942,18,20,OPEN
20,15:03:53,BOLTON STREET,53.351182,-6.269859,0,20,OPEN
13,15:05:23,JERVIS STREET,53.3483,-6.266651,8,21,OPEN
6,14:56:29,ORMOND QUAY UPPER,53.346057,-6.268001,23,29,OPEN
2,15:03:06,GRANGEGORMAN LOWER (SOUTH),53.354663,-6.278681,38,40,OPEN
7,15:05:18,MOUNTJOY SQUARE WEST,53.356299,-6.258586,23,30,OPEN
4,15:05:14,WILTON TERRACE,53.332383,-6.252717,16,20,OPEN
10,15:03:18,EMMET ROAD,53.340714,-6.308191,28,40,OPEN
0,15:02:32,HEUSTON BRIDGE (NORTH),53.347802,-6.292432,40,40,OPEN
12,15:05:17,LEINSTER STREET SOUTH,53.34218,-6.254485,18,30,OPEN
6,15:03:42,BLACKHALL PLACE,53.3488,-6.281637,24,30,OPEN
