available_bikes,last_update,name,position.lat,position.lng,available_bike_stands,bike_stands,status
3,01:57:24,LIDL BEŽIGRAD,46.063797,14.506854,17,20,OPEN
7,01:56:31,ŠMARTINSKI PARK,46.065206,14.529911,13,20,OPEN
11,01:57:46,SAVSKO NASELJE 1-ŠMARTINSKA CESTA,46.062475,14.524321,9,20,OPEN
8,02:04:24,ČRNUČE,46.102446,14.530213,12,20,OPEN
9,01:57:58,VILHARJEVA CESTA,46.06005,14.51302,11,20,OPEN
0,01:56:36,MASARYKOVA DDC,46.05763,14.514264,18,18,OPEN
0,01:57:28,POGAČARJEV TRG-TRŽNICA,46.051093,14.507186,18,18,OPEN
0,02:03:02,CANKARJEVA UL.-NAMA,46.052431,14.503257,26,26,OPEN
18,02:01:05,ANTONOV TRG,46.041753,14.477016,2,20,OPEN
11,02:04:22,PRUŠNIKOVA,46.090608,14.471637,9,20,OPEN
7,02:04:20,TEHNOLOŠKI PARK,46.04843,14.461086,13,20,OPEN
3,01:56:01,KOSEŠKI BAJER,46.068443,14.470913,17,20,OPEN
0,01:56:53,TIVOLI,46.05952,14.4982,20,20,OPEN
21,01:56:09,TRŽNICA MOSTE,46.055801,14.534156,0,21,OPEN
0,01:57:55,GRUDNOVO NABREŽJE-KARLOVŠKA C.,46.045748,14.506196,18,18,OPEN
12,01:56:16,LIDL-LITIJSKA CESTA,46.047689,14.547416,8,20,OPEN
21,01:58:45,ŠPORTNI CENTER STOŽICE,46.08259,14.52016,5,26,OPEN
9,01:56:39,ŠPICA,46.040213,14.512044,9,18,OPEN
9,02:05:45,ROŠKA - STRELIŠKA,46.045,14.51846,11,20,OPEN
0,02:01:33,BAVARSKI DVOR,46.05682,14.50551,20,20,OPEN
0,01:56:06,STARA CERKEV,46.06342,14.494588,14,14,OPEN
12,01:57:36,SITULA,46.059433,14.52051,8,20,OPEN
8,02:00:17,ILIRSKA ULICA,46.053144,14.513479,10,18,OPEN
7,02:05:13,LIDL - RUDNIK,46.020012,14.532479,13,20,OPEN
4,01:55:52,KOPALIŠČE KOLEZIJA,46.042867,14.495239,16,20,OPEN
20,02:05:40,POVŠETOVA - KAJUHOVA,46.051512,14.539272,0,20,OPEN
13,02:02:20,DUNAJSKA C.-PS MERCATOR,46.074193,14.511134,5,18,OPEN
2,02:05:48,CITYPARK,46.068805,14.546257,18,20,OPEN
1,02:05:47,KOPRSKA ULICA,46.033408,14.482468,7,8,OPEN
6,01:58:47,LIDL - VOJKOVA CESTA,46.07589,14.52011,14,20,OPEN
17,01:55:58,POLJANSKA-POTOČNIKOVA,46.048982,14.522709,3,20,OPEN
10,02:02:57,POVŠETOVA-GRABLOVIČEVA,46.051863,14.530349,9,19,OPEN
8,01:56:50,PARK NAVJE-ŽELEZNA CESTA,46.06361,14.51315,12,20,OPEN
14,02:04:39,ZALOG,46.06043,14.613797,6,20,OPEN
10,01:56:39,CESTA NA ROŽNIK,46.053241,14.486206,10,20,OPEN
19,02:00:26,HOFER-KAJUHOVA,46.056405,14.540901,0,20,OPEN
1,01:58:42,DUNAJSKA C.-PS PETROL,46.065136,14.509112,19,20,OPEN
20,01:56:03,STUDENEC,46.054615,14.576031,0,20,OPEN
0,01:57:23,PARKIRIŠČE NUK 2-FF,46.046377,14.501256,20,20,OPEN
20,02:05:01,BRATOVŠEVA PLOŠČAD,46.08929,14.513751,0,20,OPEN
0,02:01:15,KONGRESNI TRG-ŠUBIČEVA ULICA,46.050388,14.504623,20,20,OPEN
20,02:04:07,BS4-STOŽICE,46.086761,14.514151,0,20,OPEN
20,01:58:54,GERBIČEVA - ŠPORTNI PARK SVOBODA,46.039384,14.485458,0,20,OPEN
4,02:04:12,ŽIVALSKI VRT,46.052454,14.472149,15,20,OPEN
13,02:05:10,VOKA - SLOVENČEVA,46.075207,14.504734,7,20,OPEN
1,01:56:13,BTC CITY/DVORANA A,46.065297,14.543996,19,20,OPEN
6,02:04:44,TRNOVO,46.03784,14.50001,14,20,OPEN
10,02:04:17,P+R BARJE,46.02749,14.49958,10,20,OPEN
9,01:57:33,ROŽNA DOLINA-ŠKRABČEVA UL.,46.051439,14.49273,9,18,OPEN
22,02:05:31,KINO ŠIŠKA,46.06928,14.48971,4,26,OPEN
15,01:57:20,ZALOŠKA C.-GRABLOVIČEVA C.,46.05441,14.52978,1,16,OPEN
12,02:04:01,BRODARJEV TRG,46.054398,14.553319,8,20,OPEN
13,02:04:48,DOLENJSKA C. - STRELIŠČE,46.038866,14.517605,7,20,OPEN
19,02:05:00,ŠTEPANJSKO NASELJE 1-JAKČEVA ULICA,46.053047,14.545125,0,19,OPEN
11,01:56:26,SOSESKA NOVO BRDO,46.045617,14.462281,9,20,OPEN
16,02:05:03,TRŽNICA KOSEZE,46.074315,14.475483,2,18,OPEN
5,01:56:57,ALEJA - CELOVŠKA CESTA,46.077302,14.482581,15,20,OPEN
1,01:56:09,MERCATOR CENTER ŠIŠKA,46.087079,14.475439,21,22,OPEN
1,01:59:48,GH ŠENTPETER-NJEGOŠEVA C.,46.05257,14.51928,23,24,OPEN
7,01:56:27,HOFER - POLJE,46.053718,14.589284,13,20,OPEN
11,01:55:55,VIŠKO POLJE,46.046189,14.469037,9,20,OPEN
12,02:05:25,BONIFACIJA,46.039641,14.472664,9,21,OPEN
15,01:56:12,P + R DOLGI MOST,46.037003,14.465229,5,20,OPEN
12,02:04:24,DRAVLJE,46.07984,14.479952,8,20,OPEN
9,02:04:05,POLJE,46.05722,14.583537,11,20,OPEN
11,02:05:35,SUPERNOVA LJUBLJANA - RUDNIK,46.021586,14.536745,9,20,OPEN
9,02:05:18,SREDNJA FRIZERSKA ŠOLA,46.080522,14.491439,11,20,OPEN
2,02:04:51,TRG OF-KOLODVORSKA UL.,46.057421,14.510265,24,26,OPEN
0,01:57:59,TRG MDB,46.047565,14.495687,20,20,OPEN
2,01:58:35,TRŽAŠKA C.-ILIRIJA,46.044629,14.486699,18,20,OPEN
0,01:57:33,PREŠERNOV TRG-PETKOVŠKOVO NABREŽJE,46.051367,14.506542,20,20,OPEN
7,01:59:05,MERCATOR MARKET - CELOVŠKA C. 163,46.073264,14.485942,12,20,OPEN
16,01:56:52,SAVSKO NASELJE 2-LINHARTOVA CESTA,46.064546,14.518013,4,20,OPEN
0,01:59:26,BREG,46.046498,14.505148,19,20,OPEN
8,01:56:13,BTC CITY ATLANTIS,46.063081,14.547851,12,20,OPEN
3,01:56:32,IKEA,46.065175,14.539537,17,20,OPEN
0,01:57:00,MIKLOŠIČEV PARK,46.054168,14.50706,18,18,OPEN
15,01:56:25,BARJANSKA C.-CENTER STAREJŠIH TRNOVO,46.04081,14.49951,5,20,OPEN
0,02:05:49,LEK - VEROVŠKOVA,46.076856,14.500222,20,20,OPEN
6,01:59:44,AMBROŽEV TRG,46.049877,14.516308,12,18,OPEN
8,01:56:46,VOJKOVA - GASILSKA BRIGADA,46.068727,14.516858,12,20,OPEN
9,02:05:05,RAKOVNIK,46.036284,14.522948,11,20,OPEN
20,02:04:49,PREGLOV TRG,46.054554,14.55908,0,20,OPEN
17,02:05:24,PLEČNIKOV STADION,46.06942,14.51052,1,18,OPEN
