available_bikes,last_update,name,position.lat,position.lng,available_bike_stands,bike_stands,status
0,01:14:11,LIDL BEŽIGRAD,46.063797,14.506854,20,20,OPEN
11,01:18:10,ŠMARTINSKI PARK,46.065206,14.529911,9,20,OPEN
16,01:10:21,SAVSKO NASELJE 1-ŠMARTINSKA CESTA,46.062475,14.524321,4,20,OPEN
4,01:10:50,ČRNUČE,46.102446,14.530213,16,20,OPEN
7,01:12:47,VILHARJEVA CESTA,46.06005,14.51302,12,20,OPEN
7,01:16:54,MASARYKOVA DDC,46.05763,14.514264,11,18,OPEN
0,01:16:55,POGAČARJEV TRG-TRŽNICA,46.051093,14.507186,18,18,OPEN
0,01:12:43,CANKARJEVA UL.-NAMA,46.052431,14.503257,26,26,OPEN
7,01:18:37,ANTONOV TRG,46.041753,14.477016,13,20,OPEN
14,01:11:28,PRUŠNIKOVA,46.090608,14.471637,6,20,OPEN
3,01:12:50,TEHNOLOŠKI PARK,46.04843,14.461086,17,20,OPEN
9,01:11:54,KOSEŠKI BAJER,46.068443,14.470913,11,20,OPEN
4,01:09:34,TIVOLI,46.05952,14.4982,16,20,OPEN
20,01:11:55,TRŽNICA MOSTE,46.055801,14.534156,1,21,OPEN
6,01:17:26,GRUDNOVO NABREŽJE-KARLOVŠKA C.,46.045748,14.506196,11,18,OPEN
10,01:15:50,LIDL-LITIJSKA CESTA,46.047689,14.547416,10,20,OPEN
11,01:14:58,ŠPORTNI CENTER STOŽICE,46.08259,14.52016,15,26,OPEN
4,01:13:41,ŠPICA,46.040213,14.512044,14,18,OPEN
13,01:10:21,ROŠKA - STRELIŠKA,46.045,14.51846,7,20,OPEN
5,01:13:00,BAVARSKI DVOR,46.05682,14.50551,15,20,OPEN
5,01:13:48,STARA CERKEV,46.06342,14.494588,9,14,OPEN
6,01:15:24,SITULA,46.059433,14.52051,13,20,OPEN
2,01:16:25,ILIRSKA ULICA,46.053144,14.513479,16,18,OPEN
7,01:15:12,LIDL - RUDNIK,46.020012,14.532479,13,20,OPEN
4,01:14:04,KOPALIŠČE KOLEZIJA,46.042867,14.495239,16,20,OPEN
10,01:11:21,POVŠETOVA - KAJUHOVA,46.051512,14.539272,10,20,OPEN
17,01:14:49,DUNAJSKA C.-PS MERCATOR,46.074193,14.511134,1,18,OPEN
3,01:09:22,CITYPARK,46.068805,14.546257,17,20,OPEN
3,01:17:08,KOPRSKA ULICA,46.033408,14.482468,5,8,OPEN
14,01:18:27,LIDL - VOJKOVA CESTA,46.07589,14.52011,6,20,OPEN
16,01:15:26,POLJANSKA-POTOČNIKOVA,46.048982,14.522709,4,20,OPEN
12,01:11:06,POVŠETOVA-GRABLOVIČEVA,46.051863,14.530349,7,19,OPEN
9,01:16:31,PARK NAVJE-ŽELEZNA CESTA,46.06361,14.51315,11,20,OPEN
11,01:17:48,ZALOG,46.06043,14.613797,9,20,OPEN
1,01:13:56,CESTA NA ROŽNIK,46.053241,14.486206,19,20,OPEN
13,01:11:06,HOFER-KAJUHOVA,46.056405,14.540901,7,20,OPEN
1,01:09:20,DUNAJSKA C.-PS PETROL,46.065136,14.509112,19,20,OPEN
15,01:13:11,STUDENEC,46.054615,14.576031,5,20,OPEN
1,01:11:40,PARKIRIŠČE NUK 2-FF,46.046377,14.501256,19,20,OPEN
19,01:11:46,BRATOVŠEVA PLOŠČAD,46.08929,14.513751,1,20,OPEN
0,01:18:09,KONGRESNI TRG-ŠUBIČEVA ULICA,46.050388,14.504623,19,20,OPEN
14,01:10:03,BS4-STOŽICE,46.086761,14.514151,6,20,OPEN
15,01:17:45,GERBIČEVA - ŠPORTNI PARK SVOBODA,46.039384,14.485458,5,20,OPEN
4,01:13:19,ŽIVALSKI VRT,46.052454,14.472149,16,20,OPEN
4,01:11:51,VOKA - SLOVENČEVA,46.075207,14.504734,16,20,OPEN
12,01:14:57,BTC CITY/DVORANA A,46.065297,14.543996,8,20,OPEN
7,01:09:13,TRNOVO,46.03784,14.50001,13,20,OPEN
10,01:14:35,P+R BARJE,46.02749,14.49958,10,20,OPEN
9,01:11:10,ROŽNA DOLINA-ŠKRABČEVA UL.,46.051439,14.49273,8,18,OPEN
10,01:14:31,KINO ŠIŠKA,46.06928,14.48971,16,26,OPEN
10,01:18:05,ZALOŠKA C.-GRABLOVIČEVA C.,46.05441,14.52978,6,16,OPEN
13,01:18:43,BRODARJEV TRG,46.054398,14.553319,7,20,OPEN
12,01:09:19,DOLENJSKA C. - STRELIŠČE,46.038866,14.517605,8,20,OPEN
6,01:09:43,ŠTEPANJSKO NASELJE 1-JAKČEVA ULICA,46.053047,14.545125,13,19,OPEN
8,01:09:46,SOSESKA NOVO BRDO,46.045617,14.462281,12,20,OPEN
10,01:11:57,TRŽNICA KOSEZE,46.074315,14.475483,8,18,OPEN
4,01:13:18,ALEJA - CELOVŠKA CESTA,46.077302,14.482581,16,20,OPEN
2,01:18:10,MERCATOR CENTER ŠIŠKA,46.087079,14.475439,20,22,OPEN
0,01:16:09,GH ŠENTPETER-NJEGOŠEVA C.,46.05257,14.51928,24,24,OPEN
5,01:12:22,HOFER - POLJE,46.053718,14.589284,15,20,OPEN
14,01:18:32,VIŠKO POLJE,46.046189,14.469037,6,20,OPEN
5,01:12:36,BONIFACIJA,46.039641,14.472664,16,21,OPEN
8,01:17:44,P + R DOLGI MOST,46.037003,14.465229,11,20,OPEN
13,01:18:04,DRAVLJE,46.07984,14.479952,7,20,OPEN
9,01:12:36,POLJE,46.05722,14.583537,11,20,OPEN
8,01:17:37,SUPERNOVA LJUBLJANA - RUDNIK,46.021586,14.536745,12,20,OPEN
11,01:18:03,SREDNJA FRIZERSKA ŠOLA,46.080522,14.491439,8,20,OPEN
18,01:08:48,TRG OF-KOLODVORSKA UL.,46.057421,14.510265,8,26,OPEN
0,01:16:28,TRG MDB,46.047565,14.495687,20,20,OPEN
12,01:11:16,TRŽAŠKA C.-ILIRIJA,46.044629,14.486699,8,20,OPEN
0,01:18:10,PREŠERNOV TRG-PETKOVŠKOVO NABREŽJE,46.051367,14.506542,20,20,OPEN
13,01:14:16,MERCATOR MARKET - CELOVŠKA C. 163,46.073264,14.485942,7,20,OPEN
18,01:17:16,SAVSKO NASELJE 2-LINHARTOVA CESTA,46.064546,14.518013,2,20,OPEN
0,01:14:37,BREG,46.046498,14.505148,19,20,OPEN
2,01:13:14,BTC CITY ATLANTIS,46.063081,14.547851,18,20,OPEN
8,01:16:18,IKEA,46.065175,14.539537,12,20,OPEN
3,01:09:43,MIKLOŠIČEV PARK,46.054168,14.50706,15,18,OPEN
20,01:16:27,BARJANSKA C.-CENTER STAREJŠIH TRNOVO,46.04081,14.49951,0,20,OPEN
0,01:15:45,LEK - VEROVŠKOVA,46.076856,14.500222,20,20,OPEN
15,01:13:15,AMBROŽEV TRG,46.049877,14.516308,3,18,OPEN
6,01:11:02,VOJKOVA - GASILSKA BRIGADA,46.068727,14.516858,14,20,OPEN
11,01:12:17,RAKOVNIK,46.036284,14.522948,9,20,OPEN
15,01:16:36,PREGLOV TRG,46.054554,14.55908,5,20,OPEN
12,01:18:04,PLEČNIKOV STADION,46.06942,14.51052,5,18,OPEN
