available_bikes,last_update,name,position.lat,position.lng,available_bike_stands,bike_stands,status
9,05:46:21,SMITHFIELD NORTH,53.349562,-6.278198,20,30,OPEN
11,05:49:24,PARNELL SQUARE NORTH,53.3537415547453,-6.26530144781526,9,20,OPEN
24,05:48:21,CLONMEL STREET,53.336021,-6.26298,9,33,OPEN
9,05:47:24,AVONDALE ROAD,53.359405,-6.276142,26,35,OPEN
1,05:49:21,JAMES STREET EAST,53.336597,-6.248109,29,30,OPEN
0,05:45:20,MOUNT STREET LOWER,53.33796,-6.24153,40,40,OPEN
18,05:45:53,CHRISTCHURCH PLACE,53.343368,-6.27012,2,20,OPEN
11,05:47:23,GRANTHAM STREET,53.334123,-6.265436,18,30,OPEN
8,05:47:24,PEARSE STREET,53.344304,-6.250427,22,30,OPEN
17,05:46:24,YORK STREET EAST,53.338755,-6.262003,15,32,OPEN
14,05:47:22,EXCISE WALK,53.347777,-6.244239,26,40,OPEN
1,05:47:22,FITZWILLIAM SQUARE WEST,53.336074,-6.252825,29,30,OPEN
14,05:47:22,PORTOBELLO ROAD,53.330091,-6.268044,16,30,OPEN
7,05:45:23,PARNELL STREET,53.350929,-6.265125,13,20,OPEN
20,05:48:18,FREDERICK STREET SOUTH,53.341515,-6.256853,20,40,OPEN
14,05:50:07,FOWNES STREET UPPER,53.344603,-6.263371,16,30,OPEN
27,05:45:22,CLARENDON ROW,53.340927,-6.262501,4,31,OPEN
4,05:47:20,CUSTOM HOUSE,53.348279,-6.254662,26,30,OPEN
15,05:45:56,RATHDOWN ROAD,53.35893,-6.280337,25,40,OPEN
12,05:46:49,NORTH CIRCULAR ROAD (O'CONNELL'S),53.357841,-6.251557,18,30,OPEN
6,05:47:22,HANOVER QUAY,53.344115,-6.237153,34,40,OPEN
21,05:48:21,OLIVER BOND STREET,53.343893,-6.280531,9,30,OPEN
34,05:46:24,COLLINS BARRACKS MUSEUM,53.347477,-6.28525,4,38,OPEN
23,05:48:23,BROOKFIELD ROAD,53.339005,-6.300217,7,30,OPEN
11,05:49:20,BENSON STREET,53.344153,-6.233451,29,40,OPEN
0,05:46:26,EARLSFORT TERRACE,53.334295,-6.258503,30,30,OPEN
11,05:46:23,GOLDEN LANE,53.340803,-6.267732,9,20,OPEN
15,05:49:22,DEVERELL PLACE,53.351464,-6.255265,15,30,OPEN
17,05:48:53,WILTON TERRACE (PARK),53.333653,-6.248345,22,40,OPEN
13,05:46:54,JOHN STREET WEST,53.343105,-6.277167,18,31,OPEN
1,05:47:24,FENIAN STREET,53.341428,-6.24672,34,35,OPEN
2,05:47:21,MERRION SQUARE SOUTH,53.338614,-6.248606,36,40,OPEN
14,05:45:23,SOUTH DOCK ROAD,53.341833,-6.231291,16,30,OPEN
2,05:48:21,CITY QUAY,53.346637,-6.246154,28,30,OPEN
20,05:48:19,EXCHEQUER STREET,53.343034,-6.263578,4,24,OPEN
18,05:46:26,THE POINT,53.346867,-6.230852,22,40,OPEN
5,05:45:21,BROADSTONE,53.3547,-6.272314,25,30,OPEN
0,05:49:21,HATCH STREET,53.33403,-6.260714,36,36,OPEN
1,05:46:22,LIME STREET,53.346026,-6.243576,39,40,OPEN
33,05:49:19,CHARLEMONT PLACE,53.330662,-6.260177,7,40,OPEN
4,05:46:23,KILMAINHAM GAOL,53.342113,-6.310015,36,40,OPEN
1,05:45:22,HARDWICKE PLACE,53.357043,-6.263232,24,25,OPEN
1,05:46:21,WOLFE TONE STREET,53.348875,-6.267459,28,29,OPEN
15,05:47:25,FRANCIS STREET,53.342081,-6.275233,15,30,OPEN
11,05:48:22,GREEK STREET,53.346874,-6.272976,9,20,OPEN
15,05:48:24,GUILD STREET,53.347932,-6.240928,25,40,OPEN
0,05:48:23,HERBERT PLACE,53.334432,-6.245575,30,30,OPEN
20,05:46:23,HIGH STREET,53.343565,-6.275071,9,29,OPEN
19,05:49:23,NORTH CIRCULAR ROAD,53.359624,-6.260348,11,30,OPEN
18,05:46:26,WESTERN WAY,53.354929,-6.269425,22,40,OPEN
22,05:47:23,TALBOT STREET,53.350974,-6.25294,18,40,OPEN
10,05:47:21,NEWMAN HOUSE,53.337132,-6.26059,30,40,OPEN
1,05:47:21,SIR PATRICK DUN'S,53.339218,-6.240642,39,40,OPEN
13,05:45:21,NEW CENTRAL BANK,53.347122,-6.234749,27,40,OPEN
30,05:48:24,GRANGEGORMAN LOWER (CENTRAL),53.355173,-6.278424,10,40,OPEN
14,05:45:22,KING STREET NORTH,53.350291,-6.273507,16,30,OPEN
18,05:49:21,KILLARNEY STREET,53.354845,-6.247579,12,30,OPEN
9,05:46:22,HERBERT STREET,53.335742,-6.24551,31,40,OPEN
7,05:46:25,HANOVER QUAY EAST,53.343653,-6.231755,33,40,OPEN
0,05:47:23,CUSTOM HOUSE QUAY,53.347884,-6.248048,0,30,OPEN
9,05:46:25,MOLESWORTH STREET,53.341288,-6.258117,11,20,OPEN
9,05:45:24,GEORGES QUAY,53.347508,-6.252192,11,20,OPEN
5,05:45:44,KILMAINHAM LANE,53.341805,-6.305085,25,30,OPEN
7,05:46:21,MOUNT BROWN,53.341645,-6.29719,15,22,OPEN
16,05:45:31,MARKET STREET SOUTH,53.342296,-6.287661,21,38,OPEN
22,05:48:14,KEVIN STREET,53.337757,-6.267699,18,40,OPEN
1,05:48:23,ECCLES STREET EAST,53.358115,-6.265601,26,27,OPEN
6,05:48:24,GRAND CANAL DOCK,53.342638,-6.238695,34,40,OPEN
0,05:49:21,MERRION SQUARE EAST,53.339434,-6.246548,30,30,OPEN
19,05:45:23,YORK STREET WEST,53.339334,-6.264699,21,40,OPEN
7,05:47:25,ST. STEPHEN'S GREEN SOUTH,53.337494,-6.26199,23,30,OPEN
2,05:48:24,DENMARK STREET GREAT,53.35561,-6.261397,18,20,OPEN
14,05:49:52,ROYAL HOSPITAL,53.343897,-6.29706,26,40,OPEN
17,05:48:22,HEUSTON STATION (CAR PARK),53.346985,-6.297804,23,40,OPEN
22,05:49:20,GRANGEGORMAN LOWER (NORTH),53.355954,-6.278378,14,36,OPEN
11,05:45:22,ST. STEPHEN'S GREEN EAST,53.337824,-6.256035,29,40,OPEN
27,05:47:23,HEUSTON STATION (CENTRAL),53.346603,-6.296924,13,40,OPEN
9,05:46:23,TOWNSEND STREET,53.345922,-6.254614,11,20,OPEN
13,05:49:52,GEORGES LANE,53.35023,-6.279696,27,40,OPEN
5,05:49:22,PHIBSBOROUGH ROAD,53.356307,-6.273717,35,40,OPEN
1,05:46:21,ECCLES STREET,53.359246,-6.269779,19,20,OPEN
12,05:48:26,PORTOBELLO HARBOUR,53.330362,-6.265163,18,30,OPEN
11,05:47:19,MATER HOSPITAL,53.359967,-6.264828,29,40,OPEN
9,05:46:22,BLESSINGTON STREET,53.356769,-6.26814,11,20,OPEN
24,05:49:24,JAMES STREET,53.343456,-6.287409,16,40,OPEN
5,05:45:25,MOUNTJOY SQUARE EAST,53.356717,-6.256359,35,40,OPEN
13,05:45:22,MERRION SQUARE WEST,53.339764,-6.251988,7,20,OPEN
7,05:49:23,CONVENTION CENTRE,53.34744,-6.238523,33,40,OPEN
3,05:49:21,HARDWICKE STREET,53.355473,-6.264423,13,16,OPEN
15,05:45:21,PARKGATE STREET,53.347972,-6.291804,23,38,OPEN
28,05:49:23,SMITHFIELD,53.347692,-6.278214,2,30,OPEN
14,05:49:23,DAME STREET,53.344007,-6.266802,2,16,OPEN
6,05:49:20,HEUSTON BRIDGE (SOUTH),53.347106,-6.292041,19,25,OPEN
9,05:48:20,CATHAL BRUGHA STREET,53.352149,-6.260533,11,20,OPEN
7,05:48:23,SANDWITH STREET,53.345203,-6.247163,33,40,OPEN
11,05:48:52,BUCKINGHAM STREET LOWER,53.353331,-6.249319,18,29,OPEN
13,05:49:23,ROTHE ABBEY,53.338776,-6.30395,22,35,OPEN
10,05:46:19,CHARLEVILLE ROAD,53.359157,-6.281866,30,40,OPEN
11,05:47:23,PRINCES STREET / O'CONNELL STREET,53.349013,-6.260311,12,23,OPEN
22,05:48:24,UPPER SHERRARD STREET,53.358437,-6.260641,8,30,OPEN
0,05:48:24,FITZWILLIAM SQUARE EAST,53.335211,-6.2509,40,40,OPEN
0,05:46:22,GRATTAN STREET,53.339629,-6.243778,23,23,OPEN
14,05:51:29,ST JAMES HOSPITAL (LUAS),53.341359,-6.292951,26,40,OPEN
1,05:45:21,HARCOURT TERRACE,53.332763,-6.257942,19,20,OPEN
11,05:47:23,BOLTON STREET,53.351182,-6.269859,9,20,OPEN
0,05:49:24,JERVIS STREET,53.3483,-6.266651,21,21,OPEN
26,05:48:24,ORMOND QUAY UPPER,53.346057,-6.268001,3,29,OPEN
14,05:47:20,GRANGEGORMAN LOWER (SOUTH),53.354663,-6.278681,26,40,OPEN
22,05:47:21,MOUNTJOY SQUARE WEST,53.356299,-6.258586,8,30,OPEN
6,05:48:22,WILTON TERRACE,53.332383,-6.252717,14,20,OPEN
11,05:47:21,EMMET ROAD,53.340714,-6.308191,29,40,OPEN
27,05:46:23,HEUSTON BRIDGE (NORTH),53.347802,-6.292432,13,40,OPEN
22,05:51:10,LEINSTER STREET SOUTH,53.34218,-6.254485,8,30,OPEN
13,05:47:20,BLACKHALL PLACE,53.3488,-6.281637,17,30,OPEN
