available_bikes,last_update,name,position.lat,position.lng,available_bike_stands,bike_stands,status
15,23:01:32,SMITHFIELD NORTH,53.349562,-6.278198,15,30,OPEN
4,22:57:38,PARNELL SQUARE NORTH,53.3537415547453,-6.26530144781526,16,20,OPEN
6,23:01:34,CLONMEL STREET,53.336021,-6.26298,26,33,OPEN
19,22:57:39,AVONDALE ROAD,53.359405,-6.276142,16,35,OPEN
5,22:53:37,JAMES STREET EAST,53.336597,-6.248109,25,30,OPEN
0,22:54:16,MOUNT STREET LOWER,53.33796,-6.24153,40,40,OPEN
18,22:59:38,CHRISTCHURCH PLACE,53.343368,-6.27012,2,20,OPEN
11,22:57:40,GRANTHAM STREET,53.334123,-6.265436,19,30,OPEN
18,23:00:21,PEARSE STREET,53.344304,-6.250427,12,30,OPEN
12,22:56:03,YORK STREET EAST,53.338755,-6.262003,20,32,OPEN
18,22:54:23,EXCISE WALK,53.347777,-6.244239,22,40,OPEN
8,23:01:49,FITZWILLIAM SQUARE WEST,53.336074,-6.252825,22,30,OPEN
7,22:57:39,PORTOBELLO ROAD,53.330091,-6.268044,23,30,OPEN
4,23:02:03,PARNELL STREET,53.350929,-6.265125,16,20,OPEN
11,23:01:08,FREDERICK STREET SOUTH,53.341515,-6.256853,29,40,OPEN
29,23:01:48,FOWNES STREET UPPER,53.344603,-6.263371,1,30,OPEN
11,23:00:20,CLARENDON ROW,53.340927,-6.262501,20,31,OPEN
5,23:01:14,CUSTOM HOUSE,53.348279,-6.254662,25,30,OPEN
12,22:53:58,RATHDOWN ROAD,53.35893,-6.280337,28,40,OPEN
6,23:01:12,NORTH CIRCULAR ROAD (O'CONNELL'S),53.357841,-6.251557,24,30,OPEN
13,22:53:51,HANOVER QUAY,53.344115,-6.237153,27,40,OPEN
11,22:56:01,OLIVER BOND STREET,53.343893,-6.280531,19,30,OPEN
6,23:02:02,COLLINS BARRACKS MUSEUM,53.347477,-6.28525,32,38,OPEN
17,22:55:57,BROOKFIELD ROAD,53.339005,-6.300217,13,30,OPEN
13,22:58:07,BENSON STREET,53.344153,-6.233451,27,40,OPEN
3,23:00:00,EARLSFORT TERRACE,53.334295,-6.258503,27,30,OPEN
11,23:02:26,GOLDEN LANE,53.340803,-6.267732,9,20,OPEN
8,22:56:05,DEVERELL PLACE,53.351464,-6.255265,22,30,OPEN
7,22:55:27,WILTON TERRACE (PARK),53.333653,-6.248345,33,40,OPEN
24,22:53:33,JOHN STREET WEST,53.343105,-6.277167,7,31,OPEN
9,22:54:17,FENIAN STREET,53.341428,-6.24672,26,35,OPEN
0,23:00:35,MERRION SQUARE SOUTH,53.338614,-6.248606,40,40,OPEN
24,22:55:53,SOUTH DOCK ROAD,53.341833,-6.231291,6,30,OPEN
0,22:55:25,CITY QUAY,53.346637,-6.246154,30,30,OPEN
23,23:00:43,EXCHEQUER STREET,53.343034,-6.263578,1,24,OPEN
26,22:58:23,THE POINT,53.346867,-6.230852,14,40,OPEN
0,23:02:20,BROADSTONE,53.3547,-6.272314,30,30,OPEN
0,22:59:59,HATCH STREET,53.33403,-6.260714,36,36,OPEN
5,22:56:25,LIME STREET,53.346026,-6.243576,35,40,OPEN
6,22:58:15,CHARLEMONT PLACE,53.330662,-6.260177,34,40,OPEN
26,22:55:16,KILMAINHAM GAOL,53.342113,-6.310015,14,40,OPEN
9,23:01:34,HARDWICKE PLACE,53.357043,-6.263232,16,25,OPEN
28,23:01:31,WOLFE TONE STREET,53.348875,-6.267459,1,29,OPEN
16,22:55:54,GREEK STREET,53.346874,-6.272976,4,20,OPEN
36,23:02:10,GUILD STREET,53.347932,-6.240928,4,40,OPEN
7,22:56:59,HERBERT PLACE,53.334432,-6.245575,23,30,OPEN
4,22:57:01,HIGH STREET,53.343565,-6.275071,25,29,OPEN
17,22:57:15,NORTH CIRCULAR ROAD,53.359624,-6.260348,13,30,OPEN
18,22:59:10,WESTERN WAY,53.354929,-6.269425,22,40,OPEN
23,23:00:09,TALBOT STREET,53.350974,-6.25294,17,40,OPEN
2,22:56:29,NEWMAN HOUSE,53.337132,-6.26059,38,40,OPEN
17,22:55:40,SIR PATRICK DUN'S,53.339218,-6.240642,23,40,OPEN
3,22:54:30,NEW CENTRAL BANK,53.347122,-6.234749,37,40,OPEN
7,22:53:55,GRANGEGORMAN LOWER (CENTRAL),53.355173,-6.278424,33,40,OPEN
14,22:56:00,KING STREET NORTH,53.350291,-6.273507,16,30,OPEN
12,22:55:31,KILLARNEY STREET,53.354845,-6.247579,18,30,OPEN
4,23:01:54,HERBERT STREET,53.335742,-6.24551,35,40,OPEN
3,22:58:16,HANOVER QUAY EAST,53.343653,-6.231755,37,40,OPEN
1,22:55:56,CUSTOM HOUSE QUAY,53.347884,-6.248048,29,30,OPEN
9,22:55:24,MOLESWORTH STREET,53.341288,-6.258117,11,20,OPEN
17,22:58:29,GEORGES QUAY,53.347508,-6.252192,3,20,OPEN
15,23:00:31,KILMAINHAM LANE,53.341805,-6.305085,15,30,OPEN
6,22:54:32,MOUNT BROWN,53.341645,-6.29719,16,22,OPEN
11,22:57:29,MARKET STREET SOUTH,53.342296,-6.287661,27,38,OPEN
12,22:56:17,KEVIN STREET,53.337757,-6.267699,28,40,OPEN
13,22:52:42,ECCLES STREET EAST,53.358115,-6.265601,14,27,OPEN
15,23:02:26,GRAND CANAL DOCK,53.342638,-6.238695,25,40,OPEN
0,22:55:46,MERRION SQUARE EAST,53.339434,-6.246548,30,30,OPEN
24,23:02:26,YORK STREET WEST,53.339334,-6.264699,16,40,OPEN
1,22:57:38,ST. STEPHEN'S GREEN SOUTH,53.337494,-6.26199,29,30,OPEN
13,22:56:46,DENMARK STREET GREAT,53.35561,-6.261397,7,20,OPEN
11,23:01:09,ROYAL HOSPITAL,53.343897,-6.29706,29,40,OPEN
15,23:01:51,HEUSTON STATION (CAR PARK),53.346985,-6.297804,25,40,OPEN
14,22:59:51,GRANGEGORMAN LOWER (NORTH),53.355954,-6.278378,22,36,OPEN
26,22:59:47,ST. STEPHEN'S GREEN EAST,53.337824,-6.256035,14,40,OPEN
38,22:56:40,HEUSTON STATION (CENTRAL),53.346603,-6.296924,2,40,OPEN
9,22:57:09,TOWNSEND STREET,53.345922,-6.254614,9,20,OPEN
31,22:53:05,GEORGES LANE,53.35023,-6.279696,9,40,OPEN
16,22:59:50,PHIBSBOROUGH ROAD,53.356307,-6.273717,24,40,OPEN
3,23:00:43,ECCLES STREET,53.359246,-6.269779,17,20,OPEN
3,23:01:36,PORTOBELLO HARBOUR,53.330362,-6.265163,27,30,OPEN
8,22:54:35,MATER HOSPITAL,53.359967,-6.264828,32,40,OPEN
9,22:56:38,BLESSINGTON STREET,53.356769,-6.26814,11,20,OPEN
16,22:57:20,JAMES STREET,53.343456,-6.287409,24,40,OPEN
1,22:59:37,MOUNTJOY SQUARE EAST,53.356717,-6.256359,39,40,OPEN
11,22:55:20,MERRION SQUARE WEST,53.339764,-6.251988,9,20,OPEN
32,22:59:23,CONVENTION CENTRE,53.34744,-6.238523,8,40,OPEN
0,22:54:59,HARDWICKE STREET,53.355473,-6.264423,13,16,OPEN
15,23:01:48,PARKGATE STREET,53.347972,-6.291804,23,38,OPEN
12,22:54:52,SMITHFIELD,53.347692,-6.278214,17,30,OPEN
14,22:55:41,DAME STREET,53.344007,-6.266802,2,16,OPEN
20,22:53:34,HEUSTON BRIDGE (SOUTH),53.347106,-6.292041,5,25,OPEN
7,23:01:23,CATHAL BRUGHA STREET,53.352149,-6.260533,12,20,OPEN
3,22:58:59,SANDWITH STREET,53.345203,-6.247163,37,40,OPEN
5,22:52:26,BUCKINGHAM STREET LOWER,53.353331,-6.249319,24,29,OPEN
20,22:59:59,ROTHE ABBEY,53.338776,-6.30395,15,35,OPEN
12,22:56:17,CHARLEVILLE ROAD,53.359157,-6.281866,28,40,OPEN
20,22:55:24,PRINCES STREET / O'CONNELL STREET,53.349013,-6.260311,3,23,OPEN
6,22:57:08,UPPER SHERRARD STREET,53.358437,-6.260641,24,30,OPEN
3,23:01:57,FITZWILLIAM SQUARE EAST,53.335211,-6.2509,37,40,OPEN
1,22:59:21,GRATTAN STREET,53.339629,-6.243778,22,23,OPEN
18,22:59:20,ST JAMES HOSPITAL (LUAS),53.341359,-6.292951,22,40,OPEN
3,23:00:09,HARCOURT TERRACE,53.332763,-6.257942,17,20,OPEN
19,22:56:47,BOLTON STREET,53.351182,-6.269859,1,20,OPEN
13,23:01:24,JERVIS STREET,53.3483,-6.266651,8,21,OPEN
28,22:53:27,ORMOND QUAY UPPER,53.346057,-6.268001,1,29,OPEN
10,23:00:44,GRANGEGORMAN LOWER (SOUTH),53.354663,-6.278681,30,40,OPEN
7,22:56:38,MOUNTJOY SQUARE WEST,53.356299,-6.258586,23,30,OPEN
8,22:53:28,WILTON TERRACE,53.332383,-6.252717,12,20,OPEN
31,22:53:39,EMMET ROAD,53.340714,-6.308191,9,40,OPEN
30,22:56:36,HEUSTON BRIDGE (NORTH),53.347802,-6.292432,10,40,OPEN
16,23:01:52,LEINSTER STREET SOUTH,53.34218,-6.254485,14,30,OPEN
25,22:57:07,BLACKHALL PLACE,53.3488,-6.281637,5,30,OPEN
