available_bikes,last_update,name,position.lat,position.lng,available_bike_stands,bike_stands,status
26,04:16:35,SMITHFIELD NORTH,53.349562,-6.278198,4,30,OPEN
0,04:19:35,PARNELL SQUARE NORTH,53.3537415547453,-6.26530144781526,20,20,OPEN
8,04:18:37,CLONMEL STREET,53.336021,-6.26298,25,33,OPEN
29,04:17:36,AVONDALE ROAD,53.359405,-6.276142,6,35,OPEN
0,04:19:36,JAMES STREET EAST,53.336597,-6.248109,30,30,OPEN
15,04:15:38,MOUNT STREET LOWER,53.33796,-6.24153,25,40,OPEN
2,04:15:33,CHRISTCHURCH PLACE,53.343368,-6.27012,18,20,OPEN
8,04:18:39,GRANTHAM STREET,53.334123,-6.265436,21,30,OPEN
0,04:16:34,PEARSE STREET,53.344304,-6.250427,30,30,OPEN
3,04:16:37,YORK STREET EAST,53.338755,-6.262003,29,32,OPEN
20,04:17:37,EXCISE WALK,53.347777,-6.244239,20,40,OPEN
13,04:17:36,FITZWILLIAM SQUARE WEST,53.336074,-6.252825,17,30,OPEN
19,04:17:37,PORTOBELLO ROAD,53.330091,-6.268044,11,30,OPEN
4,04:15:35,PARNELL STREET,53.350929,-6.265125,16,20,OPEN
2,04:17:37,FREDERICK STREET SOUTH,53.341515,-6.256853,38,40,OPEN
19,04:18:35,FOWNES STREET UPPER,53.344603,-6.263371,11,30,OPEN
4,04:15:36,CLARENDON ROW,53.340927,-6.262501,27,31,OPEN
6,04:17:34,CUSTOM HOUSE,53.348279,-6.254662,24,30,OPEN
24,04:15:36,RATHDOWN ROAD,53.35893,-6.280337,16,40,OPEN
20,04:16:38,NORTH CIRCULAR ROAD (O'CONNELL'S),53.357841,-6.251557,10,30,OPEN
0,04:17:36,HANOVER QUAY,53.344115,-6.237153,40,40,OPEN
25,04:18:34,OLIVER BOND STREET,53.343893,-6.280531,5,30,OPEN
20,04:16:39,COLLINS BARRACKS MUSEUM,53.347477,-6.28525,18,38,OPEN
24,04:18:36,BROOKFIELD ROAD,53.339005,-6.300217,6,30,OPEN
1,04:19:35,BENSON STREET,53.344153,-6.233451,39,40,OPEN
0,04:15:35,EARLSFORT TERRACE,53.334295,-6.258503,30,30,OPEN
0,04:16:34,GOLDEN LANE,53.340803,-6.267732,20,20,OPEN
21,04:19:36,DEVERELL PLACE,53.351464,-6.255265,9,30,OPEN
7,04:18:36,WILTON TERRACE (PARK),53.333653,-6.248345,33,40,OPEN
25,04:16:37,JOHN STREET WEST,53.343105,-6.277167,6,31,OPEN
12,04:17:36,FENIAN STREET,53.341428,-6.24672,23,35,OPEN
0,04:17:39,MERRION SQUARE SOUTH,53.338614,-6.248606,38,40,OPEN
28,04:15:34,SOUTH DOCK ROAD,53.341833,-6.231291,2,30,OPEN
19,04:18:35,CITY QUAY,53.346637,-6.246154,11,30,OPEN
8,04:18:34,EXCHEQUER STREET,53.343034,-6.263578,16,24,OPEN
11,04:16:35,THE POINT,53.346867,-6.230852,29,40,OPEN
6,04:15:36,BROADSTONE,53.3547,-6.272314,24,30,OPEN
4,04:19:37,HATCH STREET,53.33403,-6.260714,32,36,OPEN
9,04:16:37,LIME STREET,53.346026,-6.243576,31,40,OPEN
40,04:19:35,CHARLEMONT PLACE,53.330662,-6.260177,0,40,OPEN
25,04:16:36,KILMAINHAM GAOL,53.342113,-6.310015,15,40,OPEN
6,04:15:35,HARDWICKE PLACE,53.357043,-6.263232,19,25,OPEN
13,04:16:37,WOLFE TONE STREET,53.348875,-6.267459,16,29,OPEN
29,04:17:38,FRANCIS STREET,53.342081,-6.275233,1,30,OPEN
9,04:18:35,GREEK STREET,53.346874,-6.272976,11,20,OPEN
15,04:18:38,GUILD STREET,53.347932,-6.240928,25,40,OPEN
16,04:18:34,HERBERT PLACE,53.334432,-6.245575,14,30,OPEN
19,04:16:36,HIGH STREET,53.343565,-6.275071,10,29,OPEN
9,04:20:39,NORTH CIRCULAR ROAD,53.359624,-6.260348,21,30,OPEN
5,04:16:38,WESTERN WAY,53.354929,-6.269425,35,40,OPEN
6,04:17:36,TALBOT STREET,53.350974,-6.25294,34,40,OPEN
0,04:17:36,NEWMAN HOUSE,53.337132,-6.26059,40,40,OPEN
6,04:17:38,SIR PATRICK DUN'S,53.339218,-6.240642,34,40,OPEN
12,04:15:38,NEW CENTRAL BANK,53.347122,-6.234749,28,40,OPEN
7,04:18:38,GRANGEGORMAN LOWER (CENTRAL),53.355173,-6.278424,33,40,OPEN
26,04:15:34,KING STREET NORTH,53.350291,-6.273507,4,30,OPEN
20,04:19:36,KILLARNEY STREET,53.354845,-6.247579,10,30,OPEN
3,04:16:37,HERBERT STREET,53.335742,-6.24551,37,40,OPEN
2,04:16:40,HANOVER QUAY EAST,53.343653,-6.231755,38,40,OPEN
0,04:17:35,CUSTOM HOUSE QUAY,53.347884,-6.248048,0,30,OPEN
1,04:16:34,MOLESWORTH STREET,53.341288,-6.258117,19,20,OPEN
5,04:15:35,GEORGES QUAY,53.347508,-6.252192,15,20,OPEN
26,04:15:35,KILMAINHAM LANE,53.341805,-6.305085,4,30,OPEN
1,04:16:35,MOUNT BROWN,53.341645,-6.29719,21,22,OPEN
21,04:15:38,MARKET STREET SOUTH,53.342296,-6.287661,17,38,OPEN
14,04:16:08,KEVIN STREET,53.337757,-6.267699,26,40,OPEN
4,04:18:36,ECCLES STREET EAST,53.358115,-6.265601,23,27,OPEN
0,04:18:36,GRAND CANAL DOCK,53.342638,-6.238695,40,40,OPEN
0,04:19:34,MERRION SQUARE EAST,53.339434,-6.246548,30,30,OPEN
2,04:15:39,YORK STREET WEST,53.339334,-6.264699,38,40,OPEN
0,04:16:34,ST. STEPHEN'S GREEN SOUTH,53.337494,-6.26199,30,30,OPEN
5,04:18:35,DENMARK STREET GREAT,53.35561,-6.261397,15,20,OPEN
23,04:19:36,ROYAL HOSPITAL,53.343897,-6.29706,17,40,OPEN
25,04:18:36,HEUSTON STATION (CAR PARK),53.346985,-6.297804,15,40,OPEN
23,04:19:36,GRANGEGORMAN LOWER (NORTH),53.355954,-6.278378,13,36,OPEN
0,04:15:37,ST. STEPHEN'S GREEN EAST,53.337824,-6.256035,40,40,OPEN
32,04:17:39,HEUSTON STATION (CENTRAL),53.346603,-6.296924,8,40,OPEN
1,04:16:35,TOWNSEND STREET,53.345922,-6.254614,19,20,OPEN
18,04:19:38,GEORGES LANE,53.35023,-6.279696,22,40,OPEN
14,04:19:38,PHIBSBOROUGH ROAD,53.356307,-6.273717,26,40,OPEN
9,04:16:37,ECCLES STREET,53.359246,-6.269779,11,20,OPEN
28,04:18:38,PORTOBELLO HARBOUR,53.330362,-6.265163,2,30,OPEN
3,04:18:07,MATER HOSPITAL,53.359967,-6.264828,37,40,OPEN
11,04:17:04,BLESSINGTON STREET,53.356769,-6.26814,9,20,OPEN
30,04:21:18,JAMES STREET,53.343456,-6.287409,10,40,OPEN
1,04:15:37,MOUNTJOY SQUARE EAST,53.356717,-6.256359,39,40,OPEN
3,04:15:35,MERRION SQUARE WEST,53.339764,-6.251988,17,20,OPEN
8,04:19:37,CONVENTION CENTRE,53.34744,-6.238523,32,40,OPEN
3,04:19:34,HARDWICKE STREET,53.355473,-6.264423,13,16,OPEN
34,04:15:36,PARKGATE STREET,53.347972,-6.291804,4,38,OPEN
9,04:20:37,SMITHFIELD,53.347692,-6.278214,21,30,OPEN
16,04:19:33,DAME STREET,53.344007,-6.266802,0,16,OPEN
22,04:19:36,HEUSTON BRIDGE (SOUTH),53.347106,-6.292041,3,25,OPEN
2,04:18:35,CATHAL BRUGHA STREET,53.352149,-6.260533,18,20,OPEN
4,04:18:38,SANDWITH STREET,53.345203,-6.247163,36,40,OPEN
26,04:18:37,BUCKINGHAM STREET LOWER,53.353331,-6.249319,3,29,OPEN
25,04:19:36,ROTHE ABBEY,53.338776,-6.30395,10,35,OPEN
29,04:16:36,CHARLEVILLE ROAD,53.359157,-6.281866,11,40,OPEN
0,04:18:36,PRINCES STREET / O'CONNELL STREET,53.349013,-6.260311,23,23,OPEN
15,04:18:39,UPPER SHERRARD STREET,53.358437,-6.260641,15,30,OPEN
2,04:18:38,FITZWILLIAM SQUARE EAST,53.335211,-6.2509,38,40,OPEN
1,04:16:37,GRATTAN STREET,53.339629,-6.243778,22,23,OPEN
33,04:19:38,ST JAMES HOSPITAL (LUAS),53.341359,-6.292951,7,40,OPEN
10,04:15:36,HARCOURT TERRACE,53.332763,-6.257942,10,20,OPEN
4,04:17:35,BOLTON STREET,53.351182,-6.269859,16,20,OPEN
5,04:19:35,JERVIS STREET,53.3483,-6.266651,16,21,OPEN
10,04:18:35,ORMOND QUAY UPPER,53.346057,-6.268001,19,29,OPEN
18,04:17:35,GRANGEGORMAN LOWER (SOUTH),53.354663,-6.278681,22,40,OPEN
5,04:17:35,MOUNTJOY SQUARE WEST,53.356299,-6.258586,25,30,OPEN
12,04:18:35,WILTON TERRACE,53.332383,-6.252717,8,20,OPEN
34,04:17:38,EMMET ROAD,53.340714,-6.308191,6,40,OPEN
40,04:16:37,HEUSTON BRIDGE (NORTH),53.347802,-6.292432,0,40,OPEN
11,04:15:35,LEINSTER STREET SOUTH,53.34218,-6.254485,19,30,OPEN
12,04:17:36,BLACKHALL PLACE,53.3488,-6.281637,18,30,OPEN
