available_bikes,last_update,name,position.lat,position.lng,available_bike_stands,bike_stands,status
29,18:29:15,SMITHFIELD NORTH,53.349562,-6.278198,1,30,OPEN
8,18:30:19,PARNELL SQUARE NORTH,53.3537415547453,-6.26530144781526,12,20,OPEN
31,18:31:03,CLONMEL STREET,53.336021,-6.26298,2,33,OPEN
1,18:29:45,AVONDALE ROAD,53.359405,-6.276142,34,35,OPEN
4,18:32:05,JAMES STREET EAST,53.336597,-6.248109,26,30,OPEN
16,18:30:27,MOUNT STREET LOWER,53.33796,-6.24153,24,40,OPEN
19,18:27:20,CHRISTCHURCH PLACE,53.343368,-6.27012,1,20,OPEN
10,18:24:31,GRANTHAM STREET,53.334123,-6.265436,20,30,OPEN
29,18:24:33,PEARSE STREET,53.344304,-6.250427,1,30,OPEN
23,18:23:16,YORK STREET EAST,53.338755,-6.262003,9,32,OPEN
5,18:26:39,EXCISE WALK,53.347777,-6.244239,35,40,OPEN
8,18:26:32,FITZWILLIAM SQUARE WEST,53.336074,-6.252825,22,30,OPEN
12,18:30:27,PORTOBELLO ROAD,53.330091,-6.268044,18,30,OPEN
6,18:30:55,PARNELL STREET,53.350929,-6.265125,14,20,OPEN
36,18:22:50,FREDERICK STREET SOUTH,53.341515,-6.256853,4,40,OPEN
29,18:26:50,FOWNES STREET UPPER,53.344603,-6.263371,1,30,OPEN
31,18:22:51,CLARENDON ROW,53.340927,-6.262501,0,31,OPEN
30,18:27:19,CUSTOM HOUSE,53.348279,-6.254662,0,30,OPEN
8,18:23:55,RATHDOWN ROAD,53.35893,-6.280337,32,40,OPEN
2,18:28:10,NORTH CIRCULAR ROAD (O'CONNELL'S),53.357841,-6.251557,28,30,OPEN
1,18:27:44,HANOVER QUAY,53.344115,-6.237153,39,40,OPEN
4,18:31:15,OLIVER BOND STREET,53.343893,-6.280531,26,30,OPEN
6,18:25:57,COLLINS BARRACKS MUSEUM,53.347477,-6.28525,32,38,OPEN
7,18:28:02,BROOKFIELD ROAD,53.339005,-6.300217,23,30,OPEN
5,18:24:36,BENSON STREET,53.344153,-6.233451,35,40,OPEN
1,18:24:03,EARLSFORT TERRACE,53.334295,-6.258503,29,30,OPEN
9,18:27:38,GOLDEN LANE,53.340803,-6.267732,11,20,OPEN
10,18:28:01,DEVERELL PLACE,53.351464,-6.255265,20,30,OPEN
5,18:27:16,WILTON TERRACE (PARK),53.333653,-6.248345,35,40,OPEN
24,18:30:42,JOHN STREET WEST,53.343105,-6.277167,7,31,OPEN
33,18:27:10,FENIAN STREET,53.341428,-6.24672,2,35,OPEN
2,18:30:30,MERRION SQUARE SOUTH,53.338614,-6.248606,38,40,OPEN
15,18:23:00,SOUTH DOCK ROAD,53.341833,-6.231291,15,30,OPEN
5,18:23:20,CITY QUAY,53.346637,-6.246154,25,30,OPEN
23,18:28:52,EXCHEQUER STREET,53.343034,-6.263578,1,24,OPEN
9,18:30:28,THE POINT,53.346867,-6.230852,31,40,OPEN
1,18:24:04,BROADSTONE,53.3547,-6.272314,29,30,OPEN
0,18:27:15,HATCH STREET,53.33403,-6.260714,36,36,OPEN
10,18:29:54,LIME STREET,53.346026,-6.243576,30,40,OPEN
10,18:31:33,CHARLEMONT PLACE,53.330662,-6.260177,30,40,OPEN
9,18:26:57,KILMAINHAM GAOL,53.342113,-6.310015,31,40,OPEN
0,18:28:06,HARDWICKE PLACE,53.357043,-6.263232,25,25,OPEN
22,18:26:52,WOLFE TONE STREET,53.348875,-6.267459,7,29,OPEN
19,18:26:48,GREEK STREET,53.346874,-6.272976,1,20,OPEN
15,18:26:17,GUILD STREET,53.347932,-6.240928,25,40,OPEN
9,18:23:02,HERBERT PLACE,53.334432,-6.245575,21,30,OPEN
18,18:27:41,HIGH STREET,53.343565,-6.275071,11,29,OPEN
15,18:22:33,NORTH CIRCULAR ROAD,53.359624,-6.260348,15,30,OPEN
1,18:22:48,WESTERN WAY,53.354929,-6.269425,39,40,OPEN
26,18:31:44,TALBOT STREET,53.350974,-6.25294,14,40,OPEN
9,18:30:27,NEWMAN HOUSE,53.337132,-6.26059,31,40,OPEN
14,18:32:15,SIR PATRICK DUN'S,53.339218,-6.240642,26,40,OPEN
9,18:26:00,NEW CENTRAL BANK,53.347122,-6.234749,31,40,OPEN
0,18:32:19,GRANGEGORMAN LOWER (CENTRAL),53.355173,-6.278424,40,40,OPEN
6,18:29:33,KING STREET NORTH,53.350291,-6.273507,24,30,OPEN
4,18:29:31,KILLARNEY STREET,53.354845,-6.247579,26,30,OPEN
8,18:25:25,HERBERT STREET,53.335742,-6.24551,32,40,OPEN
3,18:27:48,HANOVER QUAY EAST,53.343653,-6.231755,37,40,OPEN
7,18:28:04,CUSTOM HOUSE QUAY,53.347884,-6.248048,23,30,OPEN
12,18:27:54,MOLESWORTH STREET,53.341288,-6.258117,8,20,OPEN
18,18:26:42,GEORGES QUAY,53.347508,-6.252192,2,20,OPEN
1,18:31:27,KILMAINHAM LANE,53.341805,-6.305085,29,30,OPEN
3,18:31:21,MOUNT BROWN,53.341645,-6.29719,19,22,OPEN
15,18:28:34,MARKET STREET SOUTH,53.342296,-6.287661,23,38,OPEN
8,18:29:57,KEVIN STREET,53.337757,-6.267699,32,40,OPEN
0,18:31:12,ECCLES STREET EAST,53.358115,-6.265601,27,27,OPEN
27,18:30:29,GRAND CANAL DOCK,53.342638,-6.238695,13,40,OPEN
0,18:24:23,MERRION SQUARE EAST,53.339434,-6.246548,30,30,OPEN
29,18:31:33,YORK STREET WEST,53.339334,-6.264699,11,40,OPEN
9,18:26:07,ST. STEPHEN'S GREEN SOUTH,53.337494,-6.26199,21,30,OPEN
3,18:24:42,DENMARK STREET GREAT,53.35561,-6.261397,17,20,OPEN
4,18:22:57,ROYAL HOSPITAL,53.343897,-6.29706,36,40,OPEN
1,18:28:15,HEUSTON STATION (CAR PARK),53.346985,-6.297804,39,40,OPEN
2,18:29:29,GRANGEGORMAN LOWER (NORTH),53.355954,-6.278378,34,36,OPEN
25,18:23:55,ST. STEPHEN'S GREEN EAST,53.337824,-6.256035,15,40,OPEN
16,18:28:40,HEUSTON STATION (CENTRAL),53.346603,-6.296924,24,40,OPEN
16,18:29:20,TOWNSEND STREET,53.345922,-6.254614,3,20,OPEN
20,18:31:13,GEORGES LANE,53.35023,-6.279696,20,40,OPEN
14,18:31:22,PHIBSBOROUGH ROAD,53.356307,-6.273717,26,40,OPEN
2,18:27:50,ECCLES STREET,53.359246,-6.269779,18,20,OPEN
13,18:23:15,PORTOBELLO HARBOUR,53.330362,-6.265163,17,30,OPEN
7,18:28:18,MATER HOSPITAL,53.359967,-6.264828,33,40,OPEN
0,18:25:04,BLESSINGTON STREET,53.356769,-6.26814,20,20,OPEN
19,18:24:06,JAMES STREET,53.343456,-6.287409,21,40,OPEN
1,18:24:40,MOUNTJOY SQUARE EAST,53.356717,-6.256359,39,40,OPEN
3,18:23:50,MERRION SQUARE WEST,53.339764,-6.251988,17,20,OPEN
14,18:32:22,CONVENTION CENTRE,53.34744,-6.238523,26,40,OPEN
0,18:26:18,HARDWICKE STREET,53.355473,-6.264423,13,16,OPEN
28,18:28:50,PARKGATE STREET,53.347972,-6.291804,10,38,OPEN
29,18:31:46,SMITHFIELD,53.347692,-6.278214,0,30,OPEN
16,18:28:38,DAME STREET,53.344007,-6.266802,0,16,OPEN
12,18:27:19,HEUSTON BRIDGE (SOUTH),53.347106,-6.292041,13,25,OPEN
20,18:28:19,CATHAL BRUGHA STREET,53.352149,-6.260533,0,20,OPEN
19,18:27:17,SANDWITH STREET,53.345203,-6.247163,21,40,OPEN
25,18:30:36,BUCKINGHAM STREET LOWER,53.353331,-6.249319,4,29,OPEN
6,18:30:41,ROTHE ABBEY,53.338776,-6.30395,29,35,OPEN
13,18:31:51,CHARLEVILLE ROAD,53.359157,-6.281866,27,40,OPEN
21,18:25:09,PRINCES STREET / O'CONNELL STREET,53.349013,-6.260311,2,23,OPEN
4,18:31:23,UPPER SHERRARD STREET,53.358437,-6.260641,26,30,OPEN
5,18:28:36,FITZWILLIAM SQUARE EAST,53.335211,-6.2509,35,40,OPEN
6,18:29:11,GRATTAN STREET,53.339629,-6.243778,17,23,OPEN
10,18:31:23,ST JAMES HOSPITAL (LUAS),53.341359,-6.292951,30,40,OPEN
1,18:28:54,HARCOURT TERRACE,53.332763,-6.257942,19,20,OPEN
2,18:22:45,BOLTON STREET,53.351182,-6.269859,18,20,OPEN
21,18:31:25,JERVIS STREET,53.3483,-6.266651,0,21,OPEN
29,18:25:07,ORMOND QUAY UPPER,53.346057,-6.268001,0,29,OPEN
0,18:24:48,GRANGEGORMAN LOWER (SOUTH),53.354663,-6.278681,40,40,OPEN
12,18:22:27,MOUNTJOY SQUARE WEST,53.356299,-6.258586,16,30,OPEN
1,18:31:41,WILTON TERRACE,53.332383,-6.252717,19,20,OPEN
14,18:23:10,EMMET ROAD,53.340714,-6.308191,26,40,OPEN
26,18:25:04,HEUSTON BRIDGE (NORTH),53.347802,-6.292432,14,40,OPEN
16,18:30:20,LEINSTER STREET SOUTH,53.34218,-6.254485,14,30,OPEN
14,18:24:15,BLACKHALL PLACE,53.3488,-6.281637,16,30,OPEN
