available_bikes,last_update,name,position.lat,position.lng,available_bike_stands,bike_stands,status
13,02:55:01,LIDL BEŽIGRAD,46.063797,14.506854,7,20,OPEN
8,03:00:41,ŠMARTINSKI PARK,46.065206,14.529911,12,20,OPEN
10,03:01:11,SAVSKO NASELJE 1-ŠMARTINSKA CESTA,46.062475,14.524321,10,20,OPEN
3,02:59:04,ČRNUČE,46.102446,14.530213,17,20,OPEN
4,03:01:20,VILHARJEVA CESTA,46.06005,14.51302,16,20,OPEN
0,02:58:48,MASARYKOVA DDC,46.05763,14.514264,18,18,OPEN
15,02:59:52,POGAČARJEV TRG-TRŽNICA,46.051093,14.507186,3,18,OPEN
2,03:04:08,CANKARJEVA UL.-NAMA,46.052431,14.503257,24,26,OPEN
14,03:01:49,ANTONOV TRG,46.041753,14.477016,6,20,OPEN
6,03:04:21,PRUŠNIKOVA,46.090608,14.471637,14,20,OPEN
10,03:02:08,TEHNOLOŠKI PARK,46.04843,14.461086,10,20,OPEN
5,02:58:37,KOSEŠKI BAJER,46.068443,14.470913,15,20,OPEN
5,02:57:38,TIVOLI,46.05952,14.4982,15,20,OPEN
16,02:56:29,TRŽNICA MOSTE,46.055801,14.534156,5,21,OPEN
4,03:01:17,GRUDNOVO NABREŽJE-KARLOVŠKA C.,46.045748,14.506196,14,18,OPEN
11,03:00:09,LIDL-LITIJSKA CESTA,46.047689,14.547416,9,20,OPEN
13,02:57:01,ŠPORTNI CENTER STOŽICE,46.08259,14.52016,13,26,OPEN
14,02:58:46,ŠPICA,46.040213,14.512044,4,18,OPEN
4,03:03:46,ROŠKA - STRELIŠKA,46.045,14.51846,16,20,OPEN
9,02:57:29,BAVARSKI DVOR,46.05682,14.50551,11,20,OPEN
4,03:01:30,STARA CERKEV,46.06342,14.494588,10,14,OPEN
13,03:03:28,SITULA,46.059433,14.52051,6,20,OPEN
5,02:58:48,ILIRSKA ULICA,46.053144,14.513479,13,18,OPEN
12,03:00:20,LIDL - RUDNIK,46.020012,14.532479,8,20,OPEN
7,02:58:43,KOPALIŠČE KOLEZIJA,46.042867,14.495239,13,20,OPEN
14,03:04:46,POVŠETOVA - KAJUHOVA,46.051512,14.539272,6,20,OPEN
12,03:03:54,DUNAJSKA C.-PS MERCATOR,46.074193,14.511134,6,18,OPEN
3,02:58:35,CITYPARK,46.068805,14.546257,17,20,OPEN
2,03:04:00,KOPRSKA ULICA,46.033408,14.482468,6,8,OPEN
6,02:55:34,LIDL - VOJKOVA CESTA,46.07589,14.52011,14,20,OPEN
13,03:00:04,POLJANSKA-POTOČNIKOVA,46.048982,14.522709,7,20,OPEN
15,02:58:47,POVŠETOVA-GRABLOVIČEVA,46.051863,14.530349,4,19,OPEN
6,02:55:52,PARK NAVJE-ŽELEZNA CESTA,46.06361,14.51315,14,20,OPEN
8,02:56:04,ZALOG,46.06043,14.613797,12,20,OPEN
10,02:55:41,CESTA NA ROŽNIK,46.053241,14.486206,10,20,OPEN
9,02:58:38,HOFER-KAJUHOVA,46.056405,14.540901,11,20,OPEN
4,03:02:33,DUNAJSKA C.-PS PETROL,46.065136,14.509112,16,20,OPEN
12,03:04:16,STUDENEC,46.054615,14.576031,8,20,OPEN
5,02:58:52,PARKIRIŠČE NUK 2-FF,46.046377,14.501256,15,20,OPEN
2,03:04:05,BRATOVŠEVA PLOŠČAD,46.08929,14.513751,18,20,OPEN
2,02:56:46,KONGRESNI TRG-ŠUBIČEVA ULICA,46.050388,14.504623,18,20,OPEN
5,02:55:25,BS4-STOŽICE,46.086761,14.514151,15,20,OPEN
8,03:04:36,GERBIČEVA - ŠPORTNI PARK SVOBODA,46.039384,14.485458,12,20,OPEN
9,02:58:23,ŽIVALSKI VRT,46.052454,14.472149,11,20,OPEN
7,02:58:38,VOKA - SLOVENČEVA,46.075207,14.504734,13,20,OPEN
14,03:01:38,BTC CITY/DVORANA A,46.065297,14.543996,6,20,OPEN
11,03:00:12,TRNOVO,46.03784,14.50001,9,20,OPEN
7,02:56:55,P+R BARJE,46.02749,14.49958,13,20,OPEN
12,02:55:04,ROŽNA DOLINA-ŠKRABČEVA UL.,46.051439,14.49273,6,18,OPEN
12,02:58:48,KINO ŠIŠKA,46.06928,14.48971,14,26,OPEN
4,03:01:27,ZALOŠKA C.-GRABLOVIČEVA C.,46.05441,14.52978,12,16,OPEN
12,02:59:14,BRODARJEV TRG,46.054398,14.553319,8,20,OPEN
8,02:59:44,DOLENJSKA C. - STRELIŠČE,46.038866,14.517605,12,20,OPEN
8,02:57:59,ŠTEPANJSKO NASELJE 1-JAKČEVA ULICA,46.053047,14.545125,11,19,OPEN
14,02:58:06,SOSESKA NOVO BRDO,46.045617,14.462281,6,20,OPEN
7,02:58:47,TRŽNICA KOSEZE,46.074315,14.475483,11,18,OPEN
4,02:57:58,ALEJA - CELOVŠKA CESTA,46.077302,14.482581,16,20,OPEN
12,02:59:48,MERCATOR CENTER ŠIŠKA,46.087079,14.475439,10,22,OPEN
13,02:58:32,GH ŠENTPETER-NJEGOŠEVA C.,46.05257,14.51928,11,24,OPEN
7,03:04:37,HOFER - POLJE,46.053718,14.589284,13,20,OPEN
10,02:56:06,VIŠKO POLJE,46.046189,14.469037,10,20,OPEN
5,03:02:32,BONIFACIJA,46.039641,14.472664,15,21,OPEN
9,02:59:21,P + R DOLGI MOST,46.037003,14.465229,11,20,OPEN
6,02:56:58,DRAVLJE,46.07984,14.479952,14,20,OPEN
9,02:58:44,POLJE,46.05722,14.583537,11,20,OPEN
0,03:01:32,SUPERNOVA LJUBLJANA - RUDNIK,46.021586,14.536745,20,20,OPEN
6,02:56:26,SREDNJA FRIZERSKA ŠOLA,46.080522,14.491439,14,20,OPEN
16,02:54:51,TRG OF-KOLODVORSKA UL.,46.057421,14.510265,10,26,OPEN
5,02:59:51,TRG MDB,46.047565,14.495687,15,20,OPEN
6,02:55:52,TRŽAŠKA C.-ILIRIJA,46.044629,14.486699,14,20,OPEN
9,02:56:55,PREŠERNOV TRG-PETKOVŠKOVO NABREŽJE,46.051367,14.506542,11,20,OPEN
10,02:58:53,MERCATOR MARKET - CELOVŠKA C. 163,46.073264,14.485942,10,20,OPEN
5,02:57:47,SAVSKO NASELJE 2-LINHARTOVA CESTA,46.064546,14.518013,15,20,OPEN
11,03:04:28,BREG,46.046498,14.505148,8,20,OPEN
6,03:01:37,BTC CITY ATLANTIS,46.063081,14.547851,14,20,OPEN
14,02:56:04,IKEA,46.065175,14.539537,6,20,OPEN
13,03:02:22,MIKLOŠIČEV PARK,46.054168,14.50706,5,18,OPEN
12,02:56:57,BARJANSKA C.-CENTER STAREJŠIH TRNOVO,46.04081,14.49951,8,20,OPEN
13,02:55:57,LEK - VEROVŠKOVA,46.076856,14.500222,7,20,OPEN
14,02:59:23,AMBROŽEV TRG,46.049877,14.516308,4,18,OPEN
2,03:01:18,VOJKOVA - GASILSKA BRIGADA,46.068727,14.516858,18,20,OPEN
7,02:57:54,RAKOVNIK,46.036284,14.522948,13,20,OPEN
19,02:54:55,PREGLOV TRG,46.054554,14.55908,1,20,OPEN
8,03:03:04,PLEČNIKOV STADION,46.06942,14.51052,10,18,OPEN
