available_bikes,last_update,name,position.lat,position.lng,available_bike_stands,bike_stands,status
12,14:57:30,SMITHFIELD NORTH,53.349562,-6.278198,18,30,OPEN
1,15:01:46,PARNELL SQUARE NORTH,53.3537415547453,-6.26530144781526,19,20,OPEN
7,15:01:21,CLONMEL STREET,53.336021,-6.26298,26,33,OPEN
1,14:56:01,AVONDALE ROAD,53.359405,-6.276142,34,35,OPEN
9,15:00:53,JAMES STREET EAST,53.336597,-6.248109,21,30,OPEN
40,14:56:10,MOUNT STREET LOWER,53.33796,-6.24153,0,40,OPEN
1,14:58:55,CHRISTCHURCH PLACE,53.343368,-6.27012,19,20,OPEN
0,15:01:12,GRANTHAM STREET,53.334123,-6.265436,30,30,OPEN
23,14:54:38,PEARSE STREET,53.344304,-6.250427,7,30,OPEN
10,14:52:55,YORK STREET EAST,53.338755,-6.262003,22,32,OPEN
19,15:01:37,EXCISE WALK,53.347777,-6.244239,21,40,OPEN
9,14:59:54,FITZWILLIAM SQUARE WEST,53.336074,-6.252825,21,30,OPEN
1,15:00:32,PORTOBELLO ROAD,53.330091,-6.268044,29,30,OPEN
6,14:56:48,PARNELL STREET,53.350929,-6.265125,14,20,OPEN
25,15:00:38,FREDERICK STREET SOUTH,53.341515,-6.256853,15,40,OPEN
30,14:53:42,FOWNES STREET UPPER,53.344603,-6.263371,0,30,OPEN
20,14:59:05,CLARENDON ROW,53.340927,-6.262501,11,31,OPEN
15,14:54:28,CUSTOM HOUSE,53.348279,-6.254662,13,30,OPEN
4,14:57:18,RATHDOWN ROAD,53.35893,-6.280337,36,40,OPEN
2,14:58:16,NORTH CIRCULAR ROAD (O'CONNELL'S),53.357841,-6.251557,28,30,OPEN
40,14:58:49,HANOVER QUAY,53.344115,-6.237153,0,40,OPEN
14,14:56:56,OLIVER BOND STREET,53.343893,-6.280531,16,30,OPEN
0,15:01:32,COLLINS BARRACKS MUSEUM,53.347477,-6.28525,38,38,OPEN
1,14:54:31,BROOKFIELD ROAD,53.339005,-6.300217,29,30,OPEN
37,15:02:10,BENSON STREET,53.344153,-6.233451,3,40,OPEN
17,15:02:41,EARLSFORT TERRACE,53.334295,-6.258503,13,30,OPEN
7,15:01:23,GOLDEN LANE,53.340803,-6.267732,13,20,OPEN
7,14:56:33,DEVERELL PLACE,53.351464,-6.255265,23,30,OPEN
35,15:02:28,WILTON TERRACE (PARK),53.333653,-6.248345,5,40,OPEN
3,14:57:24,JOHN STREET WEST,53.343105,-6.277167,28,31,OPEN
22,14:59:53,FENIAN STREET,53.341428,-6.24672,13,35,OPEN
23,14:56:18,MERRION SQUARE SOUTH,53.338614,-6.248606,17,40,OPEN
15,15:00:37,SOUTH DOCK ROAD,53.341833,-6.231291,15,30,OPEN
30,14:59:42,CITY QUAY,53.346637,-6.246154,0,30,OPEN
22,15:00:46,EXCHEQUER STREET,53.343034,-6.263578,2,24,OPEN
22,15:01:59,THE POINT,53.346867,-6.230852,18,40,OPEN
0,14:56:44,BROADSTONE,53.3547,-6.272314,30,30,OPEN
11,15:01:58,HATCH STREET,53.33403,-6.260714,25,36,OPEN
24,15:00:52,LIME STREET,53.346026,-6.243576,16,40,OPEN
1,14:54:18,CHARLEMONT PLACE,53.330662,-6.260177,39,40,OPEN
2,14:57:18,KILMAINHAM GAOL,53.342113,-6.310015,38,40,OPEN
1,15:00:32,HARDWICKE PLACE,53.357043,-6.263232,24,25,OPEN
5,14:54:13,WOLFE TONE STREET,53.348875,-6.267459,24,29,OPEN
2,14:55:19,FRANCIS STREET,53.342081,-6.275233,28,30,OPEN
17,15:00:32,GREEK STREET,53.346874,-6.272976,3,20,OPEN
15,15:00:57,GUILD STREET,53.347932,-6.240928,25,40,OPEN
30,15:02:10,HERBERT PLACE,53.334432,-6.245575,0,30,OPEN
4,14:55:50,HIGH STREET,53.343565,-6.275071,25,29,OPEN
2,15:00:02,NORTH CIRCULAR ROAD,53.359624,-6.260348,28,30,OPEN
12,14:59:55,WESTERN WAY,53.354929,-6.269425,28,40,OPEN
19,14:59:28,TALBOT STREET,53.350974,-6.25294,19,40,OPEN
21,14:56:21,NEWMAN HOUSE,53.337132,-6.26059,19,40,OPEN
38,15:02:26,SIR PATRICK DUN'S,53.339218,-6.240642,2,40,OPEN
19,14:55:36,NEW CENTRAL BANK,53.347122,-6.234749,21,40,OPEN
10,14:56:02,GRANGEGORMAN LOWER (CENTRAL),53.355173,-6.278424,30,40,OPEN
3,14:56:26,KING STREET NORTH,53.350291,-6.273507,27,30,OPEN
4,14:56:18,KILLARNEY STREET,53.354845,-6.247579,24,30,OPEN
14,14:56:15,HERBERT STREET,53.335742,-6.24551,26,40,OPEN
27,14:57:36,HANOVER QUAY EAST,53.343653,-6.231755,13,40,OPEN
8,14:58:10,CUSTOM HOUSE QUAY,53.347884,-6.248048,19,30,OPEN
19,14:52:48,MOLESWORTH STREET,53.341288,-6.258117,1,20,OPEN
15,14:58:13,GEORGES QUAY,53.347508,-6.252192,5,20,OPEN
3,14:57:31,KILMAINHAM LANE,53.341805,-6.305085,27,30,OPEN
5,15:02:33,MOUNT BROWN,53.341645,-6.29719,2,22,OPEN
1,15:01:21,MARKET STREET SOUTH,53.342296,-6.287661,37,38,OPEN
0,14:57:44,KEVIN STREET,53.337757,-6.267699,40,40,OPEN
1,15:02:21,ECCLES STREET EAST,53.358115,-6.265601,26,27,OPEN
38,14:57:10,GRAND CANAL DOCK,53.342638,-6.238695,2,40,OPEN
18,14:53:11,MERRION SQUARE EAST,53.339434,-6.246548,12,30,OPEN
16,14:59:22,YORK STREET WEST,53.339334,-6.264699,24,40,OPEN
18,14:54:25,ST. STEPHEN'S GREEN SOUTH,53.337494,-6.26199,12,30,OPEN
0,14:56:38,DENMARK STREET GREAT,53.35561,-6.261397,20,20,OPEN
19,14:58:02,ROYAL HOSPITAL,53.343897,-6.29706,21,40,OPEN
7,14:59:39,HEUSTON STATION (CAR PARK),53.346985,-6.297804,33,40,OPEN
13,14:56:16,GRANGEGORMAN LOWER (NORTH),53.355954,-6.278378,23,36,OPEN
35,15:00:11,ST. STEPHEN'S GREEN EAST,53.337824,-6.256035,5,40,OPEN
0,14:54:58,HEUSTON STATION (CENTRAL),53.346603,-6.296924,40,40,OPEN
0,14:58:56,TOWNSEND STREET,53.345922,-6.254614,18,20,OPEN
10,14:57:49,GEORGES LANE,53.35023,-6.279696,30,40,OPEN
18,14:58:14,PHIBSBOROUGH ROAD,53.356307,-6.273717,22,40,OPEN
0,15:02:26,ECCLES STREET,53.359246,-6.269779,20,20,OPEN
1,14:55:42,PORTOBELLO HARBOUR,53.330362,-6.265163,29,30,OPEN
0,14:58:28,MATER HOSPITAL,53.359967,-6.264828,40,40,OPEN
7,15:02:26,BLESSINGTON STREET,53.356769,-6.26814,13,20,OPEN
1,14:55:38,JAMES STREET,53.343456,-6.287409,39,40,OPEN
1,17:08:48,ORIEL STREET TEST TERMINAL,53.35463,-6.242615,0,1,OPEN
0,14:58:49,MOUNTJOY SQUARE EAST,53.356717,-6.256359,40,40,OPEN
17,14:52:57,MERRION SQUARE WEST,53.339764,-6.251988,3,20,OPEN
38,14:58:56,CONVENTION CENTRE,53.34744,-6.238523,2,40,OPEN
3,14:57:37,HARDWICKE STREET,53.355473,-6.264423,10,16,OPEN
1,15:00:38,PARKGATE STREET,53.347972,-6.291804,37,38,OPEN
9,14:59:20,SMITHFIELD,53.347692,-6.278214,20,30,OPEN
15,14:53:37,DAME STREET,53.344007,-6.266802,1,16,OPEN
0,14:58:22,HEUSTON BRIDGE (SOUTH),53.347106,-6.292041,25,25,OPEN
14,14:53:31,CATHAL BRUGHA STREET,53.352149,-6.260533,6,20,OPEN
13,15:00:36,SANDWITH STREET,53.345203,-6.247163,27,40,OPEN
2,15:01:07,BUCKINGHAM STREET LOWER,53.353331,-6.249319,26,29,OPEN
1,14:54:10,ROTHE ABBEY,53.338776,-6.30395,34,35,OPEN
0,14:55:00,CHARLEVILLE ROAD,53.359157,-6.281866,40,40,OPEN
8,15:02:35,PRINCES STREET / O'CONNELL STREET,53.349013,-6.260311,15,23,OPEN
0,14:57:07,UPPER SHERRARD STREET,53.358437,-6.260641,30,30,OPEN
3,14:53:18,FITZWILLIAM SQUARE EAST,53.335211,-6.2509,37,40,OPEN
17,14:58:43,GRATTAN STREET,53.339629,-6.243778,6,23,OPEN
16,14:59:42,ST JAMES HOSPITAL (LUAS),53.341359,-6.292951,24,40,OPEN
0,14:58:55,HARCOURT TERRACE,53.332763,-6.257942,20,20,OPEN
17,14:59:57,BOLTON STREET,53.351182,-6.269859,3,20,OPEN
11,15:02:06,JERVIS STREET,53.3483,-6.266651,10,21,OPEN
11,14:54:24,ORMOND QUAY UPPER,53.346057,-6.268001,18,29,OPEN
9,14:58:48,GRANGEGORMAN LOWER (SOUTH),53.354663,-6.278681,30,40,OPEN
0,14:57:02,MOUNTJOY SQUARE WEST,53.356299,-6.258586,30,30,OPEN
1,14:59:16,WILTON TERRACE,53.332383,-6.252717,19,20,OPEN
19,14:53:03,EMMET ROAD,53.340714,-6.308191,21,40,OPEN
0,14:59:55,HEUSTON BRIDGE (NORTH),53.347802,-6.292432,40,40,OPEN
26,14:59:19,LEINSTER STREET SOUTH,53.34218,-6.254485,4,30,OPEN
0,15:00:26,BLACKHALL PLACE,53.3488,-6.281637,30,30,OPEN
