available_bikes,last_update,name,position.lat,position.lng,available_bike_stands,bike_stands,status
24,00:15:07,SMITHFIELD NORTH,53.349562,-6.278198,6,30,OPEN
0,00:09:14,PARNELL SQUARE NORTH,53.3537415547453,-6.26530144781526,20,20,OPEN
0,00:15:14,CLONMEL STREET,53.336021,-6.26298,33,33,OPEN
15,00:15:25,AVONDALE ROAD,53.359405,-6.276142,20,35,OPEN
2,00:17:30,JAMES STREET EAST,53.336597,-6.248109,28,30,OPEN
10,00:14:07,MOUNT STREET LOWER,53.33796,-6.24153,30,40,OPEN
4,00:15:53,CHRISTCHURCH PLACE,53.343368,-6.27012,16,20,OPEN
8,00:15:20,GRANTHAM STREET,53.334123,-6.265436,22,30,OPEN
20,00:09:19,PEARSE STREET,53.344304,-6.250427,10,30,OPEN
3,00:13:49,YORK STREET EAST,53.338755,-6.262003,29,32,OPEN
17,00:14:34,EXCISE WALK,53.347777,-6.244239,23,40,OPEN
1,00:13:01,FITZWILLIAM SQUARE WEST,53.336074,-6.252825,29,30,OPEN
29,00:14:06,PORTOBELLO ROAD,53.330091,-6.268044,1,30,OPEN
4,00:08:30,PARNELL STREET,53.350929,-6.265125,16,20,OPEN
2,00:13:33,FREDERICK STREET SOUTH,53.341515,-6.256853,38,40,OPEN
17,00:12:59,FOWNES STREET UPPER,53.344603,-6.263371,13,30,OPEN
11,00:13:31,CLARENDON ROW,53.340927,-6.262501,20,31,OPEN
28,00:12:23,CUSTOM HOUSE,53.348279,-6.254662,2,30,OPEN
14,00:14:41,RATHDOWN ROAD,53.35893,-6.280337,26,40,OPEN
27,00:14:12,NORTH CIRCULAR ROAD (O'CONNELL'S),53.357841,-6.251557,3,30,OPEN
6,00:12:22,HANOVER QUAY,53.344115,-6.237153,34,40,OPEN
9,00:17:18,OLIVER BOND STREET,53.343893,-6.280531,21,30,OPEN
11,00:12:23,COLLINS BARRACKS MUSEUM,53.347477,-6.28525,27,38,OPEN
14,00:09:39,BROOKFIELD ROAD,53.339005,-6.300217,16,30,OPEN
0,00:15:29,BENSON STREET,53.344153,-6.233451,40,40,OPEN
0,00:13:33,EARLSFORT TERRACE,53.334295,-6.258503,30,30,OPEN
3,00:15:11,GOLDEN LANE,53.340803,-6.267732,17,20,OPEN
12,00:16:28,DEVERELL PLACE,53.351464,-6.255265,18,30,OPEN
0,00:13:10,WILTON TERRACE (PARK),53.333653,-6.248345,40,40,OPEN
11,00:11:49,JOHN STREET WEST,53.343105,-6.277167,20,31,OPEN
16,00:16:15,FENIAN STREET,53.341428,-6.24672,18,35,OPEN
19,00:16:38,MERRION SQUARE SOUTH,53.338614,-6.248606,21,40,OPEN
23,00:13:48,SOUTH DOCK ROAD,53.341833,-6.231291,7,30,OPEN
4,00:13:15,CITY QUAY,53.346637,-6.246154,26,30,OPEN
1,00:12:28,EXCHEQUER STREET,53.343034,-6.263578,23,24,OPEN
34,00:08:04,THE POINT,53.346867,-6.230852,6,40,OPEN
4,00:08:35,BROADSTONE,53.3547,-6.272314,26,30,OPEN
1,00:10:10,HATCH STREET,53.33403,-6.260714,35,36,OPEN
8,00:16:39,LIME STREET,53.346026,-6.243576,32,40,OPEN
33,00:08:06,CHARLEMONT PLACE,53.330662,-6.260177,7,40,OPEN
40,00:14:34,KILMAINHAM GAOL,53.342113,-6.310015,0,40,OPEN
1,00:11:05,HARDWICKE PLACE,53.357043,-6.263232,24,25,OPEN
2,00:12:46,WOLFE TONE STREET,53.348875,-6.267459,27,29,OPEN
14,00:09:38,FRANCIS STREET,53.342081,-6.275233,16,30,OPEN
2,00:16:23,GREEK STREET,53.346874,-6.272976,18,20,OPEN
8,00:13:24,GUILD STREET,53.347932,-6.240928,32,40,OPEN
3,00:14:57,HERBERT PLACE,53.334432,-6.245575,27,30,OPEN
3,00:10:46,HIGH STREET,53.343565,-6.275071,26,29,OPEN
29,00:14:04,NORTH CIRCULAR ROAD,53.359624,-6.260348,1,30,OPEN
11,00:14:27,WESTERN WAY,53.354929,-6.269425,29,40,OPEN
24,00:17:05,TALBOT STREET,53.350974,-6.25294,16,40,OPEN
0,00:17:20,NEWMAN HOUSE,53.337132,-6.26059,40,40,OPEN
2,00:14:04,SIR PATRICK DUN'S,53.339218,-6.240642,38,40,OPEN
8,00:13:49,NEW CENTRAL BANK,53.347122,-6.234749,32,40,OPEN
11,00:08:51,GRANGEGORMAN LOWER (CENTRAL),53.355173,-6.278424,29,40,OPEN
18,00:09:38,KING STREET NORTH,53.350291,-6.273507,12,30,OPEN
24,00:13:47,KILLARNEY STREET,53.354845,-6.247579,6,30,OPEN
2,00:16:14,HERBERT STREET,53.335742,-6.24551,38,40,OPEN
6,00:14:34,HANOVER QUAY EAST,53.343653,-6.231755,34,40,OPEN
18,00:07:42,CUSTOM HOUSE QUAY,53.347884,-6.248048,12,30,OPEN
0,00:15:47,MOLESWORTH STREET,53.341288,-6.258117,20,20,OPEN
19,00:14:30,GEORGES QUAY,53.347508,-6.252192,1,20,OPEN
18,00:16:36,KILMAINHAM LANE,53.341805,-6.305085,12,30,OPEN
8,00:12:28,MOUNT BROWN,53.341645,-6.29719,0,22,OPEN
14,00:17:06,MARKET STREET SOUTH,53.342296,-6.287661,24,38,OPEN
15,00:17:35,KEVIN STREET,53.337757,-6.267699,25,40,OPEN
0,00:07:40,ECCLES STREET EAST,53.358115,-6.265601,27,27,OPEN
6,00:16:43,GRAND CANAL DOCK,53.342638,-6.238695,34,40,OPEN
15,00:14:33,MERRION SQUARE EAST,53.339434,-6.246548,15,30,OPEN
17,00:11:53,YORK STREET WEST,53.339334,-6.264699,23,40,OPEN
8,00:09:16,ST. STEPHEN'S GREEN SOUTH,53.337494,-6.26199,21,30,OPEN
1,00:12:38,DENMARK STREET GREAT,53.35561,-6.261397,19,20,OPEN
39,00:13:20,ROYAL HOSPITAL,53.343897,-6.29706,0,40,OPEN
15,00:17:07,HEUSTON STATION (CAR PARK),53.346985,-6.297804,25,40,OPEN
20,00:08:43,GRANGEGORMAN LOWER (NORTH),53.355954,-6.278378,16,36,OPEN
7,00:10:00,ST. STEPHEN'S GREEN EAST,53.337824,-6.256035,33,40,OPEN
39,00:15:31,HEUSTON STATION (CENTRAL),53.346603,-6.296924,0,40,OPEN
10,00:09:40,TOWNSEND STREET,53.345922,-6.254614,9,20,OPEN
38,00:14:29,GEORGES LANE,53.35023,-6.279696,2,40,OPEN
6,00:12:42,PHIBSBOROUGH ROAD,53.356307,-6.273717,34,40,OPEN
4,00:13:39,ECCLES STREET,53.359246,-6.269779,16,20,OPEN
30,00:09:49,PORTOBELLO HARBOUR,53.330362,-6.265163,0,30,OPEN
7,00:13:25,MATER HOSPITAL,53.359967,-6.264828,33,40,OPEN
5,00:16:54,BLESSINGTON STREET,53.356769,-6.26814,15,20,OPEN
10,00:16:48,JAMES STREET,53.343456,-6.287409,30,40,OPEN
1,17:08:48,ORIEL STREET TEST TERMINAL,53.35463,-6.242615,0,1,OPEN
9,00:13:29,MOUNTJOY SQUARE EAST,53.356717,-6.256359,31,40,OPEN
4,00:14:12,MERRION SQUARE WEST,53.339764,-6.251988,16,20,OPEN
0,00:14:25,CONVENTION CENTRE,53.34744,-6.238523,40,40,OPEN
2,00:17:10,HARDWICKE STREET,53.355473,-6.264423,11,16,OPEN
18,00:16:09,PARKGATE STREET,53.347972,-6.291804,20,38,OPEN
18,00:11:47,SMITHFIELD,53.347692,-6.278214,11,30,OPEN
2,00:14:20,DAME STREET,53.344007,-6.266802,14,16,OPEN
23,00:16:10,HEUSTON BRIDGE (SOUTH),53.347106,-6.292041,2,25,OPEN
15,00:13:36,CATHAL BRUGHA STREET,53.352149,-6.260533,5,20,OPEN
30,00:07:49,SANDWITH STREET,53.345203,-6.247163,10,40,OPEN
9,00:10:36,BUCKINGHAM STREET LOWER,53.353331,-6.249319,20,29,OPEN
34,00:16:35,ROTHE ABBEY,53.338776,-6.30395,1,35,OPEN
26,00:09:24,CHARLEVILLE ROAD,53.359157,-6.281866,14,40,OPEN
7,00:15:26,PRINCES STREET / O'CONNELL STREET,53.349013,-6.260311,16,23,OPEN
18,00:14:53,UPPER SHERRARD STREET,53.358437,-6.260641,12,30,OPEN
1,00:13:09,FITZWILLIAM SQUARE EAST,53.335211,-6.2509,39,40,OPEN
6,00:09:24,GRATTAN STREET,53.339629,-6.243778,17,23,OPEN
14,00:12:48,ST JAMES HOSPITAL (LUAS),53.341359,-6.292951,26,40,OPEN
14,00:11:03,HARCOURT TERRACE,53.332763,-6.257942,6,20,OPEN
18,00:12:56,BOLTON STREET,53.351182,-6.269859,2,20,OPEN
0,00:17:16,JERVIS STREET,53.3483,-6.266651,21,21,OPEN
11,00:11:46,ORMOND QUAY UPPER,53.346057,-6.268001,18,29,OPEN
0,00:08:42,GRANGEGORMAN LOWER (SOUTH),53.354663,-6.278681,40,40,OPEN
12,00:12:10,MOUNTJOY SQUARE WEST,53.356299,-6.258586,18,30,OPEN
10,00:15:28,WILTON TERRACE,53.332383,-6.252717,10,20,OPEN
35,00:17:37,EMMET ROAD,53.340714,-6.308191,5,40,OPEN
40,00:17:13,HEUSTON BRIDGE (NORTH),53.347802,-6.292432,0,40,OPEN
2,00:17:08,LEINSTER STREET SOUTH,53.34218,-6.254485,28,30,OPEN
8,00:17:35,BLACKHALL PLACE,53.3488,-6.281637,22,30,OPEN
