available_bikes,last_update,name,position.lat,position.lng,available_bike_stands,bike_stands,status
27,08:00:09,SMITHFIELD NORTH,53.349562,-6.278198,3,30,OPEN
3,07:57:07,PARNELL SQUARE NORTH,53.3537415547453,-6.26530144781526,17,20,OPEN
10,07:56:33,CLONMEL STREET,53.336021,-6.26298,23,33,OPEN
12,08:02:57,AVONDALE ROAD,53.359405,-6.276142,23,35,OPEN
8,08:00:30,JAMES STREET EAST,53.336597,-6.248109,22,30,OPEN
1,08:02:05,MOUNT STREET LOWER,53.33796,-6.24153,39,40,OPEN
19,08:01:31,CHRISTCHURCH PLACE,53.343368,-6.27012,1,20,OPEN
18,08:04:16,GRANTHAM STREET,53.334123,-6.265436,12,30,OPEN
12,08:02:24,PEARSE STREET,53.344304,-6.250427,18,30,OPEN
6,07:57:49,YORK STREET EAST,53.338755,-6.262003,26,32,OPEN
9,07:56:14,EXCISE WALK,53.347777,-6.244239,31,40,OPEN
0,08:00:06,FITZWILLIAM SQUARE WEST,53.336074,-6.252825,30,30,OPEN
17,08:02:14,PORTOBELLO ROAD,53.330091,-6.268044,13,30,OPEN
13,08:02:47,PARNELL STREET,53.350929,-6.265125,7,20,OPEN
17,08:02:02,FREDERICK STREET SOUTH,53.341515,-6.256853,23,40,OPEN
30,08:03:59,FOWNES STREET UPPER,53.344603,-6.263371,0,30,OPEN
18,08:03:40,CLARENDON ROW,53.340927,-6.262501,13,31,OPEN
10,07:54:49,CUSTOM HOUSE,53.348279,-6.254662,19,30,OPEN
25,08:00:25,RATHDOWN ROAD,53.35893,-6.280337,15,40,OPEN
7,08:03:42,NORTH CIRCULAR ROAD (O'CONNELL'S),53.357841,-6.251557,23,30,OPEN
13,08:01:11,HANOVER QUAY,53.344115,-6.237153,27,40,OPEN
18,07:59:52,OLIVER BOND STREET,53.343893,-6.280531,12,30,OPEN
4,08:00:14,COLLINS BARRACKS MUSEUM,53.347477,-6.28525,34,38,OPEN
22,08:01:42,BROOKFIELD ROAD,53.339005,-6.300217,8,30,OPEN
4,07:58:46,BENSON STREET,53.344153,-6.233451,36,40,OPEN
9,08:02:24,EARLSFORT TERRACE,53.334295,-6.258503,21,30,OPEN
2,07:59:20,GOLDEN LANE,53.340803,-6.267732,18,20,OPEN
5,07:58:48,DEVERELL PLACE,53.351464,-6.255265,25,30,OPEN
0,07:55:44,WILTON TERRACE (PARK),53.333653,-6.248345,40,40,OPEN
4,07:59:43,JOHN STREET WEST,53.343105,-6.277167,27,31,OPEN
11,08:00:34,FENIAN STREET,53.341428,-6.24672,24,35,OPEN
4,07:56:34,MERRION SQUARE SOUTH,53.338614,-6.248606,36,40,OPEN
21,08:01:13,SOUTH DOCK ROAD,53.341833,-6.231291,9,30,OPEN
0,08:04:28,CITY QUAY,53.346637,-6.246154,30,30,OPEN
21,07:56:42,EXCHEQUER STREET,53.343034,-6.263578,3,24,OPEN
2,08:02:11,THE POINT,53.346867,-6.230852,38,40,OPEN
0,07:59:07,BROADSTONE,53.3547,-6.272314,30,30,OPEN
5,07:57:51,HATCH STREET,53.33403,-6.260714,31,36,OPEN
3,08:04:26,LIME STREET,53.346026,-6.243576,37,40,OPEN
33,07:56:53,CHARLEMONT PLACE,53.330662,-6.260177,7,40,OPEN
26,08:03:50,KILMAINHAM GAOL,53.342113,-6.310015,14,40,OPEN
9,08:03:38,HARDWICKE PLACE,53.357043,-6.263232,16,25,OPEN
16,08:04:02,WOLFE TONE STREET,53.348875,-6.267459,13,29,OPEN
5,08:01:17,FRANCIS STREET,53.342081,-6.275233,25,30,OPEN
4,08:03:41,GREEK STREET,53.346874,-6.272976,16,20,OPEN
4,07:57:34,GUILD STREET,53.347932,-6.240928,36,40,OPEN
4,07:59:40,HERBERT PLACE,53.334432,-6.245575,26,30,OPEN
9,07:55:24,HIGH STREET,53.343565,-6.275071,20,29,OPEN
15,08:03:56,NORTH CIRCULAR ROAD,53.359624,-6.260348,15,30,OPEN
7,08:02:25,WESTERN WAY,53.354929,-6.269425,33,40,OPEN
21,08:01:43,TALBOT STREET,53.350974,-6.25294,19,40,OPEN
0,07:54:48,NEWMAN HOUSE,53.337132,-6.26059,40,40,OPEN
9,07:59:33,SIR PATRICK DUN'S,53.339218,-6.240642,31,40,OPEN
8,08:00:48,NEW CENTRAL BANK,53.347122,-6.234749,32,40,OPEN
3,07:58:41,GRANGEGORMAN LOWER (CENTRAL),53.355173,-6.278424,37,40,OPEN
27,07:57:21,KING STREET NORTH,53.350291,-6.273507,3,30,OPEN
23,07:55:24,KILLARNEY STREET,53.354845,-6.247579,7,30,OPEN
9,08:00:33,HERBERT STREET,53.335742,-6.24551,31,40,OPEN
10,07:57:21,HANOVER QUAY EAST,53.343653,-6.231755,30,40,OPEN
15,08:01:36,CUSTOM HOUSE QUAY,53.347884,-6.248048,15,30,OPEN
6,08:00:48,MOLESWORTH STREET,53.341288,-6.258117,14,20,OPEN
9,08:03:06,GEORGES QUAY,53.347508,-6.252192,11,20,OPEN
4,08:03:50,KILMAINHAM LANE,53.341805,-6.305085,26,30,OPEN
12,08:03:20,MOUNT BROWN,53.341645,-6.29719,10,22,OPEN
25,07:58:17,MARKET STREET SOUTH,53.342296,-6.287661,13,38,OPEN
30,08:00:42,KEVIN STREET,53.337757,-6.267699,10,40,OPEN
0,07:56:27,ECCLES STREET EAST,53.358115,-6.265601,27,27,OPEN
20,07:55:14,GRAND CANAL DOCK,53.342638,-6.238695,20,40,OPEN
1,07:59:30,MERRION SQUARE EAST,53.339434,-6.246548,29,30,OPEN
22,07:59:59,YORK STREET WEST,53.339334,-6.264699,18,40,OPEN
1,07:55:18,ST. STEPHEN'S GREEN SOUTH,53.337494,-6.26199,29,30,OPEN
7,07:55:55,DENMARK STREET GREAT,53.35561,-6.261397,13,20,OPEN
24,07:58:17,ROYAL HOSPITAL,53.343897,-6.29706,16,40,OPEN
16,07:59:33,HEUSTON STATION (CAR PARK),53.346985,-6.297804,24,40,OPEN
20,08:03:20,GRANGEGORMAN LOWER (NORTH),53.355954,-6.278378,16,36,OPEN
11,08:01:08,ST. STEPHEN'S GREEN EAST,53.337824,-6.256035,29,40,OPEN
30,07:56:39,HEUSTON STATION (CENTRAL),53.346603,-6.296924,10,40,OPEN
11,07:55:53,TOWNSEND STREET,53.345922,-6.254614,9,20,OPEN
12,07:56:35,GEORGES LANE,53.35023,-6.279696,28,40,OPEN
16,07:57:57,PHIBSBOROUGH ROAD,53.356307,-6.273717,24,40,OPEN
5,08:00:12,ECCLES STREET,53.359246,-6.269779,15,20,OPEN
26,08:01:24,PORTOBELLO HARBOUR,53.330362,-6.265163,3,30,OPEN
8,08:02:06,MATER HOSPITAL,53.359967,-6.264828,32,40,OPEN
0,07:55:42,BLESSINGTON STREET,53.356769,-6.26814,20,20,OPEN
22,08:00:41,JAMES STREET,53.343456,-6.287409,18,40,OPEN
1,10:50:58,ORIEL STREET TEST TERMINAL,53.35463,-6.242615,0,1,OPEN
1,08:01:13,MOUNTJOY SQUARE EAST,53.356717,-6.256359,39,40,OPEN
17,07:56:57,MERRION SQUARE WEST,53.339764,-6.251988,3,20,OPEN
1,07:56:07,CONVENTION CENTRE,53.34744,-6.238523,39,40,OPEN
0,07:58:10,HARDWICKE STREET,53.355473,-6.264423,16,16,OPEN
35,08:03:34,PARKGATE STREET,53.347972,-6.291804,3,38,OPEN
10,08:01:34,SMITHFIELD,53.347692,-6.278214,20,30,OPEN
15,08:02:50,DAME STREET,53.344007,-6.266802,1,16,OPEN
16,08:04:01,HEUSTON BRIDGE (SOUTH),53.347106,-6.292041,9,25,OPEN
11,08:02:06,CATHAL BRUGHA STREET,53.352149,-6.260533,9,20,OPEN
12,07:55:14,SANDWITH STREET,53.345203,-6.247163,28,40,OPEN
0,07:58:17,BUCKINGHAM STREET LOWER,53.353331,-6.249319,29,29,OPEN
23,08:04:36,ROTHE ABBEY,53.338776,-6.30395,12,35,OPEN
4,07:58:16,CHARLEVILLE ROAD,53.359157,-6.281866,36,40,OPEN
8,07:59:48,PRINCES STREET / O'CONNELL STREET,53.349013,-6.260311,15,23,OPEN
29,08:04:12,UPPER SHERRARD STREET,53.358437,-6.260641,1,30,OPEN
2,07:59:16,FITZWILLIAM SQUARE EAST,53.335211,-6.2509,38,40,OPEN
5,08:02:40,GRATTAN STREET,53.339629,-6.243778,18,23,OPEN
13,08:02:06,ST JAMES HOSPITAL (LUAS),53.341359,-6.292951,27,40,OPEN
5,08:04:18,HARCOURT TERRACE,53.332763,-6.257942,15,20,OPEN
14,08:01:00,BOLTON STREET,53.351182,-6.269859,6,20,OPEN
21,08:01:50,JERVIS STREET,53.3483,-6.266651,0,21,OPEN
22,08:03:33,ORMOND QUAY UPPER,53.346057,-6.268001,7,29,OPEN
0,08:01:25,GRANGEGORMAN LOWER (SOUTH),53.354663,-6.278681,40,40,OPEN
10,08:04:10,MOUNTJOY SQUARE WEST,53.356299,-6.258586,20,30,OPEN
12,07:59:33,WILTON TERRACE,53.332383,-6.252717,8,20,OPEN
28,08:01:49,EMMET ROAD,53.340714,-6.308191,12,40,OPEN
39,08:01:18,HEUSTON BRIDGE (NORTH),53.347802,-6.292432,1,40,OPEN
18,08:03:50,LEINSTER STREET SOUTH,53.34218,-6.254485,12,30,OPEN
11,07:59:50,BLACKHALL PLACE,53.3488,-6.281637,19,30,OPEN
