available_bikes,last_update,name,position.lat,position.lng,available_bike_stands,bike_stands,status
3,04:46:57,LIDL BEŽIGRAD,46.063797,14.506854,17,20,OPEN
7,04:43:09,ŠMARTINSKI PARK,46.065206,14.529911,13,20,OPEN
6,04:47:24,SAVSKO NASELJE 1-ŠMARTINSKA CESTA,46.062475,14.524321,14,20,OPEN
11,04:46:05,ČRNUČE,46.102446,14.530213,9,20,OPEN
11,04:48:11,VILHARJEVA CESTA,46.06005,14.51302,9,20,OPEN
0,04:48:55,MASARYKOVA DDC,46.05763,14.514264,18,18,OPEN
0,04:40:46,POGAČARJEV TRG-TRŽNICA,46.051093,14.507186,17,18,OPEN
0,04:44:41,CANKARJEVA UL.-NAMA,46.052431,14.503257,26,26,OPEN
13,04:49:37,ANTONOV TRG,46.041753,14.477016,7,20,OPEN
13,04:49:39,PRUŠNIKOVA,46.090608,14.471637,7,20,OPEN
11,04:47:18,TEHNOLOŠKI PARK,46.04843,14.461086,9,20,OPEN
9,04:43:09,KOSEŠKI BAJER,46.068443,14.470913,11,20,OPEN
0,04:40:59,TIVOLI,46.05952,14.4982,20,20,OPEN
9,04:47:41,TRŽNICA MOSTE,46.055801,14.534156,12,21,OPEN
3,04:48:19,GRUDNOVO NABREŽJE-KARLOVŠKA C.,46.045748,14.506196,15,18,OPEN
11,04:43:00,LIDL-LITIJSKA CESTA,46.047689,14.547416,9,20,OPEN
19,04:43:58,ŠPORTNI CENTER STOŽICE,46.08259,14.52016,7,26,OPEN
3,04:41:05,ŠPICA,46.040213,14.512044,15,18,OPEN
0,04:48:03,ROŠKA - STRELIŠKA,46.045,14.51846,20,20,OPEN
0,04:48:33,BAVARSKI DVOR,46.05682,14.50551,20,20,OPEN
2,04:43:32,STARA CERKEV,46.06342,14.494588,12,14,OPEN
6,04:45:01,SITULA,46.059433,14.52051,14,20,OPEN
0,04:40:37,ILIRSKA ULICA,46.053144,14.513479,17,18,OPEN
7,04:48:04,LIDL - RUDNIK,46.020012,14.532479,13,20,OPEN
1,04:43:42,KOPALIŠČE KOLEZIJA,46.042867,14.495239,19,20,OPEN
11,04:48:20,POVŠETOVA - KAJUHOVA,46.051512,14.539272,9,20,OPEN
11,04:48:35,DUNAJSKA C.-PS MERCATOR,46.074193,14.511134,7,18,OPEN
0,04:49:06,CITYPARK,46.068805,14.546257,20,20,OPEN
3,04:49:17,KOPRSKA ULICA,46.033408,14.482468,5,8,OPEN
12,04:41:26,LIDL - VOJKOVA CESTA,46.07589,14.52011,8,20,OPEN
13,04:49:13,POLJANSKA-POTOČNIKOVA,46.048982,14.522709,7,20,OPEN
15,04:40:45,POVŠETOVA-GRABLOVIČEVA,46.051863,14.530349,4,19,OPEN
5,04:40:27,PARK NAVJE-ŽELEZNA CESTA,46.06361,14.51315,15,20,OPEN
6,04:45:33,ZALOG,46.06043,14.613797,14,20,OPEN
4,04:43:17,CESTA NA ROŽNIK,46.053241,14.486206,16,20,OPEN
13,04:41:44,HOFER-KAJUHOVA,46.056405,14.540901,7,20,OPEN
3,04:49:18,DUNAJSKA C.-PS PETROL,46.065136,14.509112,16,20,OPEN
20,04:45:37,STUDENEC,46.054615,14.576031,0,20,OPEN
0,04:42:35,PARKIRIŠČE NUK 2-FF,46.046377,14.501256,20,20,OPEN
19,04:45:02,BRATOVŠEVA PLOŠČAD,46.08929,14.513751,0,20,OPEN
0,04:48:34,KONGRESNI TRG-ŠUBIČEVA ULICA,46.050388,14.504623,20,20,OPEN
17,04:46:13,BS4-STOŽICE,46.086761,14.514151,3,20,OPEN
18,04:48:10,GERBIČEVA - ŠPORTNI PARK SVOBODA,46.039384,14.485458,2,20,OPEN
0,04:43:16,ŽIVALSKI VRT,46.052454,14.472149,20,20,OPEN
14,04:48:24,VOKA - SLOVENČEVA,46.075207,14.504734,6,20,OPEN
0,04:40:39,BTC CITY/DVORANA A,46.065297,14.543996,19,20,OPEN
3,04:42:43,TRNOVO,46.03784,14.50001,17,20,OPEN
13,04:46:21,P+R BARJE,46.02749,14.49958,7,20,OPEN
11,04:45:52,ROŽNA DOLINA-ŠKRABČEVA UL.,46.051439,14.49273,7,18,OPEN
19,04:43:12,KINO ŠIŠKA,46.06928,14.48971,7,26,OPEN
11,04:43:08,ZALOŠKA C.-GRABLOVIČEVA C.,46.05441,14.52978,5,16,OPEN
14,04:49:28,BRODARJEV TRG,46.054398,14.553319,6,20,OPEN
9,04:41:20,DOLENJSKA C. - STRELIŠČE,46.038866,14.517605,11,20,OPEN
19,04:43:22,ŠTEPANJSKO NASELJE 1-JAKČEVA ULICA,46.053047,14.545125,0,19,OPEN
20,04:42:33,SOSESKA NOVO BRDO,46.045617,14.462281,0,20,OPEN
14,04:48:12,TRŽNICA KOSEZE,46.074315,14.475483,4,18,OPEN
19,04:46:28,ALEJA - CELOVŠKA CESTA,46.077302,14.482581,1,20,OPEN
11,04:41:34,MERCATOR CENTER ŠIŠKA,46.087079,14.475439,11,22,OPEN
0,04:43:38,GH ŠENTPETER-NJEGOŠEVA C.,46.05257,14.51928,24,24,OPEN
12,04:49:09,HOFER - POLJE,46.053718,14.589284,8,20,OPEN
17,04:49:29,VIŠKO POLJE,46.046189,14.469037,3,20,OPEN
12,04:44:26,BONIFACIJA,46.039641,14.472664,9,21,OPEN
9,04:48:02,P + R DOLGI MOST,46.037003,14.465229,11,20,OPEN
9,04:41:07,DRAVLJE,46.07984,14.479952,11,20,OPEN
10,04:46:00,POLJE,46.05722,14.583537,10,20,OPEN
12,04:49:10,SUPERNOVA LJUBLJANA - RUDNIK,46.021586,14.536745,8,20,OPEN
6,04:45:24,SREDNJA FRIZERSKA ŠOLA,46.080522,14.491439,14,20,OPEN
0,04:44:39,TRG OF-KOLODVORSKA UL.,46.057421,14.510265,26,26,OPEN
0,04:43:03,TRG MDB,46.047565,14.495687,20,20,OPEN
9,04:46:33,TRŽAŠKA C.-ILIRIJA,46.044629,14.486699,11,20,OPEN
0,04:44:42,PREŠERNOV TRG-PETKOVŠKOVO NABREŽJE,46.051367,14.506542,20,20,OPEN
8,04:47:18,MERCATOR MARKET - CELOVŠKA C. 163,46.073264,14.485942,12,20,OPEN
9,04:46:14,SAVSKO NASELJE 2-LINHARTOVA CESTA,46.064546,14.518013,11,20,OPEN
0,16:01:41,BREG,46.046498,14.505148,19,20,OPEN
0,04:44:34,BTC CITY ATLANTIS,46.063081,14.547851,20,20,OPEN
1,04:41:02,IKEA,46.065175,14.539537,19,20,OPEN
0,04:49:42,MIKLOŠIČEV PARK,46.054168,14.50706,18,18,OPEN
4,04:48:58,BARJANSKA C.-CENTER STAREJŠIH TRNOVO,46.04081,14.49951,16,20,OPEN
0,04:40:11,LEK - VEROVŠKOVA,46.076856,14.500222,20,20,OPEN
10,04:43:27,AMBROŽEV TRG,46.049877,14.516308,8,18,OPEN
4,04:48:34,VOJKOVA - GASILSKA BRIGADA,46.068727,14.516858,16,20,OPEN
10,04:48:53,RAKOVNIK,46.036284,14.522948,9,20,OPEN
20,04:39:49,PREGLOV TRG,46.054554,14.55908,0,20,OPEN
9,04:44:36,PLEČNIKOV STADION,46.06942,14.51052,9,18,OPEN
