available_bikes,last_update,name,position.lat,position.lng,available_bike_stands,bike_stands,status
8,13:28:50,SMITHFIELD NORTH,53.349562,-6.278198,22,30,OPEN
6,13:23:42,PARNELL SQUARE NORTH,53.3537415547453,-6.26530144781526,14,20,OPEN
11,13:27:12,CLONMEL STREET,53.336021,-6.26298,22,33,OPEN
19,13:25:27,AVONDALE ROAD,53.359405,-6.276142,16,35,OPEN
28,13:25:11,JAMES STREET EAST,53.336597,-6.248109,2,30,OPEN
24,13:31:57,MOUNT STREET LOWER,53.33796,-6.24153,16,40,OPEN
1,13:27:00,CHRISTCHURCH PLACE,53.343368,-6.27012,19,20,OPEN
13,13:30:32,GRANTHAM STREET,53.334123,-6.265436,17,30,OPEN
23,13:23:15,PEARSE STREET,53.344304,-6.250427,7,30,OPEN
9,13:30:47,YORK STREET EAST,53.338755,-6.262003,23,32,OPEN
15,13:32:28,EXCISE WALK,53.347777,-6.244239,25,40,OPEN
26,13:27:32,FITZWILLIAM SQUARE WEST,53.336074,-6.252825,4,30,OPEN
4,13:27:33,PORTOBELLO ROAD,53.330091,-6.268044,26,30,OPEN
4,13:26:49,PARNELL STREET,53.350929,-6.265125,16,20,OPEN
23,13:24:54,FREDERICK STREET SOUTH,53.341515,-6.256853,17,40,OPEN
7,13:22:37,FOWNES STREET UPPER,53.344603,-6.263371,23,30,OPEN
17,13:29:31,CLARENDON ROW,53.340927,-6.262501,14,31,OPEN
22,13:25:13,CUSTOM HOUSE,53.348279,-6.254662,8,30,OPEN
16,13:32:27,RATHDOWN ROAD,53.35893,-6.280337,24,40,OPEN
8,13:28:48,NORTH CIRCULAR ROAD (O'CONNELL'S),53.357841,-6.251557,22,30,OPEN
35,13:29:33,HANOVER QUAY,53.344115,-6.237153,5,40,OPEN
1,13:28:05,OLIVER BOND STREET,53.343893,-6.280531,29,30,OPEN
0,13:28:23,COLLINS BARRACKS MUSEUM,53.347477,-6.28525,38,38,OPEN
1,13:31:41,BROOKFIELD ROAD,53.339005,-6.300217,29,30,OPEN
37,13:31:33,BENSON STREET,53.344153,-6.233451,3,40,OPEN
18,13:26:57,EARLSFORT TERRACE,53.334295,-6.258503,12,30,OPEN
5,13:30:21,GOLDEN LANE,53.340803,-6.267732,15,20,OPEN
8,13:29:26,DEVERELL PLACE,53.351464,-6.255265,22,30,OPEN
40,13:28:14,WILTON TERRACE (PARK),53.333653,-6.248345,0,40,OPEN
10,13:23:47,JOHN STREET WEST,53.343105,-6.277167,21,31,OPEN
17,13:31:59,FENIAN STREET,53.341428,-6.24672,17,35,OPEN
15,13:26:14,MERRION SQUARE SOUTH,53.338614,-6.248606,25,40,OPEN
10,13:22:50,SOUTH DOCK ROAD,53.341833,-6.231291,20,30,OPEN
12,13:32:13,CITY QUAY,53.346637,-6.246154,18,30,OPEN
12,13:30:38,EXCHEQUER STREET,53.343034,-6.263578,12,24,OPEN
8,13:30:41,THE POINT,53.346867,-6.230852,32,40,OPEN
1,13:28:42,BROADSTONE,53.3547,-6.272314,29,30,OPEN
9,13:28:14,HATCH STREET,53.33403,-6.260714,27,36,OPEN
12,13:27:39,LIME STREET,53.346026,-6.243576,28,40,OPEN
2,13:25:51,CHARLEMONT PLACE,53.330662,-6.260177,38,40,OPEN
17,13:29:07,KILMAINHAM GAOL,53.342113,-6.310015,23,40,OPEN
3,13:30:45,HARDWICKE PLACE,53.357043,-6.263232,21,25,OPEN
3,13:27:30,WOLFE TONE STREET,53.348875,-6.267459,26,29,OPEN
17,13:24:56,GREEK STREET,53.346874,-6.272976,3,20,OPEN
13,13:26:09,GUILD STREET,53.347932,-6.240928,27,40,OPEN
30,13:31:09,HERBERT PLACE,53.334432,-6.245575,0,30,OPEN
10,13:22:23,HIGH STREET,53.343565,-6.275071,19,29,OPEN
9,13:32:28,NORTH CIRCULAR ROAD,53.359624,-6.260348,21,30,OPEN
19,13:24:01,WESTERN WAY,53.354929,-6.269425,21,40,OPEN
2,13:25:13,TALBOT STREET,53.350974,-6.25294,38,40,OPEN
19,13:29:37,NEWMAN HOUSE,53.337132,-6.26059,21,40,OPEN
40,13:28:08,SIR PATRICK DUN'S,53.339218,-6.240642,0,40,OPEN
23,13:29:01,NEW CENTRAL BANK,53.347122,-6.234749,17,40,OPEN
3,13:31:22,GRANGEGORMAN LOWER (CENTRAL),53.355173,-6.278424,37,40,OPEN
2,13:23:48,KING STREET NORTH,53.350291,-6.273507,28,30,OPEN
9,13:25:26,KILLARNEY STREET,53.354845,-6.247579,21,30,OPEN
10,13:30:19,HERBERT STREET,53.335742,-6.24551,29,40,OPEN
36,13:27:49,HANOVER QUAY EAST,53.343653,-6.231755,3,40,OPEN
0,13:30:49,CUSTOM HOUSE QUAY,53.347884,-6.248048,28,30,OPEN
14,13:31:42,MOLESWORTH STREET,53.341288,-6.258117,6,20,OPEN
4,13:25:30,GEORGES QUAY,53.347508,-6.252192,16,20,OPEN
6,13:25:01,KILMAINHAM LANE,53.341805,-6.305085,24,30,OPEN
5,13:31:08,MOUNT BROWN,53.341645,-6.29719,17,22,OPEN
5,13:22:28,MARKET STREET SOUTH,53.342296,-6.287661,33,38,OPEN
1,13:26:06,KEVIN STREET,53.337757,-6.267699,39,40,OPEN
8,13:29:10,ECCLES STREET EAST,53.358115,-6.265601,19,27,OPEN
39,13:30:44,GRAND CANAL DOCK,53.342638,-6.238695,1,40,OPEN
15,13:26:04,MERRION SQUARE EAST,53.339434,-6.246548,15,30,OPEN
8,13:31:19,YORK STREET WEST,53.339334,-6.264699,31,40,OPEN
10,13:30:02,ST. STEPHEN'S GREEN SOUTH,53.337494,-6.26199,20,30,OPEN
2,13:30:37,DENMARK STREET GREAT,53.35561,-6.261397,18,20,OPEN
10,13:25:35,ROYAL HOSPITAL,53.343897,-6.29706,30,40,OPEN
0,13:26:08,HEUSTON STATION (CAR PARK),53.346985,-6.297804,40,40,OPEN
6,13:25:08,GRANGEGORMAN LOWER (NORTH),53.355954,-6.278378,30,36,OPEN
15,13:27:04,ST. STEPHEN'S GREEN EAST,53.337824,-6.256035,24,40,OPEN
0,13:28:23,HEUSTON STATION (CENTRAL),53.346603,-6.296924,40,40,OPEN
2,13:31:47,TOWNSEND STREET,53.345922,-6.254614,17,20,OPEN
3,13:26:29,GEORGES LANE,53.35023,-6.279696,37,40,OPEN
9,13:27:58,PHIBSBOROUGH ROAD,53.356307,-6.273717,31,40,OPEN
7,13:24:59,ECCLES STREET,53.359246,-6.269779,13,20,OPEN
0,13:26:47,PORTOBELLO HARBOUR,53.330362,-6.265163,30,30,OPEN
15,13:30:57,MATER HOSPITAL,53.359967,-6.264828,25,40,OPEN
5,13:24:51,BLESSINGTON STREET,53.356769,-6.26814,15,20,OPEN
10,13:31:30,JAMES STREET,53.343456,-6.287409,30,40,OPEN
1,17:08:48,ORIEL STREET TEST TERMINAL,53.35463,-6.242615,0,1,OPEN
0,13:27:36,MOUNTJOY SQUARE EAST,53.356717,-6.256359,40,40,OPEN
17,13:31:49,MERRION SQUARE WEST,53.339764,-6.251988,3,20,OPEN
17,13:23:27,CONVENTION CENTRE,53.34744,-6.238523,23,40,OPEN
0,13:28:34,HARDWICKE STREET,53.355473,-6.264423,13,16,OPEN
0,13:30:34,PARKGATE STREET,53.347972,-6.291804,38,38,OPEN
10,13:28:00,SMITHFIELD,53.347692,-6.278214,19,30,OPEN
15,13:29:53,DAME STREET,53.344007,-6.266802,1,16,OPEN
3,13:31:58,HEUSTON BRIDGE (SOUTH),53.347106,-6.292041,22,25,OPEN
12,13:32:18,CATHAL BRUGHA STREET,53.352149,-6.260533,8,20,OPEN
9,13:31:50,SANDWITH STREET,53.345203,-6.247163,31,40,OPEN
13,13:31:52,BUCKINGHAM STREET LOWER,53.353331,-6.249319,15,29,OPEN
19,13:31:05,ROTHE ABBEY,53.338776,-6.30395,16,35,OPEN
21,13:24:24,CHARLEVILLE ROAD,53.359157,-6.281866,19,40,OPEN
4,13:30:29,PRINCES STREET / O'CONNELL STREET,53.349013,-6.260311,19,23,OPEN
3,13:24:36,UPPER SHERRARD STREET,53.358437,-6.260641,27,30,OPEN
5,13:25:17,FITZWILLIAM SQUARE EAST,53.335211,-6.2509,35,40,OPEN
12,13:32:12,GRATTAN STREET,53.339629,-6.243778,11,23,OPEN
3,13:31:48,ST JAMES HOSPITAL (LUAS),53.341359,-6.292951,37,40,OPEN
8,13:25:53,HARCOURT TERRACE,53.332763,-6.257942,12,20,OPEN
4,13:28:05,BOLTON STREET,53.351182,-6.269859,16,20,OPEN
12,13:30:52,JERVIS STREET,53.3483,-6.266651,9,21,OPEN
15,13:31:29,ORMOND QUAY UPPER,53.346057,-6.268001,13,29,OPEN
15,13:29:19,GRANGEGORMAN LOWER (SOUTH),53.354663,-6.278681,25,40,OPEN
10,13:22:57,MOUNTJOY SQUARE WEST,53.356299,-6.258586,20,30,OPEN
6,13:31:23,WILTON TERRACE,53.332383,-6.252717,14,20,OPEN
10,13:25:12,EMMET ROAD,53.340714,-6.308191,30,40,OPEN
15,13:31:53,HEUSTON BRIDGE (NORTH),53.347802,-6.292432,25,40,OPEN
13,13:31:21,LEINSTER STREET SOUTH,53.34218,-6.254485,17,30,OPEN
0,13:30:18,BLACKHALL PLACE,53.3488,-6.281637,30,30,OPEN
