available_bikes,last_update,name,position.lat,position.lng,available_bike_stands,bike_stands,status
14,03:32:39,LIDL BEŽIGRAD,46.063797,14.506854,6,20,OPEN
13,03:33:38,ŠMARTINSKI PARK,46.065206,14.529911,7,20,OPEN
12,03:33:37,SAVSKO NASELJE 1-ŠMARTINSKA CESTA,46.062475,14.524321,8,20,OPEN
8,03:32:37,ČRNUČE,46.102446,14.530213,12,20,OPEN
2,03:32:37,VILHARJEVA CESTA,46.06005,14.51302,18,20,OPEN
0,03:31:39,MASARYKOVA DDC,46.05763,14.514264,18,18,OPEN
0,03:32:38,POGAČARJEV TRG-TRŽNICA,46.051093,14.507186,18,18,OPEN
1,03:31:39,CANKARJEVA UL.-NAMA,46.052431,14.503257,25,26,OPEN
20,03:32:40,ANTONOV TRG,46.041753,14.477016,0,20,OPEN
8,03:31:40,PRUŠNIKOVA,46.090608,14.471637,12,20,OPEN
4,03:31:38,TEHNOLOŠKI PARK,46.04843,14.461086,16,20,OPEN
14,03:33:38,KOSEŠKI BAJER,46.068443,14.470913,6,20,OPEN
4,03:31:38,TIVOLI,46.05952,14.4982,16,20,OPEN
16,03:31:37,TRŽNICA MOSTE,46.055801,14.534156,5,21,OPEN
0,03:33:47,GRUDNOVO NABREŽJE-KARLOVŠKA C.,46.045748,14.506196,18,18,OPEN
14,03:33:38,LIDL-LITIJSKA CESTA,46.047689,14.547416,6,20,OPEN
21,03:31:38,ŠPORTNI CENTER STOŽICE,46.08259,14.52016,5,26,OPEN
5,03:31:37,ŠPICA,46.040213,14.512044,13,18,OPEN
6,03:32:39,ROŠKA - STRELIŠKA,46.045,14.51846,14,20,OPEN
0,03:32:39,BAVARSKI DVOR,46.05682,14.50551,20,20,OPEN
3,03:32:39,STARA CERKEV,46.06342,14.494588,11,14,OPEN
6,03:31:38,SITULA,46.059433,14.52051,14,20,OPEN
0,03:32:38,ILIRSKA ULICA,46.053144,14.513479,18,18,OPEN
8,03:34:40,LIDL - RUDNIK,46.020012,14.532479,12,20,OPEN
8,03:31:39,KOPALIŠČE KOLEZIJA,46.042867,14.495239,12,20,OPEN
8,03:32:37,POVŠETOVA - KAJUHOVA,46.051512,14.539272,12,20,OPEN
9,03:32:37,DUNAJSKA C.-PS MERCATOR,46.074193,14.511134,9,18,OPEN
5,03:31:39,CITYPARK,46.068805,14.546257,15,20,OPEN
3,03:32:38,KOPRSKA ULICA,46.033408,14.482468,5,8,OPEN
12,03:33:39,LIDL - VOJKOVA CESTA,46.07589,14.52011,8,20,OPEN
11,03:31:37,POLJANSKA-POTOČNIKOVA,46.048982,14.522709,9,20,OPEN
7,03:33:37,POVŠETOVA-GRABLOVIČEVA,46.051863,14.530349,12,19,OPEN
14,03:33:39,PARK NAVJE-ŽELEZNA CESTA,46.06361,14.51315,6,20,OPEN
5,03:33:06,ZALOG,46.06043,14.613797,15,20,OPEN
5,03:32:38,CESTA NA ROŽNIK,46.053241,14.486206,15,20,OPEN
9,03:33:37,HOFER-KAJUHOVA,46.056405,14.540901,11,20,OPEN
14,03:33:40,DUNAJSKA C.-PS PETROL,46.065136,14.509112,6,20,OPEN
10,03:34:40,STUDENEC,46.054615,14.576031,10,20,OPEN
0,03:32:37,PARKIRIŠČE NUK 2-FF,46.046377,14.501256,19,20,OPEN
20,03:33:48,BRATOVŠEVA PLOŠČAD,46.08929,14.513751,0,20,OPEN
9,03:33:39,KONGRESNI TRG-ŠUBIČEVA ULICA,46.050388,14.504623,11,20,OPEN
9,03:31:41,BS4-STOŽICE,46.086761,14.514151,11,20,OPEN
20,03:33:38,GERBIČEVA - ŠPORTNI PARK SVOBODA,46.039384,14.485458,0,20,OPEN
4,03:31:37,ŽIVALSKI VRT,46.052454,14.472149,16,20,OPEN
9,03:31:40,VOKA - SLOVENČEVA,46.075207,14.504734,10,20,OPEN
9,03:32:37,BTC CITY/DVORANA A,46.065297,14.543996,10,20,OPEN
13,03:31:38,TRNOVO,46.03784,14.50001,7,20,OPEN
12,03:32:37,P+R BARJE,46.02749,14.49958,8,20,OPEN
6,03:32:39,ROŽNA DOLINA-ŠKRABČEVA UL.,46.051439,14.49273,12,18,OPEN
11,03:34:40,KINO ŠIŠKA,46.06928,14.48971,15,26,OPEN
10,03:33:41,ZALOŠKA C.-GRABLOVIČEVA C.,46.05441,14.52978,6,16,OPEN
13,03:31:38,BRODARJEV TRG,46.054398,14.553319,7,20,OPEN
16,03:31:37,DOLENJSKA C. - STRELIŠČE,46.038866,14.517605,3,20,OPEN
18,03:33:15,ŠTEPANJSKO NASELJE 1-JAKČEVA ULICA,46.053047,14.545125,1,19,OPEN
10,03:34:39,SOSESKA NOVO BRDO,46.045617,14.462281,10,20,OPEN
7,03:31:36,TRŽNICA KOSEZE,46.074315,14.475483,11,18,OPEN
13,03:32:38,ALEJA - CELOVŠKA CESTA,46.077302,14.482581,7,20,OPEN
14,03:33:37,MERCATOR CENTER ŠIŠKA,46.087079,14.475439,8,22,OPEN
2,03:31:37,GH ŠENTPETER-NJEGOŠEVA C.,46.05257,14.51928,22,24,OPEN
8,03:33:39,HOFER - POLJE,46.053718,14.589284,12,20,OPEN
12,03:32:40,VIŠKO POLJE,46.046189,14.469037,8,20,OPEN
19,03:31:37,BONIFACIJA,46.039641,14.472664,2,21,OPEN
10,03:33:38,P + R DOLGI MOST,46.037003,14.465229,10,20,OPEN
6,03:32:07,DRAVLJE,46.07984,14.479952,14,20,OPEN
7,03:31:39,POLJE,46.05722,14.583537,13,20,OPEN
5,03:32:38,SUPERNOVA LJUBLJANA - RUDNIK,46.021586,14.536745,15,20,OPEN
5,03:32:37,SREDNJA FRIZERSKA ŠOLA,46.080522,14.491439,15,20,OPEN
1,03:33:38,TRG OF-KOLODVORSKA UL.,46.057421,14.510265,25,26,OPEN
2,03:31:38,TRG MDB,46.047565,14.495687,18,20,OPEN
13,03:33:38,TRŽAŠKA C.-ILIRIJA,46.044629,14.486699,7,20,OPEN
0,03:31:39,PREŠERNOV TRG-PETKOVŠKOVO NABREŽJE,46.051367,14.506542,20,20,OPEN
12,03:33:38,MERCATOR MARKET - CELOVŠKA C. 163,46.073264,14.485942,8,20,OPEN
15,03:32:38,SAVSKO NASELJE 2-LINHARTOVA CESTA,46.064546,14.518013,5,20,OPEN
0,03:32:37,BREG,46.046498,14.505148,19,20,OPEN
1,03:33:38,BTC CITY ATLANTIS,46.063081,14.547851,19,20,OPEN
8,03:33:38,IKEA,46.065175,14.539537,12,20,OPEN
0,03:31:39,MIKLOŠIČEV PARK,46.054168,14.50706,18,18,OPEN
20,03:32:41,BARJANSKA C.-CENTER STAREJŠIH TRNOVO,46.04081,14.49951,0,20,OPEN
5,03:33:38,LEK - VEROVŠKOVA,46.076856,14.500222,15,20,OPEN
1,03:33:37,AMBROŽEV TRG,46.049877,14.516308,17,18,OPEN
7,03:32:37,VOJKOVA - GASILSKA BRIGADA,46.068727,14.516858,13,20,OPEN
6,03:31:37,RAKOVNIK,46.036284,14.522948,14,20,OPEN
2,03:32:36,PREGLOV TRG,46.054554,14.55908,18,20,OPEN
11,03:31:40,PLEČNIKOV STADION,46.06942,14.51052,7,18,OPEN
