available_bikes,last_update,name,position.lat,position.lng,available_bike_stands,bike_stands,status
24,19:59:42,SMITHFIELD NORTH,53.349562,-6.278198,6,30,OPEN
5,19:56:43,PARNELL SQUARE NORTH,53.3537415547453,-6.26530144781526,15,20,OPEN
21,19:54:56,CLONMEL STREET,53.336021,-6.26298,12,33,OPEN
30,19:57:56,AVONDALE ROAD,53.359405,-6.276142,5,35,OPEN
1,19:51:47,JAMES STREET EAST,53.336597,-6.248109,29,30,OPEN
11,19:56:53,MOUNT STREET LOWER,53.33796,-6.24153,29,40,OPEN
7,19:56:09,CHRISTCHURCH PLACE,53.343368,-6.27012,13,20,OPEN
9,19:52:11,GRANTHAM STREET,53.334123,-6.265436,21,30,OPEN
10,19:58:53,PEARSE STREET,53.344304,-6.250427,20,30,OPEN
16,19:56:50,YORK STREET EAST,53.338755,-6.262003,16,32,OPEN
4,19:50:53,EXCISE WALK,53.347777,-6.244239,36,40,OPEN
11,19:51:02,FITZWILLIAM SQUARE WEST,53.336074,-6.252825,19,30,OPEN
13,19:54:04,PORTOBELLO ROAD,53.330091,-6.268044,17,30,OPEN
9,19:56:51,PARNELL STREET,53.350929,-6.265125,11,20,OPEN
5,19:53:07,FREDERICK STREET SOUTH,53.341515,-6.256853,35,40,OPEN
27,19:54:47,FOWNES STREET UPPER,53.344603,-6.263371,3,30,OPEN
0,19:57:50,CLARENDON ROW,53.340927,-6.262501,31,31,OPEN
9,19:51:46,CUSTOM HOUSE,53.348279,-6.254662,21,30,OPEN
20,19:51:20,RATHDOWN ROAD,53.35893,-6.280337,20,40,OPEN
15,19:57:41,NORTH CIRCULAR ROAD (O'CONNELL'S),53.357841,-6.251557,15,30,OPEN
13,20:00:55,HANOVER QUAY,53.344115,-6.237153,27,40,OPEN
14,19:55:31,OLIVER BOND STREET,53.343893,-6.280531,16,30,OPEN
19,19:53:43,COLLINS BARRACKS MUSEUM,53.347477,-6.28525,19,38,OPEN
24,19:59:47,BROOKFIELD ROAD,53.339005,-6.300217,6,30,OPEN
1,19:56:13,BENSON STREET,53.344153,-6.233451,39,40,OPEN
9,20:00:45,EARLSFORT TERRACE,53.334295,-6.258503,21,30,OPEN
0,19:56:14,GOLDEN LANE,53.340803,-6.267732,20,20,OPEN
0,19:59:35,DEVERELL PLACE,53.351464,-6.255265,30,30,OPEN
6,19:57:37,WILTON TERRACE (PARK),53.333653,-6.248345,34,40,OPEN
21,20:00:04,JOHN STREET WEST,53.343105,-6.277167,10,31,OPEN
9,19:53:31,FENIAN STREET,53.341428,-6.24672,26,35,OPEN
11,19:51:08,MERRION SQUARE SOUTH,53.338614,-6.248606,29,40,OPEN
5,19:55:00,SOUTH DOCK ROAD,53.341833,-6.231291,25,30,OPEN
3,19:53:07,CITY QUAY,53.346637,-6.246154,27,30,OPEN
2,19:54:57,EXCHEQUER STREET,53.343034,-6.263578,22,24,OPEN
0,19:59:18,THE POINT,53.346867,-6.230852,0,40,CLOSED
1,19:56:03,BROADSTONE,53.3547,-6.272314,29,30,OPEN
6,19:50:52,HATCH STREET,53.33403,-6.260714,30,36,OPEN
8,19:54:18,LIME STREET,53.346026,-6.243576,32,40,OPEN
33,19:52:18,CHARLEMONT PLACE,53.330662,-6.260177,7,40,OPEN
29,19:59:57,KILMAINHAM GAOL,53.342113,-6.310015,11,40,OPEN
2,19:53:58,HARDWICKE PLACE,53.357043,-6.263232,23,25,OPEN
14,19:54:00,WOLFE TONE STREET,53.348875,-6.267459,15,29,OPEN
12,19:56:12,GREEK STREET,53.346874,-6.272976,8,20,OPEN
22,19:56:48,GUILD STREET,53.347932,-6.240928,18,40,OPEN
10,19:57:26,HERBERT PLACE,53.334432,-6.245575,20,30,OPEN
4,19:52:06,HIGH STREET,53.343565,-6.275071,25,29,OPEN
18,19:54:55,NORTH CIRCULAR ROAD,53.359624,-6.260348,12,30,OPEN
11,19:56:32,WESTERN WAY,53.354929,-6.269425,29,40,OPEN
14,19:56:06,TALBOT STREET,53.350974,-6.25294,26,40,OPEN
19,19:59:53,NEWMAN HOUSE,53.337132,-6.26059,21,40,OPEN
12,19:52:31,SIR PATRICK DUN'S,53.339218,-6.240642,28,40,OPEN
0,19:59:39,NEW CENTRAL BANK,53.347122,-6.234749,0,40,CLOSED
17,19:54:23,GRANGEGORMAN LOWER (CENTRAL),53.355173,-6.278424,23,40,OPEN
8,19:56:32,KING STREET NORTH,53.350291,-6.273507,22,30,OPEN
5,19:55:52,KILLARNEY STREET,53.354845,-6.247579,25,30,OPEN
7,19:55:45,HERBERT STREET,53.335742,-6.24551,33,40,OPEN
7,19:57:20,HANOVER QUAY EAST,53.343653,-6.231755,33,40,OPEN
1,19:54:42,CUSTOM HOUSE QUAY,53.347884,-6.248048,29,30,OPEN
9,19:52:54,MOLESWORTH STREET,53.341288,-6.258117,11,20,OPEN
1,19:59:05,GEORGES QUAY,53.347508,-6.252192,19,20,OPEN
18,19:58:54,KILMAINHAM LANE,53.341805,-6.305085,12,30,OPEN
17,19:51:23,MOUNT BROWN,53.341645,-6.29719,5,22,OPEN
21,19:56:04,MARKET STREET SOUTH,53.342296,-6.287661,17,38,OPEN
18,19:56:55,KEVIN STREET,53.337757,-6.267699,22,40,OPEN
10,20:00:14,ECCLES STREET EAST,53.358115,-6.265601,17,27,OPEN
9,20:00:25,GRAND CANAL DOCK,53.342638,-6.238695,31,40,OPEN
5,19:57:54,MERRION SQUARE EAST,53.339434,-6.246548,25,30,OPEN
4,20:00:49,YORK STREET WEST,53.339334,-6.264699,36,40,OPEN
7,19:54:41,ST. STEPHEN'S GREEN SOUTH,53.337494,-6.26199,23,30,OPEN
14,19:51:09,DENMARK STREET GREAT,53.35561,-6.261397,6,20,OPEN
20,19:55:12,ROYAL HOSPITAL,53.343897,-6.29706,20,40,OPEN
1,19:52:09,HEUSTON STATION (CAR PARK),53.346985,-6.297804,39,40,OPEN
4,19:58:06,GRANGEGORMAN LOWER (NORTH),53.355954,-6.278378,32,36,OPEN
14,19:52:20,ST. STEPHEN'S GREEN EAST,53.337824,-6.256035,26,40,OPEN
13,19:57:35,HEUSTON STATION (CENTRAL),53.346603,-6.296924,27,40,OPEN
12,19:59:58,TOWNSEND STREET,53.345922,-6.254614,7,20,OPEN
30,19:58:31,GEORGES LANE,53.35023,-6.279696,10,40,OPEN
19,19:53:28,PHIBSBOROUGH ROAD,53.356307,-6.273717,21,40,OPEN
5,19:52:53,ECCLES STREET,53.359246,-6.269779,15,20,OPEN
15,19:53:51,PORTOBELLO HARBOUR,53.330362,-6.265163,15,30,OPEN
21,20:00:39,MATER HOSPITAL,53.359967,-6.264828,19,40,OPEN
9,19:56:44,BLESSINGTON STREET,53.356769,-6.26814,11,20,OPEN
32,19:57:50,JAMES STREET,53.343456,-6.287409,8,40,OPEN
6,19:55:27,MOUNTJOY SQUARE EAST,53.356717,-6.256359,34,40,OPEN
11,19:52:30,MERRION SQUARE WEST,53.339764,-6.251988,9,20,OPEN
0,19:57:15,CONVENTION CENTRE,53.34744,-6.238523,40,40,OPEN
1,19:53:02,HARDWICKE STREET,53.355473,-6.264423,15,16,OPEN
19,19:53:32,PARKGATE STREET,53.347972,-6.291804,19,38,OPEN
9,19:59:28,SMITHFIELD,53.347692,-6.278214,20,30,OPEN
11,19:57:36,DAME STREET,53.344007,-6.266802,5,16,OPEN
24,19:50:58,HEUSTON BRIDGE (SOUTH),53.347106,-6.292041,1,25,OPEN
7,19:55:34,CATHAL BRUGHA STREET,53.352149,-6.260533,13,20,OPEN
13,19:59:37,SANDWITH STREET,53.345203,-6.247163,27,40,OPEN
12,19:58:58,BUCKINGHAM STREET LOWER,53.353331,-6.249319,17,29,OPEN
21,19:53:31,ROTHE ABBEY,53.338776,-6.30395,14,35,OPEN
20,19:55:20,CHARLEVILLE ROAD,53.359157,-6.281866,20,40,OPEN
12,19:58:16,PRINCES STREET / O'CONNELL STREET,53.349013,-6.260311,11,23,OPEN
6,19:50:57,UPPER SHERRARD STREET,53.358437,-6.260641,24,30,OPEN
2,19:54:14,FITZWILLIAM SQUARE EAST,53.335211,-6.2509,38,40,OPEN
10,19:54:53,GRATTAN STREET,53.339629,-6.243778,13,23,OPEN
28,20:00:46,ST JAMES HOSPITAL (LUAS),53.341359,-6.292951,12,40,OPEN
14,19:56:36,HARCOURT TERRACE,53.332763,-6.257942,6,20,OPEN
8,19:51:27,BOLTON STREET,53.351182,-6.269859,12,20,OPEN
13,19:56:38,JERVIS STREET,53.3483,-6.266651,8,21,OPEN
21,19:54:54,ORMOND QUAY UPPER,53.346057,-6.268001,8,29,OPEN
7,20:00:13,GRANGEGORMAN LOWER (SOUTH),53.354663,-6.278681,33,40,OPEN
10,19:53:32,MOUNTJOY SQUARE WEST,53.356299,-6.258586,20,30,OPEN
9,19:56:25,WILTON TERRACE,53.332383,-6.252717,11,20,OPEN
27,19:56:40,EMMET ROAD,53.340714,-6.308191,13,40,OPEN
26,19:54:06,HEUSTON BRIDGE (NORTH),53.347802,-6.292432,14,40,OPEN
16,19:58:14,LEINSTER STREET SOUTH,53.34218,-6.254485,14,30,OPEN
10,19:54:13,BLACKHALL PLACE,53.3488,-6.281637,20,30,OPEN
