available_bikes,last_update,name,position.lat,position.lng,available_bike_stands,bike_stands,status
12,10:44:10,SMITHFIELD NORTH,53.349562,-6.278198,18,30,OPEN
4,10:37:34,PARNELL SQUARE NORTH,53.3537415547453,-6.26530144781526,16,20,OPEN
17,10:39:27,CLONMEL STREET,53.336021,-6.26298,16,33,OPEN
3,10:45:52,AVONDALE ROAD,53.359405,-6.276142,32,35,OPEN
11,10:43:32,JAMES STREET EAST,53.336597,-6.248109,19,30,OPEN
33,10:45:19,MOUNT STREET LOWER,53.33796,-6.24153,5,40,OPEN
1,10:46:14,CHRISTCHURCH PLACE,53.343368,-6.27012,19,20,OPEN
3,10:45:11,GRANTHAM STREET,53.334123,-6.265436,27,30,OPEN
23,10:47:27,PEARSE STREET,53.344304,-6.250427,7,30,OPEN
11,10:40:09,YORK STREET EAST,53.338755,-6.262003,21,32,OPEN
14,10:40:53,EXCISE WALK,53.347777,-6.244239,26,40,OPEN
11,10:38:41,FITZWILLIAM SQUARE WEST,53.336074,-6.252825,19,30,OPEN
0,10:38:30,PORTOBELLO ROAD,53.330091,-6.268044,30,30,OPEN
7,10:41:06,PARNELL STREET,53.350929,-6.265125,13,20,OPEN
11,10:46:57,FREDERICK STREET SOUTH,53.341515,-6.256853,29,40,OPEN
11,10:40:30,FOWNES STREET UPPER,53.344603,-6.263371,19,30,OPEN
20,10:41:54,CLARENDON ROW,53.340927,-6.262501,11,31,OPEN
15,10:47:12,CUSTOM HOUSE,53.348279,-6.254662,13,30,OPEN
10,10:40:32,RATHDOWN ROAD,53.35893,-6.280337,29,40,OPEN
16,10:46:48,NORTH CIRCULAR ROAD (O'CONNELL'S),53.357841,-6.251557,13,30,OPEN
3,10:43:42,HANOVER QUAY,53.344115,-6.237153,37,40,OPEN
18,10:47:27,OLIVER BOND STREET,53.343893,-6.280531,12,30,OPEN
13,10:39:53,COLLINS BARRACKS MUSEUM,53.347477,-6.28525,25,38,OPEN
21,10:41:35,BROOKFIELD ROAD,53.339005,-6.300217,9,30,OPEN
37,10:39:56,BENSON STREET,53.344153,-6.233451,2,40,OPEN
3,10:43:59,EARLSFORT TERRACE,53.334295,-6.258503,27,30,OPEN
3,10:43:03,GOLDEN LANE,53.340803,-6.267732,16,20,OPEN
1,10:44:35,DEVERELL PLACE,53.351464,-6.255265,29,30,OPEN
40,10:44:29,WILTON TERRACE (PARK),53.333653,-6.248345,0,40,OPEN
12,10:46:18,JOHN STREET WEST,53.343105,-6.277167,19,31,OPEN
26,10:43:18,FENIAN STREET,53.341428,-6.24672,9,35,OPEN
12,10:41:36,MERRION SQUARE SOUTH,53.338614,-6.248606,28,40,OPEN
10,10:47:16,SOUTH DOCK ROAD,53.341833,-6.231291,17,30,OPEN
6,10:46:16,CITY QUAY,53.346637,-6.246154,24,30,OPEN
5,10:46:16,EXCHEQUER STREET,53.343034,-6.263578,19,24,OPEN
19,10:45:21,THE POINT,53.346867,-6.230852,21,40,OPEN
1,10:37:47,BROADSTONE,53.3547,-6.272314,29,30,OPEN
5,10:37:36,HATCH STREET,53.33403,-6.260714,31,36,OPEN
19,10:44:13,LIME STREET,53.346026,-6.243576,20,40,OPEN
7,10:47:01,CHARLEMONT PLACE,53.330662,-6.260177,33,40,OPEN
9,10:40:13,KILMAINHAM GAOL,53.342113,-6.310015,31,40,OPEN
12,10:44:23,HARDWICKE PLACE,53.357043,-6.263232,12,25,OPEN
0,10:44:24,WOLFE TONE STREET,53.348875,-6.267459,29,29,OPEN
4,10:46:21,GREEK STREET,53.346874,-6.272976,16,20,OPEN
6,10:39:42,GUILD STREET,53.347932,-6.240928,32,40,OPEN
30,10:45:15,HERBERT PLACE,53.334432,-6.245575,0,30,OPEN
0,10:38:09,HIGH STREET,53.343565,-6.275071,29,29,OPEN
6,10:44:10,NORTH CIRCULAR ROAD,53.359624,-6.260348,23,30,OPEN
11,10:39:09,WESTERN WAY,53.354929,-6.269425,29,40,OPEN
18,10:41:03,TALBOT STREET,53.350974,-6.25294,21,40,OPEN
6,10:39:28,NEWMAN HOUSE,53.337132,-6.26059,34,40,OPEN
28,10:46:56,SIR PATRICK DUN'S,53.339218,-6.240642,10,40,OPEN
18,10:41:59,NEW CENTRAL BANK,53.347122,-6.234749,22,40,OPEN
20,10:44:46,GRANGEGORMAN LOWER (CENTRAL),53.355173,-6.278424,19,40,OPEN
3,10:47:13,KING STREET NORTH,53.350291,-6.273507,27,30,OPEN
16,10:42:38,KILLARNEY STREET,53.354845,-6.247579,12,30,OPEN
9,10:46:30,HERBERT STREET,53.335742,-6.24551,30,40,OPEN
4,10:43:40,HANOVER QUAY EAST,53.343653,-6.231755,35,40,OPEN
10,10:46:35,CUSTOM HOUSE QUAY,53.347884,-6.248048,20,30,OPEN
11,10:43:26,MOLESWORTH STREET,53.341288,-6.258117,9,20,OPEN
13,10:38:08,GEORGES QUAY,53.347508,-6.252192,7,20,OPEN
9,10:37:32,KILMAINHAM LANE,53.341805,-6.305085,21,30,OPEN
5,10:43:29,MOUNT BROWN,53.341645,-6.29719,17,22,OPEN
8,10:42:22,MARKET STREET SOUTH,53.342296,-6.287661,30,38,OPEN
1,10:44:53,KEVIN STREET,53.337757,-6.267699,39,40,OPEN
6,10:39:56,ECCLES STREET EAST,53.358115,-6.265601,21,27,OPEN
33,10:43:46,GRAND CANAL DOCK,53.342638,-6.238695,6,40,OPEN
5,10:39:38,MERRION SQUARE EAST,53.339434,-6.246548,25,30,OPEN
2,10:42:44,YORK STREET WEST,53.339334,-6.264699,38,40,OPEN
1,10:41:33,ST. STEPHEN'S GREEN SOUTH,53.337494,-6.26199,29,30,OPEN
17,10:45:32,DENMARK STREET GREAT,53.35561,-6.261397,2,20,OPEN
12,10:43:33,ROYAL HOSPITAL,53.343897,-6.29706,28,40,OPEN
14,10:37:49,HEUSTON STATION (CAR PARK),53.346985,-6.297804,26,40,OPEN
0,10:47:26,GRANGEGORMAN LOWER (NORTH),53.355954,-6.278378,36,36,OPEN
12,10:44:28,ST. STEPHEN'S GREEN EAST,53.337824,-6.256035,28,40,OPEN
21,10:46:28,HEUSTON STATION (CENTRAL),53.346603,-6.296924,19,40,OPEN
11,10:45:29,TOWNSEND STREET,53.345922,-6.254614,8,20,OPEN
31,10:44:58,GEORGES LANE,53.35023,-6.279696,9,40,OPEN
4,10:40:55,PHIBSBOROUGH ROAD,53.356307,-6.273717,35,40,OPEN
9,10:41:45,ECCLES STREET,53.359246,-6.269779,11,20,OPEN
0,10:37:37,PORTOBELLO HARBOUR,53.330362,-6.265163,30,30,OPEN
14,10:42:53,MATER HOSPITAL,53.359967,-6.264828,26,40,OPEN
0,10:46:21,BLESSINGTON STREET,53.356769,-6.26814,20,20,OPEN
27,10:43:46,JAMES STREET,53.343456,-6.287409,13,40,OPEN
2,10:41:11,MOUNTJOY SQUARE EAST,53.356717,-6.256359,38,40,OPEN
7,10:43:00,MERRION SQUARE WEST,53.339764,-6.251988,13,20,OPEN
0,10:47:09,CONVENTION CENTRE,53.34744,-6.238523,40,40,OPEN
5,10:37:59,HARDWICKE STREET,53.355473,-6.264423,8,16,OPEN
33,10:47:21,PARKGATE STREET,53.347972,-6.291804,5,38,OPEN
20,10:43:31,SMITHFIELD,53.347692,-6.278214,8,30,OPEN
4,10:40:41,DAME STREET,53.344007,-6.266802,12,16,OPEN
0,10:44:33,HEUSTON BRIDGE (SOUTH),53.347106,-6.292041,25,25,OPEN
7,10:38:05,CATHAL BRUGHA STREET,53.352149,-6.260533,12,20,OPEN
22,10:46:39,SANDWITH STREET,53.345203,-6.247163,16,40,OPEN
15,10:42:49,BUCKINGHAM STREET LOWER,53.353331,-6.249319,12,29,OPEN
16,10:44:50,ROTHE ABBEY,53.338776,-6.30395,16,35,OPEN
5,10:47:07,CHARLEVILLE ROAD,53.359157,-6.281866,35,40,OPEN
12,10:45:18,PRINCES STREET / O'CONNELL STREET,53.349013,-6.260311,11,23,OPEN
0,10:46:26,UPPER SHERRARD STREET,53.358437,-6.260641,30,30,OPEN
4,10:37:41,FITZWILLIAM SQUARE EAST,53.335211,-6.2509,36,40,OPEN
15,10:43:34,GRATTAN STREET,53.339629,-6.243778,8,23,OPEN
18,10:45:35,ST JAMES HOSPITAL (LUAS),53.341359,-6.292951,22,40,OPEN
2,10:44:01,HARCOURT TERRACE,53.332763,-6.257942,18,20,OPEN
5,10:43:16,BOLTON STREET,53.351182,-6.269859,15,20,OPEN
4,10:38:59,JERVIS STREET,53.3483,-6.266651,17,21,OPEN
4,10:40:16,ORMOND QUAY UPPER,53.346057,-6.268001,25,29,OPEN
3,10:38:32,GRANGEGORMAN LOWER (SOUTH),53.354663,-6.278681,37,40,OPEN
15,10:47:04,MOUNTJOY SQUARE WEST,53.356299,-6.258586,15,30,OPEN
4,10:44:53,WILTON TERRACE,53.332383,-6.252717,15,20,OPEN
26,10:44:54,EMMET ROAD,53.340714,-6.308191,14,40,OPEN
39,10:41:43,HEUSTON BRIDGE (NORTH),53.347802,-6.292432,1,40,OPEN
24,10:46:14,LEINSTER STREET SOUTH,53.34218,-6.254485,6,30,OPEN
9,10:45:59,BLACKHALL PLACE,53.3488,-6.281637,21,30,OPEN
