available_bikes,last_update,name,position.lat,position.lng,available_bike_stands,bike_stands,status
15,00:28:53,SMITHFIELD NORTH,53.349562,-6.278198,15,30,OPEN
1,00:20:02,PARNELL SQUARE NORTH,53.3537415547453,-6.26530144781526,19,20,OPEN
17,00:26:33,CLONMEL STREET,53.336021,-6.26298,16,33,OPEN
4,00:27:16,AVONDALE ROAD,53.359405,-6.276142,31,35,OPEN
10,00:28:53,JAMES STREET EAST,53.336597,-6.248109,20,30,OPEN
14,00:23:30,MOUNT STREET LOWER,53.33796,-6.24153,26,40,OPEN
17,00:26:04,CHRISTCHURCH PLACE,53.343368,-6.27012,3,20,OPEN
10,00:23:45,GRANTHAM STREET,53.334123,-6.265436,19,30,OPEN
13,00:27:29,PEARSE STREET,53.344304,-6.250427,17,30,OPEN
31,00:28:45,YORK STREET EAST,53.338755,-6.262003,1,32,OPEN
4,00:24:37,EXCISE WALK,53.347777,-6.244239,36,40,OPEN
16,00:25:22,FITZWILLIAM SQUARE WEST,53.336074,-6.252825,14,30,OPEN
10,00:29:14,PORTOBELLO ROAD,53.330091,-6.268044,20,30,OPEN
19,00:27:18,PARNELL STREET,53.350929,-6.265125,1,20,OPEN
33,00:26:05,FREDERICK STREET SOUTH,53.341515,-6.256853,7,40,OPEN
24,00:28:44,FOWNES STREET UPPER,53.344603,-6.263371,6,30,OPEN
29,00:28:50,CLARENDON ROW,53.340927,-6.262501,2,31,OPEN
16,00:29:58,CUSTOM HOUSE,53.348279,-6.254662,14,30,OPEN
25,00:29:53,RATHDOWN ROAD,53.35893,-6.280337,15,40,OPEN
5,00:23:02,NORTH CIRCULAR ROAD (O'CONNELL'S),53.357841,-6.251557,25,30,OPEN
9,00:21:44,HANOVER QUAY,53.344115,-6.237153,31,40,OPEN
14,00:24:20,OLIVER BOND STREET,53.343893,-6.280531,16,30,OPEN
3,00:23:23,COLLINS BARRACKS MUSEUM,53.347477,-6.28525,35,38,OPEN
21,00:22:37,BROOKFIELD ROAD,53.339005,-6.300217,9,30,OPEN
6,00:24:52,BENSON STREET,53.344153,-6.233451,33,40,OPEN
17,00:28:29,EARLSFORT TERRACE,53.334295,-6.258503,13,30,OPEN
10,00:29:34,GOLDEN LANE,53.340803,-6.267732,10,20,OPEN
14,00:29:32,DEVERELL PLACE,53.351464,-6.255265,16,30,OPEN
11,00:24:58,WILTON TERRACE (PARK),53.333653,-6.248345,29,40,OPEN
12,00:26:44,JOHN STREET WEST,53.343105,-6.277167,19,31,OPEN
17,00:22:36,FENIAN STREET,53.341428,-6.24672,18,35,OPEN
11,00:21:53,MERRION SQUARE SOUTH,53.338614,-6.248606,29,40,OPEN
9,00:22:26,SOUTH DOCK ROAD,53.341833,-6.231291,21,30,OPEN
1,00:27:23,CITY QUAY,53.346637,-6.246154,29,30,OPEN
19,00:29:41,EXCHEQUER STREET,53.343034,-6.263578,5,24,OPEN
20,00:26:56,THE POINT,53.346867,-6.230852,20,40,OPEN
1,00:25:05,BROADSTONE,53.3547,-6.272314,29,30,OPEN
2,00:22:10,HATCH STREET,53.33403,-6.260714,34,36,OPEN
2,00:23:21,LIME STREET,53.346026,-6.243576,38,40,OPEN
0,00:28:33,CHARLEMONT PLACE,53.330662,-6.260177,40,40,OPEN
26,00:25:13,KILMAINHAM GAOL,53.342113,-6.310015,14,40,OPEN
1,00:28:02,HARDWICKE PLACE,53.357043,-6.263232,24,25,OPEN
20,00:21:54,WOLFE TONE STREET,53.348875,-6.267459,9,29,OPEN
7,00:21:55,GREEK STREET,53.346874,-6.272976,13,20,OPEN
10,00:21:01,GUILD STREET,53.347932,-6.240928,30,40,OPEN
5,00:24:35,HERBERT PLACE,53.334432,-6.245575,25,30,OPEN
16,00:26:22,HIGH STREET,53.343565,-6.275071,13,29,OPEN
16,00:28:16,NORTH CIRCULAR ROAD,53.359624,-6.260348,14,30,OPEN
6,00:27:10,WESTERN WAY,53.354929,-6.269425,34,40,OPEN
18,00:28:05,TALBOT STREET,53.350974,-6.25294,22,40,OPEN
9,00:27:44,NEWMAN HOUSE,53.337132,-6.26059,31,40,OPEN
26,00:25:45,SIR PATRICK DUN'S,53.339218,-6.240642,14,40,OPEN
15,00:24:37,NEW CENTRAL BANK,53.347122,-6.234749,25,40,OPEN
2,00:23:54,GRANGEGORMAN LOWER (CENTRAL),53.355173,-6.278424,38,40,OPEN
6,00:22:44,KING STREET NORTH,53.350291,-6.273507,24,30,OPEN
23,00:22:58,KILLARNEY STREET,53.354845,-6.247579,7,30,OPEN
1,00:28:21,HERBERT STREET,53.335742,-6.24551,39,40,OPEN
3,00:29:34,HANOVER QUAY EAST,53.343653,-6.231755,37,40,OPEN
3,00:27:39,CUSTOM HOUSE QUAY,53.347884,-6.248048,27,30,OPEN
15,00:27:10,MOLESWORTH STREET,53.341288,-6.258117,5,20,OPEN
20,00:23:05,GEORGES QUAY,53.347508,-6.252192,0,20,OPEN
4,00:26:41,KILMAINHAM LANE,53.341805,-6.305085,26,30,OPEN
16,00:28:12,MOUNT BROWN,53.341645,-6.29719,6,22,OPEN
13,00:21:49,MARKET STREET SOUTH,53.342296,-6.287661,25,38,OPEN
17,00:29:18,KEVIN STREET,53.337757,-6.267699,23,40,OPEN
0,00:29:30,ECCLES STREET EAST,53.358115,-6.265601,27,27,OPEN
2,00:26:48,GRAND CANAL DOCK,53.342638,-6.238695,38,40,OPEN
5,00:25:42,MERRION SQUARE EAST,53.339434,-6.246548,25,30,OPEN
28,00:26:50,YORK STREET WEST,53.339334,-6.264699,12,40,OPEN
13,00:23:50,ST. STEPHEN'S GREEN SOUTH,53.337494,-6.26199,17,30,OPEN
9,00:22:30,DENMARK STREET GREAT,53.35561,-6.261397,11,20,OPEN
17,00:21:12,ROYAL HOSPITAL,53.343897,-6.29706,23,40,OPEN
18,00:27:46,HEUSTON STATION (CAR PARK),53.346985,-6.297804,22,40,OPEN
3,00:28:47,GRANGEGORMAN LOWER (NORTH),53.355954,-6.278378,33,36,OPEN
36,00:27:20,ST. STEPHEN'S GREEN EAST,53.337824,-6.256035,4,40,OPEN
28,00:25:26,HEUSTON STATION (CENTRAL),53.346603,-6.296924,12,40,OPEN
12,00:24:10,TOWNSEND STREET,53.345922,-6.254614,8,20,OPEN
4,00:27:32,GEORGES LANE,53.35023,-6.279696,36,40,OPEN
15,00:22:34,PHIBSBOROUGH ROAD,53.356307,-6.273717,25,40,OPEN
0,00:26:36,ECCLES STREET,53.359246,-6.269779,20,20,OPEN
5,00:27:02,PORTOBELLO HARBOUR,53.330362,-6.265163,25,30,OPEN
8,00:23:27,MATER HOSPITAL,53.359967,-6.264828,32,40,OPEN
7,00:29:46,BLESSINGTON STREET,53.356769,-6.26814,13,20,OPEN
8,00:22:25,JAMES STREET,53.343456,-6.287409,32,40,OPEN
2,00:25:57,MOUNTJOY SQUARE EAST,53.356717,-6.256359,38,40,OPEN
18,00:24:17,MERRION SQUARE WEST,53.339764,-6.251988,2,20,OPEN
1,00:21:46,CONVENTION CENTRE,53.34744,-6.238523,39,40,OPEN
8,00:23:01,HARDWICKE STREET,53.355473,-6.264423,8,16,OPEN
4,00:20:52,PARKGATE STREET,53.347972,-6.291804,34,38,OPEN
8,00:24:32,SMITHFIELD,53.347692,-6.278214,21,30,OPEN
9,00:26:14,DAME STREET,53.344007,-6.266802,6,16,OPEN
24,00:24:34,HEUSTON BRIDGE (SOUTH),53.347106,-6.292041,1,25,OPEN
10,00:22:45,CATHAL BRUGHA STREET,53.352149,-6.260533,10,20,OPEN
2,00:28:33,SANDWITH STREET,53.345203,-6.247163,38,40,OPEN
13,00:25:55,BUCKINGHAM STREET LOWER,53.353331,-6.249319,16,29,OPEN
27,00:23:38,ROTHE ABBEY,53.338776,-6.30395,8,35,OPEN
29,00:29:47,CHARLEVILLE ROAD,53.359157,-6.281866,11,40,OPEN
12,00:21:03,PRINCES STREET / O'CONNELL STREET,53.349013,-6.260311,11,23,OPEN
20,00:27:50,UPPER SHERRARD STREET,53.358437,-6.260641,10,30,OPEN
4,00:24:13,FITZWILLIAM SQUARE EAST,53.335211,-6.2509,36,40,OPEN
4,00:27:04,GRATTAN STREET,53.339629,-6.243778,19,23,OPEN
21,00:25:32,ST JAMES HOSPITAL (LUAS),53.341359,-6.292951,19,40,OPEN
1,00:24:22,HARCOURT TERRACE,53.332763,-6.257942,19,20,OPEN
11,00:25:34,BOLTON STREET,53.351182,-6.269859,9,20,OPEN
16,00:24:34,JERVIS STREET,53.3483,-6.266651,5,21,OPEN
26,00:27:13,ORMOND QUAY UPPER,53.346057,-6.268001,3,29,OPEN
0,00:22:00,GRANGEGORMAN LOWER (SOUTH),53.354663,-6.278681,40,40,OPEN
4,00:24:08,MOUNTJOY SQUARE WEST,53.356299,-6.258586,26,30,OPEN
0,00:20:25,WILTON TERRACE,53.332383,-6.252717,20,20,OPEN
27,00:24:56,EMMET ROAD,53.340714,-6.308191,13,40,OPEN
32,00:25:15,HEUSTON BRIDGE (NORTH),53.347802,-6.292432,8,40,OPEN
23,00:29:03,LEINSTER STREET SOUTH,53.34218,-6.254485,7,30,OPEN
7,00:27:36,BLACKHALL PLACE,53.3488,-6.281637,23,30,OPEN
