available_bikes,last_update,name,position.lat,position.lng,available_bike_stands,bike_stands,status
0,00:16:06,LIDL BEŽIGRAD,46.063797,14.506854,20,20,OPEN
1,00:15:57,ŠMARTINSKI PARK,46.065206,14.529911,19,20,OPEN
13,00:16:08,SAVSKO NASELJE 1-ŠMARTINSKA CESTA,46.062475,14.524321,7,20,OPEN
15,00:13:26,ČRNUČE,46.102446,14.530213,5,20,OPEN
14,00:19:40,VILHARJEVA CESTA,46.06005,14.51302,6,20,OPEN
12,00:14:28,MASARYKOVA DDC,46.05763,14.514264,6,18,OPEN
0,00:15:38,POGAČARJEV TRG-TRŽNICA,46.051093,14.507186,18,18,OPEN
3,00:20:40,CANKARJEVA UL.-NAMA,46.052431,14.503257,23,26,OPEN
20,00:18:47,ANTONOV TRG,46.041753,14.477016,0,20,OPEN
5,00:13:19,PRUŠNIKOVA,46.090608,14.471637,15,20,OPEN
4,00:13:26,TEHNOLOŠKI PARK,46.04843,14.461086,16,20,OPEN
5,00:15:24,KOSEŠKI BAJER,46.068443,14.470913,15,20,OPEN
10,00:11:21,TIVOLI,46.05952,14.4982,10,20,OPEN
17,00:15:28,TRŽNICA MOSTE,46.055801,14.534156,4,21,OPEN
1,00:19:36,GRUDNOVO NABREŽJE-KARLOVŠKA C.,46.045748,14.506196,17,18,OPEN
8,00:15:56,LIDL-LITIJSKA CESTA,46.047689,14.547416,12,20,OPEN
25,00:19:42,ŠPORTNI CENTER STOŽICE,46.08259,14.52016,1,26,OPEN
0,00:14:07,ŠPICA,46.040213,14.512044,18,18,OPEN
8,00:10:54,ROŠKA - STRELIŠKA,46.045,14.51846,12,20,OPEN
0,00:18:40,BAVARSKI DVOR,46.05682,14.50551,20,20,OPEN
13,00:16:57,STARA CERKEV,46.06342,14.494588,1,14,OPEN
18,00:16:25,SITULA,46.059433,14.52051,2,20,OPEN
9,00:20:50,ILIRSKA ULICA,46.053144,14.513479,9,18,OPEN
9,00:14:18,LIDL - RUDNIK,46.020012,14.532479,11,20,OPEN
3,00:14:27,KOPALIŠČE KOLEZIJA,46.042867,14.495239,17,20,OPEN
16,00:19:26,POVŠETOVA - KAJUHOVA,46.051512,14.539272,4,20,OPEN
0,00:11:16,DUNAJSKA C.-PS MERCATOR,46.074193,14.511134,18,18,OPEN
3,00:11:15,CITYPARK,46.068805,14.546257,17,20,OPEN
7,00:13:51,KOPRSKA ULICA,46.033408,14.482468,1,8,OPEN
0,00:17:23,LIDL - VOJKOVA CESTA,46.07589,14.52011,20,20,OPEN
13,00:20:46,POLJANSKA-POTOČNIKOVA,46.048982,14.522709,7,20,OPEN
10,00:19:45,POVŠETOVA-GRABLOVIČEVA,46.051863,14.530349,9,19,OPEN
20,00:16:23,PARK NAVJE-ŽELEZNA CESTA,46.06361,14.51315,0,20,OPEN
9,00:10:55,ZALOG,46.06043,14.613797,11,20,OPEN
0,00:15:07,CESTA NA ROŽNIK,46.053241,14.486206,20,20,OPEN
1,00:15:17,HOFER-KAJUHOVA,46.056405,14.540901,19,20,OPEN
18,00:17:25,DUNAJSKA C.-PS PETROL,46.065136,14.509112,2,20,OPEN
13,00:14:34,STUDENEC,46.054615,14.576031,7,20,OPEN
1,00:17:05,PARKIRIŠČE NUK 2-FF,46.046377,14.501256,19,20,OPEN
17,00:16:00,BRATOVŠEVA PLOŠČAD,46.08929,14.513751,3,20,OPEN
0,00:18:22,KONGRESNI TRG-ŠUBIČEVA ULICA,46.050388,14.504623,20,20,OPEN
5,00:12:30,BS4-STOŽICE,46.086761,14.514151,15,20,OPEN
20,00:20:51,GERBIČEVA - ŠPORTNI PARK SVOBODA,46.039384,14.485458,0,20,OPEN
0,00:14:41,ŽIVALSKI VRT,46.052454,14.472149,20,20,OPEN
20,00:13:18,VOKA - SLOVENČEVA,46.075207,14.504734,0,20,OPEN
0,00:20:24,BTC CITY/DVORANA A,46.065297,14.543996,20,20,OPEN
3,00:13:37,TRNOVO,46.03784,14.50001,17,20,OPEN
7,00:11:15,P+R BARJE,46.02749,14.49958,13,20,OPEN
14,00:20:37,ROŽNA DOLINA-ŠKRABČEVA UL.,46.051439,14.49273,4,18,OPEN
24,00:20:08,KINO ŠIŠKA,46.06928,14.48971,2,26,OPEN
13,00:16:23,ZALOŠKA C.-GRABLOVIČEVA C.,46.05441,14.52978,3,16,OPEN
14,00:12:48,BRODARJEV TRG,46.054398,14.553319,6,20,OPEN
12,00:20:38,DOLENJSKA C. - STRELIŠČE,46.038866,14.517605,8,20,OPEN
14,00:14:28,ŠTEPANJSKO NASELJE 1-JAKČEVA ULICA,46.053047,14.545125,5,19,OPEN
10,00:15:24,SOSESKA NOVO BRDO,46.045617,14.462281,10,20,OPEN
12,00:14:26,TRŽNICA KOSEZE,46.074315,14.475483,6,18,OPEN
3,00:15:00,ALEJA - CELOVŠKA CESTA,46.077302,14.482581,17,20,OPEN
13,00:15:23,MERCATOR CENTER ŠIŠKA,46.087079,14.475439,9,22,OPEN
5,00:15:48,GH ŠENTPETER-NJEGOŠEVA C.,46.05257,14.51928,19,24,OPEN
9,00:15:07,HOFER - POLJE,46.053718,14.589284,11,20,OPEN
8,00:15:11,VIŠKO POLJE,46.046189,14.469037,12,20,OPEN
14,00:14:29,BONIFACIJA,46.039641,14.472664,7,21,OPEN
10,00:19:07,P + R DOLGI MOST,46.037003,14.465229,10,20,OPEN
4,00:13:16,DRAVLJE,46.07984,14.479952,16,20,OPEN
8,00:12:50,POLJE,46.05722,14.583537,12,20,OPEN
15,00:20:49,SUPERNOVA LJUBLJANA - RUDNIK,46.021586,14.536745,5,20,OPEN
15,00:20:19,SREDNJA FRIZERSKA ŠOLA,46.080522,14.491439,5,20,OPEN
4,00:20:48,TRG OF-KOLODVORSKA UL.,46.057421,14.510265,22,26,OPEN
0,00:11:41,TRG MDB,46.047565,14.495687,20,20,OPEN
12,00:12:53,TRŽAŠKA C.-ILIRIJA,46.044629,14.486699,8,20,OPEN
0,00:16:16,PREŠERNOV TRG-PETKOVŠKOVO NABREŽJE,46.051367,14.506542,20,20,OPEN
8,00:17:07,MERCATOR MARKET - CELOVŠKA C. 163,46.073264,14.485942,12,20,OPEN
19,00:15:29,SAVSKO NASELJE 2-LINHARTOVA CESTA,46.064546,14.518013,1,20,OPEN
0,00:15:24,BREG,46.046498,14.505148,19,20,OPEN
6,00:15:17,BTC CITY ATLANTIS,46.063081,14.547851,14,20,OPEN
0,00:15:22,IKEA,46.065175,14.539537,20,20,OPEN
1,00:18:51,MIKLOŠIČEV PARK,46.054168,14.50706,17,18,OPEN
7,00:15:33,BARJANSKA C.-CENTER STAREJŠIH TRNOVO,46.04081,14.49951,13,20,OPEN
2,00:20:10,LEK - VEROVŠKOVA,46.076856,14.500222,18,20,OPEN
4,00:20:45,AMBROŽEV TRG,46.049877,14.516308,14,18,OPEN
13,00:20:50,VOJKOVA - GASILSKA BRIGADA,46.068727,14.516858,7,20,OPEN
5,00:13:20,RAKOVNIK,46.036284,14.522948,15,20,OPEN
4,00:14:31,PREGLOV TRG,46.054554,14.55908,16,20,OPEN
10,00:14:44,PLEČNIKOV STADION,46.06942,14.51052,7,18,OPEN
