available_bikes,last_update,name,position.lat,position.lng,available_bike_stands,bike_stands,status
28,05:08:59,SMITHFIELD NORTH,53.349562,-6.278198,2,30,OPEN
1,05:12:27,PARNELL SQUARE NORTH,53.3537415547453,-6.26530144781526,19,20,OPEN
6,05:12:26,CLONMEL STREET,53.336021,-6.26298,27,33,OPEN
12,05:13:03,AVONDALE ROAD,53.359405,-6.276142,23,35,OPEN
0,05:12:32,JAMES STREET EAST,53.336597,-6.248109,30,30,OPEN
21,05:09:06,MOUNT STREET LOWER,53.33796,-6.24153,19,40,OPEN
13,05:12:26,CHRISTCHURCH PLACE,53.343368,-6.27012,6,20,OPEN
7,05:12:33,GRANTHAM STREET,53.334123,-6.265436,23,30,OPEN
12,05:16:35,PEARSE STREET,53.344304,-6.250427,18,30,OPEN
19,05:12:48,YORK STREET EAST,53.338755,-6.262003,13,32,OPEN
15,05:11:26,EXCISE WALK,53.347777,-6.244239,25,40,OPEN
1,05:12:29,FITZWILLIAM SQUARE WEST,53.336074,-6.252825,29,30,OPEN
24,05:10:21,PORTOBELLO ROAD,53.330091,-6.268044,6,30,OPEN
2,05:12:32,PARNELL STREET,53.350929,-6.265125,18,20,OPEN
26,05:12:05,FREDERICK STREET SOUTH,53.341515,-6.256853,14,40,OPEN
16,05:16:11,FOWNES STREET UPPER,53.344603,-6.263371,14,30,OPEN
12,05:15:57,CLARENDON ROW,53.340927,-6.262501,19,31,OPEN
15,05:12:56,CUSTOM HOUSE,53.348279,-6.254662,15,30,OPEN
23,05:08:35,RATHDOWN ROAD,53.35893,-6.280337,17,40,OPEN
30,05:17:17,NORTH CIRCULAR ROAD (O'CONNELL'S),53.357841,-6.251557,0,30,OPEN
12,05:11:53,HANOVER QUAY,53.344115,-6.237153,28,40,OPEN
2,05:12:28,OLIVER BOND STREET,53.343893,-6.280531,28,30,OPEN
13,05:07:37,COLLINS BARRACKS MUSEUM,53.347477,-6.28525,25,38,OPEN
19,05:12:28,BROOKFIELD ROAD,53.339005,-6.300217,11,30,OPEN
1,05:12:35,BENSON STREET,53.344153,-6.233451,39,40,OPEN
5,05:11:23,EARLSFORT TERRACE,53.334295,-6.258503,25,30,OPEN
9,05:12:35,GOLDEN LANE,53.340803,-6.267732,11,20,OPEN
6,05:09:00,DEVERELL PLACE,53.351464,-6.255265,24,30,OPEN
1,05:12:28,WILTON TERRACE (PARK),53.333653,-6.248345,39,40,OPEN
13,05:12:30,JOHN STREET WEST,53.343105,-6.277167,18,31,OPEN
19,05:12:36,FENIAN STREET,53.341428,-6.24672,16,35,OPEN
22,05:07:29,MERRION SQUARE SOUTH,53.338614,-6.248606,18,40,OPEN
29,05:16:16,SOUTH DOCK ROAD,53.341833,-6.231291,1,30,OPEN
0,05:12:33,CITY QUAY,53.346637,-6.246154,30,30,OPEN
0,05:12:33,EXCHEQUER STREET,53.343034,-6.263578,24,24,OPEN
11,05:13:22,THE POINT,53.346867,-6.230852,29,40,OPEN
1,05:16:23,BROADSTONE,53.3547,-6.272314,29,30,OPEN
0,05:12:29,HATCH STREET,53.33403,-6.260714,36,36,OPEN
1,05:12:24,LIME STREET,53.346026,-6.243576,39,40,OPEN
31,05:12:10,CHARLEMONT PLACE,53.330662,-6.260177,9,40,OPEN
32,05:10:45,KILMAINHAM GAOL,53.342113,-6.310015,8,40,OPEN
4,05:12:28,HARDWICKE PLACE,53.357043,-6.263232,21,25,OPEN
10,05:16:21,WOLFE TONE STREET,53.348875,-6.267459,19,29,OPEN
2,05:12:30,GREEK STREET,53.346874,-6.272976,18,20,OPEN
25,05:08:08,GUILD STREET,53.347932,-6.240928,15,40,OPEN
1,05:12:31,HERBERT PLACE,53.334432,-6.245575,29,30,OPEN
6,05:12:32,HIGH STREET,53.343565,-6.275071,23,29,OPEN
30,05:09:42,NORTH CIRCULAR ROAD,53.359624,-6.260348,0,30,OPEN
10,05:16:32,WESTERN WAY,53.354929,-6.269425,30,40,OPEN
6,05:12:31,TALBOT STREET,53.350974,-6.25294,34,40,OPEN
3,05:12:04,NEWMAN HOUSE,53.337132,-6.26059,37,40,OPEN
2,05:07:23,SIR PATRICK DUN'S,53.339218,-6.240642,38,40,OPEN
8,05:11:52,NEW CENTRAL BANK,53.347122,-6.234749,32,40,OPEN
2,05:16:20,GRANGEGORMAN LOWER (CENTRAL),53.355173,-6.278424,38,40,OPEN
10,05:08:44,KING STREET NORTH,53.350291,-6.273507,20,30,OPEN
27,05:12:31,KILLARNEY STREET,53.354845,-6.247579,3,30,OPEN
17,05:07:41,HERBERT STREET,53.335742,-6.24551,22,40,OPEN
2,05:12:26,HANOVER QUAY EAST,53.343653,-6.231755,38,40,OPEN
3,05:12:36,CUSTOM HOUSE QUAY,53.347884,-6.248048,27,30,OPEN
7,05:12:36,MOLESWORTH STREET,53.341288,-6.258117,13,20,OPEN
10,05:13:06,GEORGES QUAY,53.347508,-6.252192,10,20,OPEN
6,05:12:31,KILMAINHAM LANE,53.341805,-6.305085,24,30,OPEN
7,05:13:35,MOUNT BROWN,53.341645,-6.29719,15,22,OPEN
19,05:12:33,MARKET STREET SOUTH,53.342296,-6.287661,19,38,OPEN
0,05:12:25,KEVIN STREET,53.337757,-6.267699,40,40,OPEN
15,05:13:50,ECCLES STREET EAST,53.358115,-6.265601,12,27,OPEN
15,05:10:34,GRAND CANAL DOCK,53.342638,-6.238695,25,40,OPEN
3,05:12:26,MERRION SQUARE EAST,53.339434,-6.246548,27,30,OPEN
28,05:12:20,YORK STREET WEST,53.339334,-6.264699,12,40,OPEN
0,05:12:27,ST. STEPHEN'S GREEN SOUTH,53.337494,-6.26199,30,30,OPEN
3,05:12:32,DENMARK STREET GREAT,53.35561,-6.261397,17,20,OPEN
17,05:08:16,ROYAL HOSPITAL,53.343897,-6.29706,23,40,OPEN
11,05:10:51,HEUSTON STATION (CAR PARK),53.346985,-6.297804,29,40,OPEN
6,05:12:31,GRANGEGORMAN LOWER (NORTH),53.355954,-6.278378,30,36,OPEN
16,05:12:25,ST. STEPHEN'S GREEN EAST,53.337824,-6.256035,23,40,OPEN
33,05:12:20,HEUSTON STATION (CENTRAL),53.346603,-6.296924,7,40,OPEN
1,05:12:30,TOWNSEND STREET,53.345922,-6.254614,18,20,OPEN
19,05:16:26,GEORGES LANE,53.35023,-6.279696,21,40,OPEN
17,05:12:33,PHIBSBOROUGH ROAD,53.356307,-6.273717,23,40,OPEN
11,05:12:29,ECCLES STREET,53.359246,-6.269779,9,20,OPEN
27,05:11:11,PORTOBELLO HARBOUR,53.330362,-6.265163,3,30,OPEN
24,05:12:30,MATER HOSPITAL,53.359967,-6.264828,16,40,OPEN
15,05:08:20,BLESSINGTON STREET,53.356769,-6.26814,5,20,OPEN
3,05:12:28,JAMES STREET,53.343456,-6.287409,37,40,OPEN
1,17:08:48,ORIEL STREET TEST TERMINAL,53.35463,-6.242615,0,1,OPEN
13,05:12:37,MOUNTJOY SQUARE EAST,53.356717,-6.256359,27,40,OPEN
14,05:12:31,MERRION SQUARE WEST,53.339764,-6.251988,6,20,OPEN
0,05:12:30,CONVENTION CENTRE,53.34744,-6.238523,40,40,OPEN
4,05:16:17,HARDWICKE STREET,53.355473,-6.264423,9,16,OPEN
38,05:17:25,PARKGATE STREET,53.347972,-6.291804,0,38,OPEN
27,05:12:08,SMITHFIELD,53.347692,-6.278214,2,30,OPEN
8,05:10:02,DAME STREET,53.344007,-6.266802,8,16,OPEN
25,05:11:28,HEUSTON BRIDGE (SOUTH),53.347106,-6.292041,0,25,OPEN
19,05:10:33,CATHAL BRUGHA STREET,53.352149,-6.260533,1,20,OPEN
4,05:12:27,SANDWITH STREET,53.345203,-6.247163,36,40,OPEN
16,05:11:33,BUCKINGHAM STREET LOWER,53.353331,-6.249319,13,29,OPEN
33,05:13:47,ROTHE ABBEY,53.338776,-6.30395,2,35,OPEN
12,05:12:26,CHARLEVILLE ROAD,53.359157,-6.281866,28,40,OPEN
19,05:11:36,PRINCES STREET / O'CONNELL STREET,53.349013,-6.260311,4,23,OPEN
20,05:12:28,UPPER SHERRARD STREET,53.358437,-6.260641,10,30,OPEN
6,05:14:58,FITZWILLIAM SQUARE EAST,53.335211,-6.2509,33,40,OPEN
10,05:12:33,GRATTAN STREET,53.339629,-6.243778,13,23,OPEN
4,05:12:29,ST JAMES HOSPITAL (LUAS),53.341359,-6.292951,36,40,OPEN
5,05:12:35,HARCOURT TERRACE,53.332763,-6.257942,15,20,OPEN
2,05:12:28,BOLTON STREET,53.351182,-6.269859,18,20,OPEN
0,05:12:33,JERVIS STREET,53.3483,-6.266651,21,21,OPEN
16,05:15:43,ORMOND QUAY UPPER,53.346057,-6.268001,13,29,OPEN
0,05:12:27,GRANGEGORMAN LOWER (SOUTH),53.354663,-6.278681,40,40,OPEN
9,05:12:30,MOUNTJOY SQUARE WEST,53.356299,-6.258586,21,30,OPEN
3,05:12:31,WILTON TERRACE,53.332383,-6.252717,17,20,OPEN
30,05:13:05,EMMET ROAD,53.340714,-6.308191,10,40,OPEN
40,05:08:17,HEUSTON BRIDGE (NORTH),53.347802,-6.292432,0,40,OPEN
6,05:12:25,LEINSTER STREET SOUTH,53.34218,-6.254485,24,30,OPEN
9,05:16:36,BLACKHALL PLACE,53.3488,-6.281637,21,30,OPEN
