available_bikes,last_update,name,position.lat,position.lng,available_bike_stands,bike_stands,status
23,00:24:32,SMITHFIELD NORTH,53.349562,-6.278198,7,30,OPEN
0,00:26:08,PARNELL SQUARE NORTH,53.3537415547453,-6.26530144781526,20,20,OPEN
7,00:24:14,CLONMEL STREET,53.336021,-6.26298,26,33,OPEN
15,00:31:15,AVONDALE ROAD,53.359405,-6.276142,20,35,OPEN
3,00:30:33,JAMES STREET EAST,53.336597,-6.248109,27,30,OPEN
6,00:30:02,MOUNT STREET LOWER,53.33796,-6.24153,34,40,OPEN
8,00:33:05,CHRISTCHURCH PLACE,53.343368,-6.27012,12,20,OPEN
12,00:23:52,GRANTHAM STREET,53.334123,-6.265436,18,30,OPEN
0,00:24:00,PEARSE STREET,53.344304,-6.250427,30,30,OPEN
1,00:25:33,YORK STREET EAST,53.338755,-6.262003,31,32,OPEN
12,00:27:19,EXCISE WALK,53.347777,-6.244239,28,40,OPEN
4,00:32:48,FITZWILLIAM SQUARE WEST,53.336074,-6.252825,26,30,OPEN
28,00:27:31,PORTOBELLO ROAD,53.330091,-6.268044,2,30,OPEN
2,00:25:23,PARNELL STREET,53.350929,-6.265125,18,20,OPEN
0,00:24:28,FREDERICK STREET SOUTH,53.341515,-6.256853,40,40,OPEN
13,00:26:17,FOWNES STREET UPPER,53.344603,-6.263371,17,30,OPEN
0,00:24:59,CLARENDON ROW,53.340927,-6.262501,31,31,OPEN
20,00:30:20,CUSTOM HOUSE,53.348279,-6.254662,10,30,OPEN
25,00:29:13,RATHDOWN ROAD,53.35893,-6.280337,15,40,OPEN
9,00:26:43,NORTH CIRCULAR ROAD (O'CONNELL'S),53.357841,-6.251557,21,30,OPEN
9,00:26:11,HANOVER QUAY,53.344115,-6.237153,31,40,OPEN
16,00:28:49,OLIVER BOND STREET,53.343893,-6.280531,14,30,OPEN
17,00:33:34,COLLINS BARRACKS MUSEUM,53.347477,-6.28525,21,38,OPEN
14,00:32:14,BROOKFIELD ROAD,53.339005,-6.300217,16,30,OPEN
2,00:27:22,BENSON STREET,53.344153,-6.233451,38,40,OPEN
1,00:28:25,EARLSFORT TERRACE,53.334295,-6.258503,29,30,OPEN
6,00:29:25,GOLDEN LANE,53.340803,-6.267732,14,20,OPEN
17,00:29:46,DEVERELL PLACE,53.351464,-6.255265,13,30,OPEN
0,00:24:30,WILTON TERRACE (PARK),53.333653,-6.248345,40,40,OPEN
16,00:28:20,JOHN STREET WEST,53.343105,-6.277167,15,31,OPEN
9,00:31:54,FENIAN STREET,53.341428,-6.24672,26,35,OPEN
12,00:24:22,MERRION SQUARE SOUTH,53.338614,-6.248606,28,40,OPEN
24,00:27:21,SOUTH DOCK ROAD,53.341833,-6.231291,6,30,OPEN
2,00:26:21,CITY QUAY,53.346637,-6.246154,28,30,OPEN
0,00:29:36,EXCHEQUER STREET,53.343034,-6.263578,24,24,OPEN
29,00:33:15,THE POINT,53.346867,-6.230852,11,40,OPEN
3,00:32:38,BROADSTONE,53.3547,-6.272314,27,30,OPEN
1,00:23:51,HATCH STREET,53.33403,-6.260714,33,36,OPEN
6,00:25:24,LIME STREET,53.346026,-6.243576,34,40,OPEN
39,00:25:06,CHARLEMONT PLACE,53.330662,-6.260177,1,40,OPEN
26,00:32:20,KILMAINHAM GAOL,53.342113,-6.310015,14,40,OPEN
2,00:30:26,HARDWICKE PLACE,53.357043,-6.263232,23,25,OPEN
9,00:24:54,WOLFE TONE STREET,53.348875,-6.267459,20,29,OPEN
13,00:33:00,FRANCIS STREET,53.342081,-6.275233,17,30,OPEN
7,00:28:30,GREEK STREET,53.346874,-6.272976,13,20,OPEN
36,00:24:32,GUILD STREET,53.347932,-6.240928,4,40,OPEN
5,00:33:44,HERBERT PLACE,53.334432,-6.245575,25,30,OPEN
3,00:24:45,HIGH STREET,53.343565,-6.275071,26,29,OPEN
27,00:31:57,NORTH CIRCULAR ROAD,53.359624,-6.260348,3,30,OPEN
16,00:25:41,WESTERN WAY,53.354929,-6.269425,23,40,OPEN
21,00:27:29,TALBOT STREET,53.350974,-6.25294,19,40,OPEN
6,00:30:12,NEWMAN HOUSE,53.337132,-6.26059,34,40,OPEN
23,00:26:02,SIR PATRICK DUN'S,53.339218,-6.240642,17,40,OPEN
9,00:29:28,NEW CENTRAL BANK,53.347122,-6.234749,31,40,OPEN
17,00:30:54,GRANGEGORMAN LOWER (CENTRAL),53.355173,-6.278424,23,40,OPEN
23,00:33:12,KING STREET NORTH,53.350291,-6.273507,7,30,OPEN
22,00:24:43,KILLARNEY STREET,53.354845,-6.247579,8,30,OPEN
27,00:31:26,HERBERT STREET,53.335742,-6.24551,13,40,OPEN
3,00:26:36,HANOVER QUAY EAST,53.343653,-6.231755,37,40,OPEN
2,00:33:05,CUSTOM HOUSE QUAY,53.347884,-6.248048,28,30,OPEN
1,00:29:47,MOLESWORTH STREET,53.341288,-6.258117,19,20,OPEN
5,00:23:43,GEORGES QUAY,53.347508,-6.252192,15,20,OPEN
14,00:24:01,KILMAINHAM LANE,53.341805,-6.305085,16,30,OPEN
6,00:30:25,MOUNT BROWN,53.341645,-6.29719,2,22,OPEN
14,00:25:57,MARKET STREET SOUTH,53.342296,-6.287661,24,38,OPEN
12,00:26:46,KEVIN STREET,53.337757,-6.267699,28,40,OPEN
7,00:30:55,ECCLES STREET EAST,53.358115,-6.265601,20,27,OPEN
7,00:26:17,GRAND CANAL DOCK,53.342638,-6.238695,33,40,OPEN
8,00:23:49,MERRION SQUARE EAST,53.339434,-6.246548,22,30,OPEN
4,00:27:51,YORK STREET WEST,53.339334,-6.264699,36,40,OPEN
6,00:32:15,ST. STEPHEN'S GREEN SOUTH,53.337494,-6.26199,24,30,OPEN
1,00:28:37,DENMARK STREET GREAT,53.35561,-6.261397,19,20,OPEN
7,00:31:10,ROYAL HOSPITAL,53.343897,-6.29706,33,40,OPEN
15,00:26:24,HEUSTON STATION (CAR PARK),53.346985,-6.297804,25,40,OPEN
23,00:32:39,GRANGEGORMAN LOWER (NORTH),53.355954,-6.278378,13,36,OPEN
2,00:32:14,ST. STEPHEN'S GREEN EAST,53.337824,-6.256035,38,40,OPEN
22,00:29:24,HEUSTON STATION (CENTRAL),53.346603,-6.296924,18,40,OPEN
2,00:26:32,TOWNSEND STREET,53.345922,-6.254614,17,20,OPEN
23,00:29:53,GEORGES LANE,53.35023,-6.279696,17,40,OPEN
24,00:31:17,PHIBSBOROUGH ROAD,53.356307,-6.273717,16,40,OPEN
4,00:23:47,ECCLES STREET,53.359246,-6.269779,16,20,OPEN
25,00:27:00,PORTOBELLO HARBOUR,53.330362,-6.265163,5,30,OPEN
8,00:24:30,MATER HOSPITAL,53.359967,-6.264828,32,40,OPEN
8,00:29:16,BLESSINGTON STREET,53.356769,-6.26814,12,20,OPEN
22,00:31:58,JAMES STREET,53.343456,-6.287409,17,40,OPEN
8,00:28:30,MOUNTJOY SQUARE EAST,53.356717,-6.256359,32,40,OPEN
6,00:31:11,MERRION SQUARE WEST,53.339764,-6.251988,14,20,OPEN
1,00:29:51,CONVENTION CENTRE,53.34744,-6.238523,39,40,OPEN
5,00:33:28,HARDWICKE STREET,53.355473,-6.264423,8,16,OPEN
26,00:32:06,PARKGATE STREET,53.347972,-6.291804,12,38,OPEN
23,00:33:45,SMITHFIELD,53.347692,-6.278214,6,30,OPEN
9,00:24:18,DAME STREET,53.344007,-6.266802,7,16,OPEN
23,00:30:13,HEUSTON BRIDGE (SOUTH),53.347106,-6.292041,2,25,OPEN
10,00:29:42,CATHAL BRUGHA STREET,53.352149,-6.260533,10,20,OPEN
10,00:31:18,SANDWITH STREET,53.345203,-6.247163,30,40,OPEN
9,00:28:53,BUCKINGHAM STREET LOWER,53.353331,-6.249319,20,29,OPEN
24,00:27:23,ROTHE ABBEY,53.338776,-6.30395,11,35,OPEN
13,00:32:11,CHARLEVILLE ROAD,53.359157,-6.281866,27,40,OPEN
10,00:31:02,PRINCES STREET / O'CONNELL STREET,53.349013,-6.260311,13,23,OPEN
22,00:32:39,UPPER SHERRARD STREET,53.358437,-6.260641,8,30,OPEN
1,00:32:29,FITZWILLIAM SQUARE EAST,53.335211,-6.2509,39,40,OPEN
8,00:27:54,GRATTAN STREET,53.339629,-6.243778,15,23,OPEN
15,00:26:34,ST JAMES HOSPITAL (LUAS),53.341359,-6.292951,25,40,OPEN
19,00:26:27,HARCOURT TERRACE,53.332763,-6.257942,1,20,OPEN
12,00:26:13,BOLTON STREET,53.351182,-6.269859,8,20,OPEN
4,00:32:37,JERVIS STREET,53.3483,-6.266651,17,21,OPEN
21,00:33:16,ORMOND QUAY UPPER,53.346057,-6.268001,8,29,OPEN
10,00:26:21,GRANGEGORMAN LOWER (SOUTH),53.354663,-6.278681,30,40,OPEN
20,00:27:35,MOUNTJOY SQUARE WEST,53.356299,-6.258586,10,30,OPEN
20,00:26:27,WILTON TERRACE,53.332383,-6.252717,0,20,OPEN
37,00:31:48,EMMET ROAD,53.340714,-6.308191,3,40,OPEN
40,00:29:43,HEUSTON BRIDGE (NORTH),53.347802,-6.292432,0,40,OPEN
0,00:30:32,LEINSTER STREET SOUTH,53.34218,-6.254485,30,30,OPEN
22,00:28:01,BLACKHALL PLACE,53.3488,-6.281637,8,30,OPEN
