available_bikes,last_update,name,position.lat,position.lng,available_bike_stands,bike_stands,status
30,00:41:34,SMITHFIELD NORTH,53.349562,-6.278198,0,30,OPEN
5,00:43:02,PARNELL SQUARE NORTH,53.3537415547453,-6.26530144781526,15,20,OPEN
6,00:46:31,CLONMEL STREET,53.336021,-6.26298,27,33,OPEN
12,00:42:38,AVONDALE ROAD,53.359405,-6.276142,23,35,OPEN
2,00:47:04,JAMES STREET EAST,53.336597,-6.248109,28,30,OPEN
5,00:40:05,MOUNT STREET LOWER,53.33796,-6.24153,35,40,OPEN
17,00:46:13,CHRISTCHURCH PLACE,53.343368,-6.27012,3,20,OPEN
26,00:41:37,GRANTHAM STREET,53.334123,-6.265436,4,30,OPEN
1,00:41:17,PEARSE STREET,53.344304,-6.250427,29,30,OPEN
23,00:47:28,YORK STREET EAST,53.338755,-6.262003,9,32,OPEN
1,00:42:14,EXCISE WALK,53.347777,-6.244239,39,40,OPEN
2,00:38:43,FITZWILLIAM SQUARE WEST,53.336074,-6.252825,27,30,OPEN
10,00:41:42,PORTOBELLO ROAD,53.330091,-6.268044,20,30,OPEN
14,00:41:38,PARNELL STREET,53.350929,-6.265125,6,20,OPEN
36,00:43:17,FREDERICK STREET SOUTH,53.341515,-6.256853,4,40,OPEN
24,00:46:40,FOWNES STREET UPPER,53.344603,-6.263371,6,30,OPEN
5,00:45:04,CLARENDON ROW,53.340927,-6.262501,25,31,OPEN
23,00:39:14,CUSTOM HOUSE,53.348279,-6.254662,6,30,OPEN
3,00:39:49,RATHDOWN ROAD,53.35893,-6.280337,37,40,OPEN
16,00:48:14,NORTH CIRCULAR ROAD (O'CONNELL'S),53.357841,-6.251557,14,30,OPEN
11,00:40:57,HANOVER QUAY,53.344115,-6.237153,29,40,OPEN
25,00:40:19,OLIVER BOND STREET,53.343893,-6.280531,5,30,OPEN
15,00:46:50,COLLINS BARRACKS MUSEUM,53.347477,-6.28525,23,38,OPEN
15,00:45:56,BROOKFIELD ROAD,53.339005,-6.300217,15,30,OPEN
0,00:40:26,BENSON STREET,53.344153,-6.233451,40,40,OPEN
0,00:43:06,EARLSFORT TERRACE,53.334295,-6.258503,30,30,OPEN
0,00:45:50,GOLDEN LANE,53.340803,-6.267732,20,20,OPEN
16,00:43:58,DEVERELL PLACE,53.351464,-6.255265,14,30,OPEN
6,00:40:03,WILTON TERRACE (PARK),53.333653,-6.248345,34,40,OPEN
5,00:46:41,JOHN STREET WEST,53.343105,-6.277167,26,31,OPEN
11,00:42:38,FENIAN STREET,53.341428,-6.24672,24,35,OPEN
7,00:46:02,MERRION SQUARE SOUTH,53.338614,-6.248606,33,40,OPEN
24,00:48:10,SOUTH DOCK ROAD,53.341833,-6.231291,6,30,OPEN
1,00:41:59,CITY QUAY,53.346637,-6.246154,29,30,OPEN
16,00:38:54,EXCHEQUER STREET,53.343034,-6.263578,8,24,OPEN
11,00:47:00,THE POINT,53.346867,-6.230852,29,40,OPEN
4,00:46:06,BROADSTONE,53.3547,-6.272314,26,30,OPEN
3,00:41:13,HATCH STREET,53.33403,-6.260714,33,36,OPEN
2,00:41:40,LIME STREET,53.346026,-6.243576,38,40,OPEN
1,00:46:41,CHARLEMONT PLACE,53.330662,-6.260177,39,40,OPEN
14,00:43:46,KILMAINHAM GAOL,53.342113,-6.310015,26,40,OPEN
2,00:42:19,HARDWICKE PLACE,53.357043,-6.263232,23,25,OPEN
29,00:46:58,WOLFE TONE STREET,53.348875,-6.267459,0,29,OPEN
10,00:45:50,FRANCIS STREET,53.342081,-6.275233,20,30,OPEN
20,00:42:21,GREEK STREET,53.346874,-6.272976,0,20,OPEN
8,00:45:23,GUILD STREET,53.347932,-6.240928,32,40,OPEN
13,00:48:18,HERBERT PLACE,53.334432,-6.245575,17,30,OPEN
4,00:47:13,HIGH STREET,53.343565,-6.275071,25,29,OPEN
12,00:46:31,NORTH CIRCULAR ROAD,53.359624,-6.260348,18,30,OPEN
3,00:43:52,WESTERN WAY,53.354929,-6.269425,37,40,OPEN
28,00:46:20,TALBOT STREET,53.350974,-6.25294,12,40,OPEN
6,00:38:55,NEWMAN HOUSE,53.337132,-6.26059,34,40,OPEN
30,00:44:05,SIR PATRICK DUN'S,53.339218,-6.240642,10,40,OPEN
13,00:48:26,NEW CENTRAL BANK,53.347122,-6.234749,27,40,OPEN
0,00:42:19,GRANGEGORMAN LOWER (CENTRAL),53.355173,-6.278424,40,40,OPEN
30,00:48:01,KING STREET NORTH,53.350291,-6.273507,0,30,OPEN
28,00:41:59,KILLARNEY STREET,53.354845,-6.247579,2,30,OPEN
7,00:46:05,HERBERT STREET,53.335742,-6.24551,33,40,OPEN
2,00:48:44,HANOVER QUAY EAST,53.343653,-6.231755,38,40,OPEN
5,00:46:11,CUSTOM HOUSE QUAY,53.347884,-6.248048,25,30,OPEN
9,00:48:24,MOLESWORTH STREET,53.341288,-6.258117,11,20,OPEN
19,00:44:42,GEORGES QUAY,53.347508,-6.252192,1,20,OPEN
9,00:39:14,KILMAINHAM LANE,53.341805,-6.305085,21,30,OPEN
4,00:40:17,MOUNT BROWN,53.341645,-6.29719,4,22,OPEN
15,00:42:19,MARKET STREET SOUTH,53.342296,-6.287661,23,38,OPEN
1,00:42:05,KEVIN STREET,53.337757,-6.267699,39,40,OPEN
0,00:39:32,ECCLES STREET EAST,53.358115,-6.265601,27,27,OPEN
27,00:45:03,GRAND CANAL DOCK,53.342638,-6.238695,13,40,OPEN
4,00:48:17,MERRION SQUARE EAST,53.339434,-6.246548,26,30,OPEN
26,00:41:55,YORK STREET WEST,53.339334,-6.264699,13,40,OPEN
8,00:47:26,ST. STEPHEN'S GREEN SOUTH,53.337494,-6.26199,22,30,OPEN
1,00:42:34,DENMARK STREET GREAT,53.35561,-6.261397,19,20,OPEN
6,00:48:30,ROYAL HOSPITAL,53.343897,-6.29706,33,40,OPEN
12,00:43:50,HEUSTON STATION (CAR PARK),53.346985,-6.297804,28,40,OPEN
4,00:43:12,GRANGEGORMAN LOWER (NORTH),53.355954,-6.278378,32,36,OPEN
13,00:46:04,ST. STEPHEN'S GREEN EAST,53.337824,-6.256035,27,40,OPEN
33,00:41:08,HEUSTON STATION (CENTRAL),53.346603,-6.296924,7,40,OPEN
11,00:46:02,TOWNSEND STREET,53.345922,-6.254614,7,20,OPEN
15,00:41:26,GEORGES LANE,53.35023,-6.279696,25,40,OPEN
1,00:47:19,PHIBSBOROUGH ROAD,53.356307,-6.273717,39,40,OPEN
2,00:45:42,ECCLES STREET,53.359246,-6.269779,18,20,OPEN
2,00:45:03,PORTOBELLO HARBOUR,53.330362,-6.265163,28,30,OPEN
0,00:44:13,MATER HOSPITAL,53.359967,-6.264828,40,40,OPEN
2,00:42:25,BLESSINGTON STREET,53.356769,-6.26814,18,20,OPEN
37,00:41:58,JAMES STREET,53.343456,-6.287409,3,40,OPEN
1,17:08:48,ORIEL STREET TEST TERMINAL,53.35463,-6.242615,0,1,OPEN
8,00:45:52,MOUNTJOY SQUARE EAST,53.356717,-6.256359,32,40,OPEN
19,00:44:02,MERRION SQUARE WEST,53.339764,-6.251988,1,20,OPEN
3,00:41:49,CONVENTION CENTRE,53.34744,-6.238523,37,40,OPEN
0,00:48:10,HARDWICKE STREET,53.355473,-6.264423,13,16,OPEN
35,00:48:21,PARKGATE STREET,53.347972,-6.291804,3,38,OPEN
15,00:45:47,SMITHFIELD,53.347692,-6.278214,14,30,OPEN
9,00:42:23,DAME STREET,53.344007,-6.266802,7,16,OPEN
6,00:47:19,HEUSTON BRIDGE (SOUTH),53.347106,-6.292041,19,25,OPEN
14,00:40:17,CATHAL BRUGHA STREET,53.352149,-6.260533,5,20,OPEN
17,00:42:21,SANDWITH STREET,53.345203,-6.247163,23,40,OPEN
26,00:40:48,BUCKINGHAM STREET LOWER,53.353331,-6.249319,3,29,OPEN
23,00:45:52,ROTHE ABBEY,53.338776,-6.30395,12,35,OPEN
17,00:38:47,CHARLEVILLE ROAD,53.359157,-6.281866,23,40,OPEN
19,00:45:07,PRINCES STREET / O'CONNELL STREET,53.349013,-6.260311,3,23,OPEN
5,00:40:03,UPPER SHERRARD STREET,53.358437,-6.260641,25,30,OPEN
3,00:40:27,FITZWILLIAM SQUARE EAST,53.335211,-6.2509,37,40,OPEN
8,00:43:54,GRATTAN STREET,53.339629,-6.243778,15,23,OPEN
19,00:45:53,ST JAMES HOSPITAL (LUAS),53.341359,-6.292951,21,40,OPEN
2,00:42:57,HARCOURT TERRACE,53.332763,-6.257942,18,20,OPEN
15,00:46:15,BOLTON STREET,53.351182,-6.269859,5,20,OPEN
18,00:38:57,JERVIS STREET,53.3483,-6.266651,1,21,OPEN
27,00:40:53,ORMOND QUAY UPPER,53.346057,-6.268001,2,29,OPEN
0,00:41:16,GRANGEGORMAN LOWER (SOUTH),53.354663,-6.278681,40,40,OPEN
4,00:47:13,MOUNTJOY SQUARE WEST,53.356299,-6.258586,26,30,OPEN
2,00:47:33,WILTON TERRACE,53.332383,-6.252717,18,20,OPEN
26,00:43:54,EMMET ROAD,53.340714,-6.308191,14,40,OPEN
38,00:41:51,HEUSTON BRIDGE (NORTH),53.347802,-6.292432,2,40,OPEN
27,00:40:41,LEINSTER STREET SOUTH,53.34218,-6.254485,3,30,OPEN
29,00:46:45,BLACKHALL PLACE,53.3488,-6.281637,1,30,OPEN
