available_bikes,last_update,name,position.lat,position.lng,available_bike_stands,bike_stands,status
29,06:00:00,SMITHFIELD NORTH,53.349562,-6.278198,1,30,OPEN
3,06:00:01,PARNELL SQUARE NORTH,53.3537415547453,-6.26530144781526,17,20,OPEN
3,05:59:59,CLONMEL STREET,53.336021,-6.26298,30,33,OPEN
12,06:00:02,AVONDALE ROAD,53.359405,-6.276142,23,35,OPEN
0,06:00:02,JAMES STREET EAST,53.336597,-6.248109,30,30,OPEN
19,06:00:01,MOUNT STREET LOWER,53.33796,-6.24153,21,40,OPEN
16,06:00:00,CHRISTCHURCH PLACE,53.343368,-6.27012,4,20,OPEN
8,06:00:02,GRANTHAM STREET,53.334123,-6.265436,22,30,OPEN
3,06:00:00,PEARSE STREET,53.344304,-6.250427,27,30,OPEN
5,06:00:01,YORK STREET EAST,53.338755,-6.262003,27,32,OPEN
24,06:00:01,EXCISE WALK,53.347777,-6.244239,16,40,OPEN
0,06:00:02,FITZWILLIAM SQUARE WEST,53.336074,-6.252825,30,30,OPEN
14,06:00:01,PORTOBELLO ROAD,53.330091,-6.268044,16,30,OPEN
1,06:00:00,PARNELL STREET,53.350929,-6.265125,19,20,OPEN
5,06:00:01,FREDERICK STREET SOUTH,53.341515,-6.256853,35,40,OPEN
23,06:00:01,FOWNES STREET UPPER,53.344603,-6.263371,7,30,OPEN
0,06:00:01,CLARENDON ROW,53.340927,-6.262501,31,31,OPEN
27,06:00:01,CUSTOM HOUSE,53.348279,-6.254662,2,30,OPEN
17,06:00:01,RATHDOWN ROAD,53.35893,-6.280337,23,40,OPEN
28,06:00:01,NORTH CIRCULAR ROAD (O'CONNELL'S),53.357841,-6.251557,2,30,OPEN
2,06:00:01,HANOVER QUAY,53.344115,-6.237153,38,40,OPEN
10,06:00:02,OLIVER BOND STREET,53.343893,-6.280531,20,30,OPEN
8,06:00:01,COLLINS BARRACKS MUSEUM,53.347477,-6.28525,30,38,OPEN
14,06:00:00,BROOKFIELD ROAD,53.339005,-6.300217,16,30,OPEN
12,06:00:01,BENSON STREET,53.344153,-6.233451,28,40,OPEN
1,06:00:01,EARLSFORT TERRACE,53.334295,-6.258503,29,30,OPEN
0,06:00:00,GOLDEN LANE,53.340803,-6.267732,20,20,OPEN
25,06:00:01,DEVERELL PLACE,53.351464,-6.255265,5,30,OPEN
8,06:00:02,WILTON TERRACE (PARK),53.333653,-6.248345,32,40,OPEN
14,05:59:59,JOHN STREET WEST,53.343105,-6.277167,17,31,OPEN
11,06:00:01,FENIAN STREET,53.341428,-6.24672,24,35,OPEN
2,06:00:01,MERRION SQUARE SOUTH,53.338614,-6.248606,38,40,OPEN
22,06:00:01,SOUTH DOCK ROAD,53.341833,-6.231291,8,30,OPEN
4,06:00:00,CITY QUAY,53.346637,-6.246154,26,30,OPEN
17,06:00:01,EXCHEQUER STREET,53.343034,-6.263578,7,24,OPEN
0,06:00:02,THE POINT,53.346867,-6.230852,0,40,OPEN
1,06:00:01,BROADSTONE,53.3547,-6.272314,29,30,OPEN
0,06:00:01,HATCH STREET,53.33403,-6.260714,36,36,OPEN
2,06:00:01,LIME STREET,53.346026,-6.243576,37,40,OPEN
34,06:00:01,CHARLEMONT PLACE,53.330662,-6.260177,6,40,OPEN
28,06:00:02,KILMAINHAM GAOL,53.342113,-6.310015,12,40,OPEN
9,06:00:00,HARDWICKE PLACE,53.357043,-6.263232,16,25,OPEN
7,06:00:00,WOLFE TONE STREET,53.348875,-6.267459,22,29,OPEN
11,06:00:01,GREEK STREET,53.346874,-6.272976,9,20,OPEN
39,06:00:01,GUILD STREET,53.347932,-6.240928,1,40,OPEN
3,06:00:02,HERBERT PLACE,53.334432,-6.245575,27,30,OPEN
5,06:00:01,HIGH STREET,53.343565,-6.275071,24,29,OPEN
20,06:00:02,NORTH CIRCULAR ROAD,53.359624,-6.260348,10,30,OPEN
18,06:00:02,WESTERN WAY,53.354929,-6.269425,22,40,OPEN
40,06:00:01,TALBOT STREET,53.350974,-6.25294,0,40,OPEN
7,06:00:02,NEWMAN HOUSE,53.337132,-6.26059,33,40,OPEN
0,06:00:02,SIR PATRICK DUN'S,53.339218,-6.240642,40,40,OPEN
0,06:00:00,NEW CENTRAL BANK,53.347122,-6.234749,0,40,OPEN
17,06:00:01,GRANGEGORMAN LOWER (CENTRAL),53.355173,-6.278424,23,40,OPEN
12,06:00:00,KING STREET NORTH,53.350291,-6.273507,18,30,OPEN
26,06:00:01,KILLARNEY STREET,53.354845,-6.247579,4,30,OPEN
19,06:00:02,HERBERT STREET,53.335742,-6.24551,21,40,OPEN
32,06:00:01,HANOVER QUAY EAST,53.343653,-6.231755,8,40,OPEN
5,06:00:00,CUSTOM HOUSE QUAY,53.347884,-6.248048,25,30,OPEN
9,06:00:01,MOLESWORTH STREET,53.341288,-6.258117,11,20,OPEN
14,06:00:01,GEORGES QUAY,53.347508,-6.252192,6,20,OPEN
5,06:00:01,KILMAINHAM LANE,53.341805,-6.305085,25,30,OPEN
5,06:00:01,MOUNT BROWN,53.341645,-6.29719,17,22,OPEN
19,06:00:00,MARKET STREET SOUTH,53.342296,-6.287661,19,38,OPEN
16,06:00:01,KEVIN STREET,53.337757,-6.267699,24,40,OPEN
0,06:00:02,ECCLES STREET EAST,53.358115,-6.265601,27,27,OPEN
5,06:00:00,GRAND CANAL DOCK,53.342638,-6.238695,35,40,OPEN
11,06:00:02,MERRION SQUARE EAST,53.339434,-6.246548,19,30,OPEN
4,06:00:01,YORK STREET WEST,53.339334,-6.264699,36,40,OPEN
3,06:00:01,ST. STEPHEN'S GREEN SOUTH,53.337494,-6.26199,27,30,OPEN
9,06:00:01,DENMARK STREET GREAT,53.35561,-6.261397,11,20,OPEN
16,06:00:00,ROYAL HOSPITAL,53.343897,-6.29706,24,40,OPEN
6,06:00:02,HEUSTON STATION (CAR PARK),53.346985,-6.297804,34,40,OPEN
21,06:00:00,GRANGEGORMAN LOWER (NORTH),53.355954,-6.278378,15,36,OPEN
12,06:00:01,ST. STEPHEN'S GREEN EAST,53.337824,-6.256035,28,40,OPEN
22,06:00:01,HEUSTON STATION (CENTRAL),53.346603,-6.296924,18,40,OPEN
17,06:00:01,TOWNSEND STREET,53.345922,-6.254614,2,20,OPEN
30,06:00:01,GEORGES LANE,53.35023,-6.279696,10,40,OPEN
32,06:00:02,PHIBSBOROUGH ROAD,53.356307,-6.273717,8,40,OPEN
13,06:00:00,ECCLES STREET,53.359246,-6.269779,7,20,OPEN
14,06:00:02,PORTOBELLO HARBOUR,53.330362,-6.265163,16,30,OPEN
11,06:00:00,MATER HOSPITAL,53.359967,-6.264828,29,40,OPEN
7,06:00:02,BLESSINGTON STREET,53.356769,-6.26814,13,20,OPEN
3,06:00:02,JAMES STREET,53.343456,-6.287409,37,40,OPEN
12,06:00:01,MOUNTJOY SQUARE EAST,53.356717,-6.256359,28,40,OPEN
12,06:00:00,MERRION SQUARE WEST,53.339764,-6.251988,8,20,OPEN
0,06:00:01,CONVENTION CENTRE,53.34744,-6.238523,0,40,OPEN
5,06:00:01,HARDWICKE STREET,53.355473,-6.264423,11,16,OPEN
38,06:00:01,PARKGATE STREET,53.347972,-6.291804,0,38,OPEN
29,06:00:01,SMITHFIELD,53.347692,-6.278214,0,30,OPEN
9,06:00:01,DAME STREET,53.344007,-6.266802,7,16,OPEN
21,06:00:01,HEUSTON BRIDGE (SOUTH),53.347106,-6.292041,4,25,OPEN
19,06:01:38,CATHAL BRUGHA STREET,53.352149,-6.260533,1,20,OPEN
6,06:00:01,SANDWITH STREET,53.345203,-6.247163,34,40,OPEN
23,06:00:01,BUCKINGHAM STREET LOWER,53.353331,-6.249319,6,29,OPEN
17,06:00:01,ROTHE ABBEY,53.338776,-6.30395,18,35,OPEN
20,06:00:01,CHARLEVILLE ROAD,53.359157,-6.281866,20,40,OPEN
16,06:00:01,PRINCES STREET / O'CONNELL STREET,53.349013,-6.260311,7,23,OPEN
23,06:00:00,UPPER SHERRARD STREET,53.358437,-6.260641,7,30,OPEN
0,06:00:01,FITZWILLIAM SQUARE EAST,53.335211,-6.2509,40,40,OPEN
11,06:00:01,GRATTAN STREET,53.339629,-6.243778,12,23,OPEN
10,06:00:02,ST JAMES HOSPITAL (LUAS),53.341359,-6.292951,30,40,OPEN
6,06:00:01,HARCOURT TERRACE,53.332763,-6.257942,13,20,OPEN
9,06:00:02,BOLTON STREET,53.351182,-6.269859,11,20,OPEN
2,05:59:59,JERVIS STREET,53.3483,-6.266651,19,21,OPEN
11,06:00:02,ORMOND QUAY UPPER,53.346057,-6.268001,18,29,OPEN
0,06:00:02,GRANGEGORMAN LOWER (SOUTH),53.354663,-6.278681,40,40,OPEN
10,06:00:01,MOUNTJOY SQUARE WEST,53.356299,-6.258586,20,30,OPEN
4,06:00:01,WILTON TERRACE,53.332383,-6.252717,16,20,OPEN
30,06:00:02,EMMET ROAD,53.340714,-6.308191,10,40,OPEN
28,06:00:00,HEUSTON BRIDGE (NORTH),53.347802,-6.292432,12,40,OPEN
2,06:00:01,LEINSTER STREET SOUTH,53.34218,-6.254485,28,30,OPEN
8,06:00:01,BLACKHALL PLACE,53.3488,-6.281637,22,30,OPEN
